file,replacement_count,details
src/main/java/net/shadowmage/ancientwarfare/automation/AWAutomationTab.java,6,import:net.minecraft.item.ItemStack->net.minecraft.world.item.ItemStack=1; import:net.minecraft.util.NonNullList->net.minecraft.core.NonNullList=1; import:net.minecraftforge.fml.relauncher.Side->net.minecraftforge.api.distmarker.Dist=1; import:net.minecraftforge.fml.relauncher.SideOnly->net.minecraftforge.api.distmarker.OnlyIn=1; type:Side->Dist=1; type:SideOnly->OnlyIn=1
src/main/java/net/shadowmage/ancientwarfare/automation/AncientWarfareAutomation.java,1,import:net.minecraftforge.fml.common.eventhandler.SubscribeEvent->net.minecraftforge.eventbus.api.SubscribeEvent=1
src/main/java/net/shadowmage/ancientwarfare/automation/AutomationInputHandler.java,7,import:net.minecraft.client.settings.KeyBinding->net.minecraft.client.KeyMapping=1; import:net.minecraftforge.fml.relauncher.Side->net.minecraftforge.api.distmarker.Dist=1; import:net.minecraftforge.fml.relauncher.SideOnly->net.minecraftforge.api.distmarker.OnlyIn=1; type:KeyBinding->KeyMapping=2; type:Side->Dist=1; type:SideOnly->OnlyIn=1
src/main/java/net/shadowmage/ancientwarfare/automation/block/BlockAutoCrafting.java,34,call:.isRemote->.isClientSide=1; import:net.minecraft.block.state.IBlockState->net.minecraft.world.level.block.state.BlockState=1; import:net.minecraft.entity.player.EntityPlayer->net.minecraft.world.entity.player.Player=1; import:net.minecraft.tileentity.TileEntity->net.minecraft.world.level.block.entity.BlockEntity=1; import:net.minecraft.util.EnumFacing->net.minecraft.core.Direction=1; import:net.minecraft.util.EnumHand->net.minecraft.world.InteractionHand=1; import:net.minecraft.util.math.BlockPos->net.minecraft.core.BlockPos=1; import:net.minecraft.world.IBlockAccess->net.minecraft.world.level.BlockGetter=1; import:net.minecraft.world.World->net.minecraft.world.level.Level=1; import:net.minecraftforge.fml.relauncher.Side->net.minecraftforge.api.distmarker.Dist=1; import:net.minecraftforge.fml.relauncher.SideOnly->net.minecraftforge.api.distmarker.OnlyIn=1; type:EntityPlayer->Player=1; type:EnumFacing->Direction=3; type:EnumHand->InteractionHand=1; type:IBlockAccess->BlockGetter=2; type:IBlockState->BlockState=11; type:Side->Dist=1; type:SideOnly->OnlyIn=1; type:TileEntity->BlockEntity=1; type:World->Level=2
src/main/java/net/shadowmage/ancientwarfare/automation/block/BlockBaseAutomation.java,9,import:net.minecraft.block.state.IBlockState->net.minecraft.world.level.block.state.BlockState=1; import:net.minecraft.util.ResourceLocation->net.minecraft.resources.ResourceLocation=1; import:net.minecraftforge.fml.relauncher.Side->net.minecraftforge.api.distmarker.Dist=1; import:net.minecraftforge.fml.relauncher.SideOnly->net.minecraftforge.api.distmarker.OnlyIn=1; type:IBlockState->BlockState=1; type:Side->Dist=2; type:SideOnly->OnlyIn=2
src/main/java/net/shadowmage/ancientwarfare/automation/block/BlockChunkLoaderDeluxe.java,10,import:net.minecraft.block.state.IBlockState->net.minecraft.world.level.block.state.BlockState=1; import:net.minecraft.tileentity.TileEntity->net.minecraft.world.level.block.entity.BlockEntity=1; import:net.minecraft.world.World->net.minecraft.world.level.Level=1; import:net.minecraftforge.fml.relauncher.Side->net.minecraftforge.api.distmarker.Dist=1; import:net.minecraftforge.fml.relauncher.SideOnly->net.minecraftforge.api.distmarker.OnlyIn=1; type:IBlockState->BlockState=1; type:Side->Dist=1; type:SideOnly->OnlyIn=1; type:TileEntity->BlockEntity=1; type:World->Level=1
src/main/java/net/shadowmage/ancientwarfare/automation/block/BlockChunkLoaderSimple.java,24,call:.isRemote->.isClientSide=1; import:net.minecraft.block.state.IBlockState->net.minecraft.world.level.block.state.BlockState=1; import:net.minecraft.entity.EntityLivingBase->net.minecraft.world.entity.LivingEntity=1; import:net.minecraft.entity.player.EntityPlayer->net.minecraft.world.entity.player.Player=1; import:net.minecraft.item.ItemStack->net.minecraft.world.item.ItemStack=1; import:net.minecraft.tileentity.TileEntity->net.minecraft.world.level.block.entity.BlockEntity=1; import:net.minecraft.util.EnumFacing->net.minecraft.core.Direction=1; import:net.minecraft.util.EnumHand->net.minecraft.world.InteractionHand=1; import:net.minecraft.util.math.BlockPos->net.minecraft.core.BlockPos=1; import:net.minecraft.world.World->net.minecraft.world.level.Level=1; type:EntityLivingBase->LivingEntity=1; type:EntityPlayer->Player=1; type:EnumFacing->Direction=1; type:EnumHand->InteractionHand=1; type:IBlockState->BlockState=5; type:TileEntity->BlockEntity=1; type:World->Level=4
src/main/java/net/shadowmage/ancientwarfare/automation/block/BlockFlywheelController.java,44,import:net.minecraft.block.state.IBlockState->net.minecraft.world.level.block.state.BlockState=1; import:net.minecraft.client.renderer.texture.TextureAtlasSprite->net.minecraft.client.renderer.texture.TextureAtlasSprite=1; import:net.minecraft.entity.EntityLivingBase->net.minecraft.world.entity.LivingEntity=1; import:net.minecraft.item.ItemStack->net.minecraft.world.item.ItemStack=1; import:net.minecraft.tileentity.TileEntity->net.minecraft.world.level.block.entity.BlockEntity=1; import:net.minecraft.util.EnumFacing->net.minecraft.core.Direction=1; import:net.minecraft.util.EnumHand->net.minecraft.world.InteractionHand=1; import:net.minecraft.util.NonNullList->net.minecraft.core.NonNullList=1; import:net.minecraft.util.math.BlockPos->net.minecraft.core.BlockPos=1; import:net.minecraft.world.IBlockAccess->net.minecraft.world.level.BlockGetter=1; import:net.minecraft.world.World->net.minecraft.world.level.Level=1; import:net.minecraftforge.fml.relauncher.Side->net.minecraftforge.api.distmarker.Dist=1; import:net.minecraftforge.fml.relauncher.SideOnly->net.minecraftforge.api.distmarker.OnlyIn=1; type:EntityLivingBase->LivingEntity=1; type:EnumFacing->Direction=2; type:EnumHand->InteractionHand=1; type:IBlockAccess->BlockGetter=2; type:IBlockState->BlockState=8; type:Side->Dist=7; type:SideOnly->OnlyIn=7; type:TileEntity->BlockEntity=1; type:World->Level=2
src/main/java/net/shadowmage/ancientwarfare/automation/block/BlockFlywheelStorage.java,48,import:net.minecraft.block.state.IBlockState->net.minecraft.world.level.block.state.BlockState=1; import:net.minecraft.client.renderer.texture.TextureAtlasSprite->net.minecraft.client.renderer.texture.TextureAtlasSprite=1; import:net.minecraft.entity.EntityLivingBase->net.minecraft.world.entity.LivingEntity=1; import:net.minecraft.item.Item->net.minecraft.world.item.Item=1; import:net.minecraft.item.ItemStack->net.minecraft.world.item.ItemStack=1; import:net.minecraft.tileentity.TileEntity->net.minecraft.world.level.block.entity.BlockEntity=1; import:net.minecraft.util.NonNullList->net.minecraft.core.NonNullList=1; import:net.minecraft.util.math.BlockPos->net.minecraft.core.BlockPos=1; import:net.minecraft.world.IBlockAccess->net.minecraft.world.level.BlockGetter=1; import:net.minecraft.world.World->net.minecraft.world.level.Level=1; import:net.minecraftforge.fml.relauncher.Side->net.minecraftforge.api.distmarker.Dist=1; import:net.minecraftforge.fml.relauncher.SideOnly->net.minecraftforge.api.distmarker.OnlyIn=1; type:EntityLivingBase->LivingEntity=1; type:IBlockAccess->BlockGetter=1; type:IBlockState->BlockState=15; type:Side->Dist=7; type:SideOnly->OnlyIn=7; type:TileEntity->BlockEntity=1; type:World->Level=4
src/main/java/net/shadowmage/ancientwarfare/automation/block/BlockHandCrankedGenerator.java,25,import:net.minecraft.block.state.IBlockState->net.minecraft.world.level.block.state.BlockState=1; import:net.minecraft.client.renderer.texture.TextureAtlasSprite->net.minecraft.client.renderer.texture.TextureAtlasSprite=1; import:net.minecraft.tileentity.TileEntity->net.minecraft.world.level.block.entity.BlockEntity=1; import:net.minecraft.util.math.BlockPos->net.minecraft.core.BlockPos=1; import:net.minecraft.world.IBlockAccess->net.minecraft.world.level.BlockGetter=1; import:net.minecraft.world.World->net.minecraft.world.level.Level=1; import:net.minecraftforge.fml.relauncher.Side->net.minecraftforge.api.distmarker.Dist=1; import:net.minecraftforge.fml.relauncher.SideOnly->net.minecraftforge.api.distmarker.OnlyIn=1; type:IBlockAccess->BlockGetter=1; type:IBlockState->BlockState=4; type:Side->Dist=5; type:SideOnly->OnlyIn=5; type:TileEntity->BlockEntity=1; type:World->Level=1
src/main/java/net/shadowmage/ancientwarfare/automation/block/BlockMailbox.java,34,call:.isRemote->.isClientSide=2; import:net.minecraft.block.state.IBlockState->net.minecraft.world.level.block.state.BlockState=1; import:net.minecraft.entity.EntityLivingBase->net.minecraft.world.entity.LivingEntity=1; import:net.minecraft.entity.player.EntityPlayer->net.minecraft.world.entity.player.Player=1; import:net.minecraft.tileentity.TileEntity->net.minecraft.world.level.block.entity.BlockEntity=1; import:net.minecraft.util.EnumFacing->net.minecraft.core.Direction=1; import:net.minecraft.util.EnumHand->net.minecraft.world.InteractionHand=1; import:net.minecraft.util.math.BlockPos->net.minecraft.core.BlockPos=1; import:net.minecraft.world.World->net.minecraft.world.level.Level=1; import:net.minecraftforge.fml.relauncher.Side->net.minecraftforge.api.distmarker.Dist=1; import:net.minecraftforge.fml.relauncher.SideOnly->net.minecraftforge.api.distmarker.OnlyIn=1; type:EntityLivingBase->LivingEntity=1; type:EntityPlayer->Player=1; type:EnumFacing->Direction=5; type:EnumHand->InteractionHand=1; type:IBlockState->BlockState=7; type:Side->Dist=1; type:SideOnly->OnlyIn=1; type:TileEntity->BlockEntity=1; type:World->Level=4
src/main/java/net/shadowmage/ancientwarfare/automation/block/BlockOreProcessor.java,18,import:net.minecraft.block.state.IBlockState->net.minecraft.world.level.block.state.BlockState=1; import:net.minecraft.tileentity.TileEntity->net.minecraft.world.level.block.entity.BlockEntity=1; import:net.minecraft.util.EnumFacing->net.minecraft.core.Direction=1; import:net.minecraft.util.math.BlockPos->net.minecraft.core.BlockPos=1; import:net.minecraft.world.IBlockAccess->net.minecraft.world.level.BlockGetter=1; import:net.minecraft.world.World->net.minecraft.world.level.Level=1; import:net.minecraftforge.fml.relauncher.Side->net.minecraftforge.api.distmarker.Dist=1; import:net.minecraftforge.fml.relauncher.SideOnly->net.minecraftforge.api.distmarker.OnlyIn=1; type:EnumFacing->Direction=1; type:IBlockAccess->BlockGetter=1; type:IBlockState->BlockState=4; type:Side->Dist=1; type:SideOnly->OnlyIn=1; type:TileEntity->BlockEntity=1; type:World->Level=1
src/main/java/net/shadowmage/ancientwarfare/automation/block/BlockStirlingGenerator.java,25,import:net.minecraft.block.state.IBlockState->net.minecraft.world.level.block.state.BlockState=1; import:net.minecraft.client.renderer.texture.TextureAtlasSprite->net.minecraft.client.renderer.texture.TextureAtlasSprite=1; import:net.minecraft.tileentity.TileEntity->net.minecraft.world.level.block.entity.BlockEntity=1; import:net.minecraft.util.math.BlockPos->net.minecraft.core.BlockPos=1; import:net.minecraft.world.IBlockAccess->net.minecraft.world.level.BlockGetter=1; import:net.minecraft.world.World->net.minecraft.world.level.Level=1; import:net.minecraftforge.fml.relauncher.Side->net.minecraftforge.api.distmarker.Dist=1; import:net.minecraftforge.fml.relauncher.SideOnly->net.minecraftforge.api.distmarker.OnlyIn=1; type:IBlockAccess->BlockGetter=1; type:IBlockState->BlockState=4; type:Side->Dist=5; type:SideOnly->OnlyIn=5; type:TileEntity->BlockEntity=1; type:World->Level=1
src/main/java/net/shadowmage/ancientwarfare/automation/block/BlockTorqueBase.java,47,call:.isRemote->.isClientSide=1; import:net.minecraft.block.Block->net.minecraft.world.level.block.Block=1; import:net.minecraft.block.state.IBlockState->net.minecraft.world.level.block.state.BlockState=1; import:net.minecraft.entity.player.EntityPlayer->net.minecraft.world.entity.player.Player=1; import:net.minecraft.util.EnumFacing->net.minecraft.core.Direction=1; import:net.minecraft.util.EnumHand->net.minecraft.world.InteractionHand=1; import:net.minecraft.util.math.BlockPos->net.minecraft.core.BlockPos=1; import:net.minecraft.world.IBlockAccess->net.minecraft.world.level.BlockGetter=1; import:net.minecraft.world.World->net.minecraft.world.level.Level=1; import:net.minecraftforge.fml.relauncher.Side->net.minecraftforge.api.distmarker.Dist=1; import:net.minecraftforge.fml.relauncher.SideOnly->net.minecraftforge.api.distmarker.OnlyIn=1; type:EntityPlayer->Player=1; type:EnumFacing->Direction=9; type:EnumHand->InteractionHand=1; type:IBlockAccess->BlockGetter=4; type:IBlockState->BlockState=13; type:Side->Dist=2; type:SideOnly->OnlyIn=2; type:World->Level=4
src/main/java/net/shadowmage/ancientwarfare/automation/block/BlockTorqueDistributor.java,29,import:net.minecraft.block.state.IBlockState->net.minecraft.world.level.block.state.BlockState=1; import:net.minecraft.client.renderer.texture.TextureAtlasSprite->net.minecraft.client.renderer.texture.TextureAtlasSprite=1; import:net.minecraft.tileentity.TileEntity->net.minecraft.world.level.block.entity.BlockEntity=1; import:net.minecraft.util.math.BlockPos->net.minecraft.core.BlockPos=1; import:net.minecraft.world.IBlockAccess->net.minecraft.world.level.BlockGetter=1; import:net.minecraft.world.World->net.minecraft.world.level.Level=1; import:net.minecraftforge.fml.relauncher.Side->net.minecraftforge.api.distmarker.Dist=1; import:net.minecraftforge.fml.relauncher.SideOnly->net.minecraftforge.api.distmarker.OnlyIn=1; type:IBlockAccess->BlockGetter=1; type:IBlockState->BlockState=4; type:Side->Dist=7; type:SideOnly->OnlyIn=7; type:TileEntity->BlockEntity=1; type:World->Level=1
src/main/java/net/shadowmage/ancientwarfare/automation/block/BlockTorqueJunction.java,29,import:net.minecraft.block.state.IBlockState->net.minecraft.world.level.block.state.BlockState=1; import:net.minecraft.client.renderer.texture.TextureAtlasSprite->net.minecraft.client.renderer.texture.TextureAtlasSprite=1; import:net.minecraft.tileentity.TileEntity->net.minecraft.world.level.block.entity.BlockEntity=1; import:net.minecraft.util.math.BlockPos->net.minecraft.core.BlockPos=1; import:net.minecraft.world.IBlockAccess->net.minecraft.world.level.BlockGetter=1; import:net.minecraft.world.World->net.minecraft.world.level.Level=1; import:net.minecraftforge.fml.relauncher.Side->net.minecraftforge.api.distmarker.Dist=1; import:net.minecraftforge.fml.relauncher.SideOnly->net.minecraftforge.api.distmarker.OnlyIn=1; type:IBlockAccess->BlockGetter=1; type:IBlockState->BlockState=4; type:Side->Dist=7; type:SideOnly->OnlyIn=7; type:TileEntity->BlockEntity=1; type:World->Level=1
src/main/java/net/shadowmage/ancientwarfare/automation/block/BlockTorqueTransport.java,21,import:net.minecraft.block.state.IBlockState->net.minecraft.world.level.block.state.BlockState=1; import:net.minecraft.entity.EntityLivingBase->net.minecraft.world.entity.LivingEntity=1; import:net.minecraft.item.ItemStack->net.minecraft.world.item.ItemStack=1; import:net.minecraft.util.EnumFacing->net.minecraft.core.Direction=1; import:net.minecraft.util.EnumHand->net.minecraft.world.InteractionHand=1; import:net.minecraft.util.NonNullList->net.minecraft.core.NonNullList=1; import:net.minecraft.util.math.AxisAlignedBB->net.minecraft.world.phys.AABB=1; import:net.minecraft.util.math.BlockPos->net.minecraft.core.BlockPos=1; import:net.minecraft.world.IBlockAccess->net.minecraft.world.level.BlockGetter=1; import:net.minecraft.world.World->net.minecraft.world.level.Level=1; type:AxisAlignedBB->AABB=2; type:EntityLivingBase->LivingEntity=1; type:EnumFacing->Direction=1; type:EnumHand->InteractionHand=1; type:IBlockAccess->BlockGetter=1; type:IBlockState->BlockState=4; type:World->Level=1
src/main/java/net/shadowmage/ancientwarfare/automation/block/BlockTorqueTransportShaft.java,39,import:net.minecraft.block.properties.PropertyBool->net.minecraft.world.level.block.state.properties.BooleanProperty=1; import:net.minecraft.block.state.IBlockState->net.minecraft.world.level.block.state.BlockState=1; import:net.minecraft.client.renderer.texture.TextureAtlasSprite->net.minecraft.client.renderer.texture.TextureAtlasSprite=1; import:net.minecraft.tileentity.TileEntity->net.minecraft.world.level.block.entity.BlockEntity=1; import:net.minecraft.util.EnumFacing->net.minecraft.core.Direction=1; import:net.minecraft.util.math.AxisAlignedBB->net.minecraft.world.phys.AABB=1; import:net.minecraft.util.math.BlockPos->net.minecraft.core.BlockPos=1; import:net.minecraft.world.IBlockAccess->net.minecraft.world.level.BlockGetter=1; import:net.minecraft.world.World->net.minecraft.world.level.Level=1; import:net.minecraftforge.fml.relauncher.Side->net.minecraftforge.api.distmarker.Dist=1; import:net.minecraftforge.fml.relauncher.SideOnly->net.minecraftforge.api.distmarker.OnlyIn=1; type:AxisAlignedBB->AABB=2; type:EnumFacing->Direction=1; type:IBlockAccess->BlockGetter=2; type:IBlockState->BlockState=5; type:PropertyBool->BooleanProperty=2; type:Side->Dist=7; type:SideOnly->OnlyIn=7; type:TileEntity->BlockEntity=1; type:World->Level=1
src/main/java/net/shadowmage/ancientwarfare/automation/block/BlockTorqueTransportSided.java,5,import:net.minecraft.block.properties.PropertyBool->net.minecraft.world.level.block.state.properties.BooleanProperty=1; import:net.minecraft.util.EnumFacing->net.minecraft.core.Direction=1; type:EnumFacing->Direction=2; type:PropertyBool->BooleanProperty=1
src/main/java/net/shadowmage/ancientwarfare/automation/block/BlockWarehouseCraftingStation.java,20,import:net.minecraft.block.state.IBlockState->net.minecraft.world.level.block.state.BlockState=1; import:net.minecraft.entity.player.EntityPlayer->net.minecraft.world.entity.player.Player=1; import:net.minecraft.tileentity.TileEntity->net.minecraft.world.level.block.entity.BlockEntity=1; import:net.minecraft.util.EnumFacing->net.minecraft.core.Direction=1; import:net.minecraft.util.EnumHand->net.minecraft.world.InteractionHand=1; import:net.minecraft.util.math.BlockPos->net.minecraft.core.BlockPos=1; import:net.minecraft.world.World->net.minecraft.world.level.Level=1; import:net.minecraftforge.fml.relauncher.Side->net.minecraftforge.api.distmarker.Dist=1; import:net.minecraftforge.fml.relauncher.SideOnly->net.minecraftforge.api.distmarker.OnlyIn=1; type:EntityPlayer->Player=1; type:EnumFacing->Direction=1; type:EnumHand->InteractionHand=1; type:IBlockState->BlockState=3; type:Side->Dist=1; type:SideOnly->OnlyIn=1; type:TileEntity->BlockEntity=1; type:World->Level=2
src/main/java/net/shadowmage/ancientwarfare/automation/block/BlockWarehouseInterface.java,20,import:net.minecraft.block.state.IBlockState->net.minecraft.world.level.block.state.BlockState=1; import:net.minecraft.entity.player.EntityPlayer->net.minecraft.world.entity.player.Player=1; import:net.minecraft.tileentity.TileEntity->net.minecraft.world.level.block.entity.BlockEntity=1; import:net.minecraft.util.EnumFacing->net.minecraft.core.Direction=1; import:net.minecraft.util.EnumHand->net.minecraft.world.InteractionHand=1; import:net.minecraft.util.math.BlockPos->net.minecraft.core.BlockPos=1; import:net.minecraft.world.World->net.minecraft.world.level.Level=1; import:net.minecraftforge.fml.relauncher.Side->net.minecraftforge.api.distmarker.Dist=1; import:net.minecraftforge.fml.relauncher.SideOnly->net.minecraftforge.api.distmarker.OnlyIn=1; type:EntityPlayer->Player=1; type:EnumFacing->Direction=1; type:EnumHand->InteractionHand=1; type:IBlockState->BlockState=3; type:Side->Dist=1; type:SideOnly->OnlyIn=1; type:TileEntity->BlockEntity=1; type:World->Level=2
src/main/java/net/shadowmage/ancientwarfare/automation/block/BlockWarehouseStockLinker.java,81,call:.getTagCompound()->.getTag()=2; call:.isRemote->.isClientSide=1; import:net.minecraft.block.properties.PropertyBool->net.minecraft.world.level.block.state.properties.BooleanProperty=1; import:net.minecraft.block.state.IBlockState->net.minecraft.world.level.block.state.BlockState=1; import:net.minecraft.entity.EntityLivingBase->net.minecraft.world.entity.LivingEntity=1; import:net.minecraft.entity.player.EntityPlayer->net.minecraft.world.entity.player.Player=1; import:net.minecraft.item.ItemStack->net.minecraft.world.item.ItemStack=1; import:net.minecraft.nbt.NBTTagCompound->net.minecraft.nbt.CompoundTag=1; import:net.minecraft.nbt.NBTUtil->net.minecraft.nbt.NbtUtils=1; import:net.minecraft.tileentity.TileEntity->net.minecraft.world.level.block.entity.BlockEntity=1; import:net.minecraft.util.EnumFacing->net.minecraft.core.Direction=1; import:net.minecraft.util.EnumHand->net.minecraft.world.InteractionHand=1; import:net.minecraft.util.math.AxisAlignedBB->net.minecraft.world.phys.AABB=1; import:net.minecraft.util.math.BlockPos->net.minecraft.core.BlockPos=1; import:net.minecraft.world.IBlockAccess->net.minecraft.world.level.BlockGetter=1; import:net.minecraft.world.World->net.minecraft.world.level.Level=1; import:net.minecraftforge.fml.relauncher.Side->net.minecraftforge.api.distmarker.Dist=1; import:net.minecraftforge.fml.relauncher.SideOnly->net.minecraftforge.api.distmarker.OnlyIn=1; type:AxisAlignedBB->AABB=7; type:EntityLivingBase->LivingEntity=2; type:EntityPlayer->Player=1; type:EnumFacing->Direction=10; type:EnumHand->InteractionHand=2; type:IBlockAccess->BlockGetter=6; type:IBlockState->BlockState=17; type:NBTTagCompound->CompoundTag=1; type:NBTUtil->NbtUtils=1; type:PropertyBool->BooleanProperty=2; type:Side->Dist=2; type:SideOnly->OnlyIn=2; type:TileEntity->BlockEntity=3; type:World->Level=6
src/main/java/net/shadowmage/ancientwarfare/automation/block/BlockWarehouseStockViewer.java,56,import:net.minecraft.block.state.IBlockState->net.minecraft.world.level.block.state.BlockState=1; import:net.minecraft.entity.EntityLivingBase->net.minecraft.world.entity.LivingEntity=1; import:net.minecraft.entity.player.EntityPlayer->net.minecraft.world.entity.player.Player=1; import:net.minecraft.tileentity.TileEntity->net.minecraft.world.level.block.entity.BlockEntity=1; import:net.minecraft.util.EnumFacing->net.minecraft.core.Direction=1; import:net.minecraft.util.EnumHand->net.minecraft.world.InteractionHand=1; import:net.minecraft.util.math.AxisAlignedBB->net.minecraft.world.phys.AABB=1; import:net.minecraft.util.math.BlockPos->net.minecraft.core.BlockPos=1; import:net.minecraft.world.IBlockAccess->net.minecraft.world.level.BlockGetter=1; import:net.minecraft.world.World->net.minecraft.world.level.Level=1; import:net.minecraftforge.fml.relauncher.Side->net.minecraftforge.api.distmarker.Dist=1; import:net.minecraftforge.fml.relauncher.SideOnly->net.minecraftforge.api.distmarker.OnlyIn=1; type:AxisAlignedBB->AABB=7; type:EntityLivingBase->LivingEntity=1; type:EntityPlayer->Player=1; type:EnumFacing->Direction=8; type:EnumHand->InteractionHand=2; type:IBlockAccess->BlockGetter=3; type:IBlockState->BlockState=13; type:Side->Dist=2; type:SideOnly->OnlyIn=2; type:TileEntity->BlockEntity=1; type:World->Level=4
src/main/java/net/shadowmage/ancientwarfare/automation/block/BlockWarehouseStorage.java,37,import:net.minecraft.block.properties.PropertyEnum->net.minecraft.world.level.block.state.properties.EnumProperty=1; import:net.minecraft.block.state.IBlockState->net.minecraft.world.level.block.state.BlockState=1; import:net.minecraft.entity.player.EntityPlayer->net.minecraft.world.entity.player.Player=1; import:net.minecraft.item.Item->net.minecraft.world.item.Item=1; import:net.minecraft.item.ItemStack->net.minecraft.world.item.ItemStack=1; import:net.minecraft.tileentity.TileEntity->net.minecraft.world.level.block.entity.BlockEntity=1; import:net.minecraft.util.EnumFacing->net.minecraft.core.Direction=1; import:net.minecraft.util.EnumHand->net.minecraft.world.InteractionHand=1; import:net.minecraft.util.IStringSerializable->net.minecraft.util.StringRepresentable=1; import:net.minecraft.util.NonNullList->net.minecraft.core.NonNullList=1; import:net.minecraft.util.ResourceLocation->net.minecraft.resources.ResourceLocation=1; import:net.minecraft.util.math.BlockPos->net.minecraft.core.BlockPos=1; import:net.minecraft.world.World->net.minecraft.world.level.Level=1; import:net.minecraftforge.fml.relauncher.Side->net.minecraftforge.api.distmarker.Dist=1; import:net.minecraftforge.fml.relauncher.SideOnly->net.minecraftforge.api.distmarker.OnlyIn=1; type:EntityPlayer->Player=1; type:EnumFacing->Direction=1; type:EnumHand->InteractionHand=1; type:IBlockState->BlockState=8; type:IStringSerializable->StringRepresentable=1; type:PropertyEnum->EnumProperty=2; type:Side->Dist=2; type:SideOnly->OnlyIn=2; type:TileEntity->BlockEntity=1; type:World->Level=3
src/main/java/net/shadowmage/ancientwarfare/automation/block/BlockWaterwheelGenerator.java,28,import:net.minecraft.block.properties.PropertyBool->net.minecraft.world.level.block.state.properties.BooleanProperty=1; import:net.minecraft.block.state.IBlockState->net.minecraft.world.level.block.state.BlockState=1; import:net.minecraft.client.renderer.texture.TextureAtlasSprite->net.minecraft.client.renderer.texture.TextureAtlasSprite=1; import:net.minecraft.tileentity.TileEntity->net.minecraft.world.level.block.entity.BlockEntity=1; import:net.minecraft.util.math.BlockPos->net.minecraft.core.BlockPos=1; import:net.minecraft.world.IBlockAccess->net.minecraft.world.level.BlockGetter=1; import:net.minecraft.world.World->net.minecraft.world.level.Level=1; import:net.minecraftforge.fml.relauncher.Side->net.minecraftforge.api.distmarker.Dist=1; import:net.minecraftforge.fml.relauncher.SideOnly->net.minecraftforge.api.distmarker.OnlyIn=1; type:IBlockAccess->BlockGetter=1; type:IBlockState->BlockState=4; type:PropertyBool->BooleanProperty=2; type:Side->Dist=5; type:SideOnly->OnlyIn=5; type:TileEntity->BlockEntity=1; type:World->Level=1
src/main/java/net/shadowmage/ancientwarfare/automation/block/BlockWindmillBlade.java,51,import:net.minecraft.block.properties.PropertyBool->net.minecraft.world.level.block.state.properties.BooleanProperty=1; import:net.minecraft.block.state.IBlockState->net.minecraft.world.level.block.state.BlockState=1; import:net.minecraft.client.renderer.texture.TextureAtlasSprite->net.minecraft.client.renderer.texture.TextureAtlasSprite=1; import:net.minecraft.entity.EntityLivingBase->net.minecraft.world.entity.LivingEntity=1; import:net.minecraft.item.ItemStack->net.minecraft.world.item.ItemStack=1; import:net.minecraft.tileentity.TileEntity->net.minecraft.world.level.block.entity.BlockEntity=1; import:net.minecraft.util.EnumFacing->net.minecraft.core.Direction=1; import:net.minecraft.util.math.BlockPos->net.minecraft.core.BlockPos=1; import:net.minecraft.world.IBlockAccess->net.minecraft.world.level.BlockGetter=1; import:net.minecraft.world.World->net.minecraft.world.level.Level=1; import:net.minecraftforge.fml.relauncher.Side->net.minecraftforge.api.distmarker.Dist=1; import:net.minecraftforge.fml.relauncher.SideOnly->net.minecraftforge.api.distmarker.OnlyIn=1; type:EntityLivingBase->LivingEntity=1; type:EnumFacing->Direction=4; type:IBlockAccess->BlockGetter=5; type:IBlockState->BlockState=13; type:PropertyBool->BooleanProperty=1; type:Side->Dist=5; type:SideOnly->OnlyIn=5; type:TileEntity->BlockEntity=1; type:World->Level=4
src/main/java/net/shadowmage/ancientwarfare/automation/block/BlockWindmillGenerator.java,25,import:net.minecraft.block.state.IBlockState->net.minecraft.world.level.block.state.BlockState=1; import:net.minecraft.client.renderer.texture.TextureAtlasSprite->net.minecraft.client.renderer.texture.TextureAtlasSprite=1; import:net.minecraft.tileentity.TileEntity->net.minecraft.world.level.block.entity.BlockEntity=1; import:net.minecraft.util.math.BlockPos->net.minecraft.core.BlockPos=1; import:net.minecraft.world.IBlockAccess->net.minecraft.world.level.BlockGetter=1; import:net.minecraft.world.World->net.minecraft.world.level.Level=1; import:net.minecraftforge.fml.relauncher.Side->net.minecraftforge.api.distmarker.Dist=1; import:net.minecraftforge.fml.relauncher.SideOnly->net.minecraftforge.api.distmarker.OnlyIn=1; type:IBlockAccess->BlockGetter=1; type:IBlockState->BlockState=4; type:Side->Dist=5; type:SideOnly->OnlyIn=5; type:TileEntity->BlockEntity=1; type:World->Level=1
src/main/java/net/shadowmage/ancientwarfare/automation/block/BlockWorksiteBase.java,43,call:.isRemote->.isClientSide=1; import:net.minecraft.block.properties.PropertyBool->net.minecraft.world.level.block.state.properties.BooleanProperty=1; import:net.minecraft.block.state.IBlockState->net.minecraft.world.level.block.state.BlockState=1; import:net.minecraft.entity.player.EntityPlayer->net.minecraft.world.entity.player.Player=1; import:net.minecraft.tileentity.TileEntity->net.minecraft.world.level.block.entity.BlockEntity=1; import:net.minecraft.util.EnumFacing->net.minecraft.core.Direction=1; import:net.minecraft.util.EnumHand->net.minecraft.world.InteractionHand=1; import:net.minecraft.util.math.BlockPos->net.minecraft.core.BlockPos=1; import:net.minecraft.world.IBlockAccess->net.minecraft.world.level.BlockGetter=1; import:net.minecraft.world.World->net.minecraft.world.level.Level=1; type:EntityPlayer->Player=1; type:EnumFacing->Direction=12; type:EnumHand->InteractionHand=1; type:IBlockAccess->BlockGetter=3; type:IBlockState->BlockState=6; type:PropertyBool->BooleanProperty=2; type:TileEntity->BlockEntity=4; type:World->Level=4
src/main/java/net/shadowmage/ancientwarfare/automation/block/TorqueTier.java,2,import:net.minecraft.util.IStringSerializable->net.minecraft.util.StringRepresentable=1; type:IStringSerializable->StringRepresentable=1
src/main/java/net/shadowmage/ancientwarfare/automation/chunkloader/AWChunkLoader.java,3,import:net.minecraft.util.math.BlockPos->net.minecraft.core.BlockPos=1; import:net.minecraft.world.World->net.minecraft.world.level.Level=1; type:World->Level=1
src/main/java/net/shadowmage/ancientwarfare/automation/command/CommandWarehouse.java,1,import:net.minecraft.util.math.BlockPos->net.minecraft.core.BlockPos=1
src/main/java/net/shadowmage/ancientwarfare/automation/compat/agricraft/CropAgricraftCrop.java,12,import:net.minecraft.block.state.IBlockState->net.minecraft.world.level.block.state.BlockState=1; import:net.minecraft.item.ItemStack->net.minecraft.world.item.ItemStack=1; import:net.minecraft.util.NonNullList->net.minecraft.core.NonNullList=1; import:net.minecraft.util.math.BlockPos->net.minecraft.core.BlockPos=1; import:net.minecraft.world.World->net.minecraft.world.level.Level=1; type:IBlockState->BlockState=4; type:World->Level=3
src/main/java/net/shadowmage/ancientwarfare/automation/container/ContainerChunkLoaderDeluxe.java,18,call:.isRemote->.isClientSide=1; import:net.minecraft.entity.player.EntityPlayer->net.minecraft.world.entity.player.Player=1; import:net.minecraft.nbt.NBTTagCompound->net.minecraft.nbt.CompoundTag=1; import:net.minecraft.nbt.NBTTagList->net.minecraft.nbt.ListTag=1; import:net.minecraft.util.math.ChunkPos->net.minecraft.world.level.ChunkPos=1; type:EntityPlayer->Player=2; type:NBTTagCompound->CompoundTag=8; type:NBTTagList->ListTag=3
src/main/java/net/shadowmage/ancientwarfare/automation/container/ContainerMailbox.java,59,call:.isRemote->.isClientSide=1; import:net.minecraft.entity.player.EntityPlayer->net.minecraft.world.entity.player.Player=1; import:net.minecraft.inventory.Slot->net.minecraft.world.inventory.Slot=1; import:net.minecraft.item.ItemStack->net.minecraft.world.item.ItemStack=1; import:net.minecraft.nbt.NBTTagCompound->net.minecraft.nbt.CompoundTag=1; import:net.minecraft.nbt.NBTTagList->net.minecraft.nbt.ListTag=1; import:net.minecraft.nbt.NBTTagString->net.minecraft.nbt.StringTag=1; import:net.minecraft.util.EnumFacing->net.minecraft.core.Direction=1; type:EntityPlayer->Player=2; type:EnumFacing->Direction=7; type:NBTTagCompound->CompoundTag=29; type:NBTTagList->ListTag=9; type:NBTTagString->StringTag=4
src/main/java/net/shadowmage/ancientwarfare/automation/container/ContainerStirlingGenerator.java,5,import:net.minecraft.entity.player.EntityPlayer->net.minecraft.world.entity.player.Player=1; import:net.minecraft.inventory.Slot->net.minecraft.world.inventory.Slot=1; import:net.minecraft.item.ItemStack->net.minecraft.world.item.ItemStack=1; type:EntityPlayer->Player=2
src/main/java/net/shadowmage/ancientwarfare/automation/container/ContainerWarehouseControl.java,29,call:.isRemote->.isClientSide=1; import:net.minecraft.entity.player.EntityPlayer->net.minecraft.world.entity.player.Player=1; import:net.minecraft.inventory.Slot->net.minecraft.world.inventory.Slot=1; import:net.minecraft.item.ItemStack->net.minecraft.world.item.ItemStack=1; import:net.minecraft.nbt.NBTTagCompound->net.minecraft.nbt.CompoundTag=1; import:net.minecraft.nbt.NBTTagList->net.minecraft.nbt.ListTag=1; type:EntityPlayer->Player=3; type:NBTTagCompound->CompoundTag=17; type:NBTTagList->ListTag=3
src/main/java/net/shadowmage/ancientwarfare/automation/container/ContainerWarehouseCraftingStation.java,23,import:net.minecraft.entity.player.EntityPlayer->net.minecraft.world.entity.player.Player=1; import:net.minecraft.inventory.Slot->net.minecraft.world.inventory.Slot=1; import:net.minecraft.item.ItemStack->net.minecraft.world.item.ItemStack=1; import:net.minecraft.nbt.NBTTagCompound->net.minecraft.nbt.CompoundTag=1; import:net.minecraft.nbt.NBTTagList->net.minecraft.nbt.ListTag=1; import:net.minecraft.util.NonNullList->net.minecraft.core.NonNullList=1; import:net.minecraftforge.fml.relauncher.Side->net.minecraftforge.api.distmarker.Dist=1; import:net.minecraftforge.fml.relauncher.SideOnly->net.minecraftforge.api.distmarker.OnlyIn=1; type:EntityPlayer->Player=6; type:NBTTagCompound->CompoundTag=4; type:NBTTagList->ListTag=3; type:Side->Dist=1; type:SideOnly->OnlyIn=1
src/main/java/net/shadowmage/ancientwarfare/automation/container/ContainerWarehouseInterface.java,9,call:.isRemote->.isClientSide=1; import:net.minecraft.entity.player.EntityPlayer->net.minecraft.world.entity.player.Player=1; import:net.minecraft.nbt.NBTTagCompound->net.minecraft.nbt.CompoundTag=1; type:EntityPlayer->Player=2; type:NBTTagCompound->CompoundTag=4
src/main/java/net/shadowmage/ancientwarfare/automation/container/ContainerWarehouseStockLinker.java,9,import:net.minecraft.entity.player.EntityPlayer->net.minecraft.world.entity.player.Player=1; import:net.minecraft.nbt.NBTTagCompound->net.minecraft.nbt.CompoundTag=1; type:EntityPlayer->Player=2; type:NBTTagCompound->CompoundTag=5
src/main/java/net/shadowmage/ancientwarfare/automation/container/ContainerWarehouseStockViewer.java,7,import:net.minecraft.entity.player.EntityPlayer->net.minecraft.world.entity.player.Player=1; import:net.minecraft.nbt.NBTTagCompound->net.minecraft.nbt.CompoundTag=1; type:EntityPlayer->Player=2; type:NBTTagCompound->CompoundTag=3
src/main/java/net/shadowmage/ancientwarfare/automation/container/ContainerWarehouseStorage.java,27,call:.isRemote->.isClientSide=2; import:net.minecraft.entity.player.EntityPlayer->net.minecraft.world.entity.player.Player=1; import:net.minecraft.inventory.Slot->net.minecraft.world.inventory.Slot=1; import:net.minecraft.item.ItemStack->net.minecraft.world.item.ItemStack=1; import:net.minecraft.nbt.NBTTagCompound->net.minecraft.nbt.CompoundTag=1; import:net.minecraft.nbt.NBTTagList->net.minecraft.nbt.ListTag=1; type:EntityPlayer->Player=3; type:NBTTagCompound->CompoundTag=14; type:NBTTagList->ListTag=3
src/main/java/net/shadowmage/ancientwarfare/automation/container/ContainerWorksiteAnimalControl.java,10,call:.isRemote->.isClientSide=1; call:.markDirty()->.setChanged()=1; import:net.minecraft.entity.player.EntityPlayer->net.minecraft.world.entity.player.Player=1; import:net.minecraft.nbt.NBTTagCompound->net.minecraft.nbt.CompoundTag=1; type:EntityPlayer->Player=1; type:NBTTagCompound->CompoundTag=5
src/main/java/net/shadowmage/ancientwarfare/automation/container/ContainerWorksiteAnimalFarm.java,2,import:net.minecraft.entity.player.EntityPlayer->net.minecraft.world.entity.player.Player=1; type:EntityPlayer->Player=1
src/main/java/net/shadowmage/ancientwarfare/automation/container/ContainerWorksiteAutoCrafting.java,15,call:.isRemote->.isClientSide=1; import:net.minecraft.entity.player.EntityPlayer->net.minecraft.world.entity.player.Player=1; import:net.minecraft.inventory.Slot->net.minecraft.world.inventory.Slot=1; import:net.minecraft.item.ItemStack->net.minecraft.world.item.ItemStack=1; import:net.minecraft.nbt.NBTTagCompound->net.minecraft.nbt.CompoundTag=1; import:net.minecraft.util.NonNullList->net.minecraft.core.NonNullList=1; import:net.minecraftforge.fml.relauncher.Side->net.minecraftforge.api.distmarker.Dist=1; import:net.minecraftforge.fml.relauncher.SideOnly->net.minecraftforge.api.distmarker.OnlyIn=1; type:EntityPlayer->Player=2; type:NBTTagCompound->CompoundTag=3; type:Side->Dist=1; type:SideOnly->OnlyIn=1
src/main/java/net/shadowmage/ancientwarfare/automation/container/ContainerWorksiteBase.java,5,import:net.minecraft.entity.player.EntityPlayer->net.minecraft.world.entity.player.Player=1; import:net.minecraft.inventory.Slot->net.minecraft.world.inventory.Slot=1; import:net.minecraft.item.ItemStack->net.minecraft.world.item.ItemStack=1; type:EntityPlayer->Player=2
src/main/java/net/shadowmage/ancientwarfare/automation/container/ContainerWorksiteBoundsAdjust.java,9,import:net.minecraft.entity.player.EntityPlayer->net.minecraft.world.entity.player.Player=1; import:net.minecraft.nbt.NBTTagCompound->net.minecraft.nbt.CompoundTag=1; import:net.minecraft.util.math.BlockPos->net.minecraft.core.BlockPos=1; type:EntityPlayer->Player=1; type:NBTTagCompound->CompoundTag=5
src/main/java/net/shadowmage/ancientwarfare/automation/container/ContainerWorksiteCropFarm.java,2,import:net.minecraft.entity.player.EntityPlayer->net.minecraft.world.entity.player.Player=1; type:EntityPlayer->Player=1
src/main/java/net/shadowmage/ancientwarfare/automation/container/ContainerWorksiteFishControl.java,8,import:net.minecraft.entity.player.EntityPlayer->net.minecraft.world.entity.player.Player=1; import:net.minecraft.nbt.NBTTagCompound->net.minecraft.nbt.CompoundTag=1; type:EntityPlayer->Player=1; type:NBTTagCompound->CompoundTag=5
src/main/java/net/shadowmage/ancientwarfare/automation/container/ContainerWorksiteFishFarm.java,2,import:net.minecraft.entity.player.EntityPlayer->net.minecraft.world.entity.player.Player=1; type:EntityPlayer->Player=1
src/main/java/net/shadowmage/ancientwarfare/automation/container/ContainerWorksiteFruitFarm.java,2,import:net.minecraft.entity.player.EntityPlayer->net.minecraft.world.entity.player.Player=1; type:EntityPlayer->Player=1
src/main/java/net/shadowmage/ancientwarfare/automation/container/ContainerWorksiteInventorySideSelection.java,22,call:.isRemote->.isClientSide=1; import:net.minecraft.entity.player.EntityPlayer->net.minecraft.world.entity.player.Player=1; import:net.minecraft.nbt.NBTTagCompound->net.minecraft.nbt.CompoundTag=1; type:EntityPlayer->Player=1; type:NBTTagCompound->CompoundTag=18
src/main/java/net/shadowmage/ancientwarfare/automation/container/ContainerWorksiteQuarry.java,2,import:net.minecraft.entity.player.EntityPlayer->net.minecraft.world.entity.player.Player=1; type:EntityPlayer->Player=1
src/main/java/net/shadowmage/ancientwarfare/automation/container/ContainerWorksiteQuarryBounds.java,13,call:.isRemote->.isClientSide=1; call:.markDirty()->.setChanged()=1; import:net.minecraft.entity.player.EntityPlayer->net.minecraft.world.entity.player.Player=1; import:net.minecraft.nbt.NBTTagCompound->net.minecraft.nbt.CompoundTag=1; import:net.minecraft.util.math.BlockPos->net.minecraft.core.BlockPos=1; type:EntityPlayer->Player=1; type:NBTTagCompound->CompoundTag=7
src/main/java/net/shadowmage/ancientwarfare/automation/container/ContainerWorksiteTreeFarm.java,2,import:net.minecraft.entity.player.EntityPlayer->net.minecraft.world.entity.player.Player=1; type:EntityPlayer->Player=1
src/main/java/net/shadowmage/ancientwarfare/automation/datafixes/ItemMapDataWalker.java,13,import:net.minecraft.nbt.NBTTagCompound->net.minecraft.nbt.CompoundTag=1; import:net.minecraft.nbt.NBTTagList->net.minecraft.nbt.ListTag=1; import:net.minecraft.tileentity.TileEntity->net.minecraft.world.level.block.entity.BlockEntity=1; import:net.minecraft.util.ResourceLocation->net.minecraft.resources.ResourceLocation=1; type:NBTTagCompound->CompoundTag=5; type:NBTTagList->ListTag=2; type:TileEntity->BlockEntity=2
src/main/java/net/shadowmage/ancientwarfare/automation/gamedata/MailboxData.java,41,import:net.minecraft.item.ItemStack->net.minecraft.world.item.ItemStack=1; import:net.minecraft.nbt.NBTTagCompound->net.minecraft.nbt.CompoundTag=1; import:net.minecraft.nbt.NBTTagList->net.minecraft.nbt.ListTag=1; import:net.minecraft.util.math.BlockPos->net.minecraft.core.BlockPos=1; import:net.minecraft.world.World->net.minecraft.world.level.Level=1; import:net.minecraft.world.storage.WorldSavedData->net.minecraft.world.level.saveddata.SavedData=1; import:net.minecraftforge.fml.common.eventhandler.SubscribeEvent->net.minecraftforge.eventbus.api.SubscribeEvent=1; import:net.minecraftforge.fml.common.gameevent.TickEvent->net.minecraftforge.event.TickEvent=1; type:NBTTagCompound->CompoundTag=21; type:NBTTagList->ListTag=9; type:World->Level=3
src/main/java/net/shadowmage/ancientwarfare/automation/gui/GuiChunkLoaderDeluxe.java,1,import:net.minecraft.util.math.ChunkPos->net.minecraft.world.level.ChunkPos=1
src/main/java/net/shadowmage/ancientwarfare/automation/gui/GuiMailboxInventorySideSetup.java,2,import:net.minecraft.util.EnumFacing->net.minecraft.core.Direction=1; type:EnumFacing->Direction=1
src/main/java/net/shadowmage/ancientwarfare/automation/gui/GuiStirlingGenerator.java,1,import:net.minecraft.client.resources.I18n->net.minecraft.client.resources.language.I18n=1
src/main/java/net/shadowmage/ancientwarfare/automation/gui/GuiWarehouseControl.java,3,import:net.minecraft.client.resources.I18n->net.minecraft.client.resources.language.I18n=1; import:net.minecraft.item.ItemStack->net.minecraft.world.item.ItemStack=1; import:net.minecraft.util.ResourceLocation->net.minecraft.resources.ResourceLocation=1
src/main/java/net/shadowmage/ancientwarfare/automation/gui/GuiWarehouseInterface.java,1,import:net.minecraft.item.ItemStack->net.minecraft.world.item.ItemStack=1
src/main/java/net/shadowmage/ancientwarfare/automation/gui/GuiWarehouseStockLinker.java,1,import:net.minecraft.item.ItemStack->net.minecraft.world.item.ItemStack=1
src/main/java/net/shadowmage/ancientwarfare/automation/gui/GuiWarehouseStockViewer.java,1,import:net.minecraft.item.ItemStack->net.minecraft.world.item.ItemStack=1
src/main/java/net/shadowmage/ancientwarfare/automation/gui/GuiWarehouseStorage.java,2,import:net.minecraft.item.ItemStack->net.minecraft.world.item.ItemStack=1; import:net.minecraft.util.NonNullList->net.minecraft.core.NonNullList=1
src/main/java/net/shadowmage/ancientwarfare/automation/gui/GuiWorksiteBoundsAdjust.java,19,import:net.minecraft.nbt.NBTTagCompound->net.minecraft.nbt.CompoundTag=1; import:net.minecraft.util.EnumFacing->net.minecraft.core.Direction=1; type:EnumFacing->Direction=16; type:NBTTagCompound->CompoundTag=1
src/main/java/net/shadowmage/ancientwarfare/automation/gui/GuiWorksiteInventorySideSelection.java,2,import:net.minecraft.util.EnumFacing->net.minecraft.core.Direction=1; type:EnumFacing->Direction=1
src/main/java/net/shadowmage/ancientwarfare/automation/init/AWAutomationBlocks.java,12,import:net.minecraft.block.Block->net.minecraft.world.level.block.Block=1; import:net.minecraft.item.Item->net.minecraft.world.item.Item=1; import:net.minecraft.item.ItemBlock->net.minecraft.world.item.BlockItem=1; import:net.minecraft.tileentity.TileEntity->net.minecraft.world.level.block.entity.BlockEntity=1; import:net.minecraft.util.ResourceLocation->net.minecraft.resources.ResourceLocation=1; import:net.minecraftforge.fml.common.eventhandler.SubscribeEvent->net.minecraftforge.eventbus.api.SubscribeEvent=1; type:ItemBlock->BlockItem=5; type:TileEntity->BlockEntity=1
src/main/java/net/shadowmage/ancientwarfare/automation/init/AWAutomationItems.java,2,import:net.minecraft.item.Item->net.minecraft.world.item.Item=1; import:net.minecraftforge.fml.common.eventhandler.SubscribeEvent->net.minecraftforge.eventbus.api.SubscribeEvent=1
src/main/java/net/shadowmage/ancientwarfare/automation/item/ItemBlockTorqueTile.java,13,call:.getItemDamage()->.getDamageValue()=1; import:net.minecraft.block.Block->net.minecraft.world.level.block.Block=1; import:net.minecraft.block.state.IBlockState->net.minecraft.world.level.block.state.BlockState=1; import:net.minecraft.entity.player.EntityPlayer->net.minecraft.world.entity.player.Player=1; import:net.minecraft.item.ItemStack->net.minecraft.world.item.ItemStack=1; import:net.minecraft.util.EnumFacing->net.minecraft.core.Direction=1; import:net.minecraft.util.NonNullList->net.minecraft.core.NonNullList=1; import:net.minecraft.util.math.BlockPos->net.minecraft.core.BlockPos=1; import:net.minecraft.world.World->net.minecraft.world.level.Level=1; type:EntityPlayer->Player=1; type:EnumFacing->Direction=1; type:IBlockState->BlockState=1; type:World->Level=1
src/main/java/net/shadowmage/ancientwarfare/automation/item/ItemBlockWarehouseStockLinker.java,33,call:.getTagCompound()->.getTag()=1; call:.hasTagCompound()->.hasTag()=1; call:.isRemote->.isClientSide=2; import:net.minecraft.client.resources.I18n->net.minecraft.client.resources.language.I18n=1; import:net.minecraft.client.util.ITooltipFlag->net.minecraft.world.item.TooltipFlag=1; import:net.minecraft.entity.player.EntityPlayer->net.minecraft.world.entity.player.Player=1; import:net.minecraft.item.ItemStack->net.minecraft.world.item.ItemStack=1; import:net.minecraft.nbt.NBTUtil->net.minecraft.nbt.NbtUtils=1; import:net.minecraft.util.EnumActionResult->net.minecraft.world.InteractionResult=1; import:net.minecraft.util.EnumFacing->net.minecraft.core.Direction=1; import:net.minecraft.util.EnumHand->net.minecraft.world.InteractionHand=1; import:net.minecraft.util.math.BlockPos->net.minecraft.core.BlockPos=1; import:net.minecraft.util.math.RayTraceResult->net.minecraft.world.phys.HitResult=1; import:net.minecraft.world.World->net.minecraft.world.level.Level=1; import:net.minecraftforge.fml.relauncher.Side->net.minecraftforge.api.distmarker.Dist=1; import:net.minecraftforge.fml.relauncher.SideOnly->net.minecraftforge.api.distmarker.OnlyIn=1; type:EntityPlayer->Player=2; type:EnumActionResult->InteractionResult=3; type:EnumFacing->Direction=1; type:EnumHand->InteractionHand=1; type:ITooltipFlag->TooltipFlag=1; type:NBTUtil->NbtUtils=2; type:RayTraceResult->HitResult=2; type:Side->Dist=1; type:SideOnly->OnlyIn=1; type:World->Level=2
src/main/java/net/shadowmage/ancientwarfare/automation/item/ItemBlockWarehouseStorage.java,3,call:.getItemDamage()->.getDamageValue()=1; import:net.minecraft.block.Block->net.minecraft.world.level.block.Block=1; import:net.minecraft.item.ItemStack->net.minecraft.world.item.ItemStack=1
src/main/java/net/shadowmage/ancientwarfare/automation/item/ItemBlockWorksiteStatic.java,15,import:net.minecraft.block.Block->net.minecraft.world.level.block.Block=1; import:net.minecraft.block.state.IBlockState->net.minecraft.world.level.block.state.BlockState=1; import:net.minecraft.entity.player.EntityPlayer->net.minecraft.world.entity.player.Player=1; import:net.minecraft.item.ItemStack->net.minecraft.world.item.ItemStack=1; import:net.minecraft.tileentity.TileEntity->net.minecraft.world.level.block.entity.BlockEntity=1; import:net.minecraft.util.EnumFacing->net.minecraft.core.Direction=1; import:net.minecraft.util.math.BlockPos->net.minecraft.core.BlockPos=1; import:net.minecraft.world.World->net.minecraft.world.level.Level=1; type:EntityPlayer->Player=1; type:EnumFacing->Direction=3; type:IBlockState->BlockState=1; type:TileEntity->BlockEntity=1; type:World->Level=1
src/main/java/net/shadowmage/ancientwarfare/automation/item/ItemWorksiteUpgrade.java,25,call:.getItemDamage()->.getDamageValue()=1; call:.isRemote->.isClientSide=1; import:net.minecraft.entity.player.EntityPlayer->net.minecraft.world.entity.player.Player=1; import:net.minecraft.item.ItemStack->net.minecraft.world.item.ItemStack=1; import:net.minecraft.tileentity.TileEntity->net.minecraft.world.level.block.entity.BlockEntity=1; import:net.minecraft.util.ActionResult->net.minecraft.world.InteractionResultHolder=1; import:net.minecraft.util.EnumActionResult->net.minecraft.world.InteractionResult=1; import:net.minecraft.util.EnumHand->net.minecraft.world.InteractionHand=1; import:net.minecraft.util.math.BlockPos->net.minecraft.core.BlockPos=1; import:net.minecraft.world.World->net.minecraft.world.level.Level=1; type:ActionResult->InteractionResultHolder=6; type:EntityPlayer->Player=1; type:EnumActionResult->InteractionResult=5; type:EnumHand->InteractionHand=1; type:TileEntity->BlockEntity=1; type:World->Level=1
src/main/java/net/shadowmage/ancientwarfare/automation/proxy/ClientProxyAutomation.java,7,import:net.minecraft.client.renderer.texture.TextureAtlasSprite->net.minecraft.client.renderer.texture.TextureAtlasSprite=1; import:net.minecraft.util.ResourceLocation->net.minecraft.resources.ResourceLocation=1; import:net.minecraftforge.fml.common.eventhandler.SubscribeEvent->net.minecraftforge.eventbus.api.SubscribeEvent=1; import:net.minecraftforge.fml.relauncher.Side->net.minecraftforge.api.distmarker.Dist=1; import:net.minecraftforge.fml.relauncher.SideOnly->net.minecraftforge.api.distmarker.OnlyIn=1; type:Side->Dist=1; type:SideOnly->OnlyIn=1
src/main/java/net/shadowmage/ancientwarfare/automation/proxy/RFProxy.java,6,api:Loader.isModLoaded->ModList.get().isLoaded=1; import:net.minecraft.tileentity.TileEntity->net.minecraft.world.level.block.entity.BlockEntity=1; import:net.minecraft.util.EnumFacing->net.minecraft.core.Direction=1; type:EnumFacing->Direction=1; type:TileEntity->BlockEntity=2
src/main/java/net/shadowmage/ancientwarfare/automation/proxy/RFProxyActual.java,5,import:net.minecraft.tileentity.TileEntity->net.minecraft.world.level.block.entity.BlockEntity=1; import:net.minecraft.util.EnumFacing->net.minecraft.core.Direction=1; type:EnumFacing->Direction=1; type:TileEntity->BlockEntity=2
src/main/java/net/shadowmage/ancientwarfare/automation/registry/CropFarmRegistry.java,10,import:net.minecraft.block.state.IBlockState->net.minecraft.world.level.block.state.BlockState=1; import:net.minecraft.item.ItemStack->net.minecraft.world.item.ItemStack=1; type:IBlockState->BlockState=8
src/main/java/net/shadowmage/ancientwarfare/automation/registry/FruitFarmRegistry.java,13,import:net.minecraft.block.state.IBlockState->net.minecraft.world.level.block.state.BlockState=1; import:net.minecraft.item.ItemStack->net.minecraft.world.item.ItemStack=1; import:net.minecraft.util.math.BlockPos->net.minecraft.core.BlockPos=1; import:net.minecraft.world.World->net.minecraft.world.level.Level=1; type:IBlockState->BlockState=6; type:World->Level=3
src/main/java/net/shadowmage/ancientwarfare/automation/registry/TreeFarmRegistry.java,19,import:net.minecraft.block.state.IBlockState->net.minecraft.world.level.block.state.BlockState=1; import:net.minecraft.item.ItemBlock->net.minecraft.world.item.BlockItem=1; import:net.minecraft.item.ItemStack->net.minecraft.world.item.ItemStack=1; import:net.minecraft.util.NonNullList->net.minecraft.core.NonNullList=1; import:net.minecraft.util.math.BlockPos->net.minecraft.core.BlockPos=1; import:net.minecraft.world.IBlockAccess->net.minecraft.world.level.BlockGetter=1; type:IBlockAccess->BlockGetter=1; type:IBlockState->BlockState=8; type:ItemBlock->BlockItem=4
src/main/java/net/shadowmage/ancientwarfare/automation/render/AnimatedBlockRenderer.java,2,import:net.minecraft.util.EnumFacing->net.minecraft.core.Direction=1; type:EnumFacing->Direction=1
src/main/java/net/shadowmage/ancientwarfare/automation/render/BaseAnimationRenderer.java,8,import:net.minecraft.block.state.IBlockState->net.minecraft.world.level.block.state.BlockState=1; import:net.minecraft.client.renderer.BufferBuilder->com.mojang.blaze3d.vertex.BufferBuilder=1; import:net.minecraft.tileentity.TileEntity->net.minecraft.world.level.block.entity.BlockEntity=1; import:net.minecraft.util.math.BlockPos->net.minecraft.core.BlockPos=1; import:net.minecraft.world.IBlockAccess->net.minecraft.world.level.BlockGetter=1; type:IBlockAccess->BlockGetter=1; type:IBlockState->BlockState=1; type:TileEntity->BlockEntity=1
src/main/java/net/shadowmage/ancientwarfare/automation/render/BaseTorqueRenderer.java,15,import:net.minecraft.item.ItemStack->net.minecraft.world.item.ItemStack=1; import:net.minecraft.util.EnumFacing->net.minecraft.core.Direction=1; import:net.minecraft.util.math.BlockPos->net.minecraft.core.BlockPos=1; import:net.minecraft.world.IBlockAccess->net.minecraft.world.level.BlockGetter=1; type:EnumFacing->Direction=10; type:IBlockAccess->BlockGetter=1
src/main/java/net/shadowmage/ancientwarfare/automation/render/FlywheelControllerAnimationRenderer.java,2,import:net.minecraft.util.EnumFacing->net.minecraft.core.Direction=1; type:EnumFacing->Direction=1
src/main/java/net/shadowmage/ancientwarfare/automation/render/FlywheelControllerRenderer.java,2,import:net.minecraft.util.EnumFacing->net.minecraft.core.Direction=1; type:EnumFacing->Direction=1
src/main/java/net/shadowmage/ancientwarfare/automation/render/FlywheelStorageRenderer.java,13,import:net.minecraft.client.renderer.texture.TextureAtlasSprite->net.minecraft.client.renderer.texture.TextureAtlasSprite=1; import:net.minecraft.item.ItemStack->net.minecraft.world.item.ItemStack=1; import:net.minecraft.util.EnumFacing->net.minecraft.core.Direction=1; import:net.minecraft.util.ResourceLocation->net.minecraft.resources.ResourceLocation=1; import:net.minecraft.util.math.BlockPos->net.minecraft.core.BlockPos=1; import:net.minecraft.world.IBlockAccess->net.minecraft.world.level.BlockGetter=1; import:net.minecraftforge.fml.relauncher.Side->net.minecraftforge.api.distmarker.Dist=1; import:net.minecraftforge.fml.relauncher.SideOnly->net.minecraftforge.api.distmarker.OnlyIn=1; type:EnumFacing->Direction=2; type:IBlockAccess->BlockGetter=1; type:Side->Dist=1; type:SideOnly->OnlyIn=1
src/main/java/net/shadowmage/ancientwarfare/automation/render/HandCrankedGeneratorRenderer.java,3,import:net.minecraft.util.EnumFacing->net.minecraft.core.Direction=1; type:EnumFacing->Direction=2
src/main/java/net/shadowmage/ancientwarfare/automation/render/StirlingGeneratorRenderer.java,9,import:net.minecraft.util.EnumFacing->net.minecraft.core.Direction=1; import:net.minecraft.util.math.MathHelper->net.minecraft.util.Mth=1; type:EnumFacing->Direction=1; type:MathHelper->Mth=6
src/main/java/net/shadowmage/ancientwarfare/automation/render/TorqueAnimationRenderer.java,4,import:net.minecraft.util.EnumFacing->net.minecraft.core.Direction=1; type:EnumFacing->Direction=3
src/main/java/net/shadowmage/ancientwarfare/automation/render/TorqueDistributorRenderer.java,5,import:net.minecraft.util.EnumFacing->net.minecraft.core.Direction=1; type:EnumFacing->Direction=4
src/main/java/net/shadowmage/ancientwarfare/automation/render/TorqueJunctionRenderer.java,5,import:net.minecraft.util.EnumFacing->net.minecraft.core.Direction=1; type:EnumFacing->Direction=4
src/main/java/net/shadowmage/ancientwarfare/automation/render/TorqueShaftAnimationRenderer.java,2,import:net.minecraft.util.EnumFacing->net.minecraft.core.Direction=1; type:EnumFacing->Direction=1
src/main/java/net/shadowmage/ancientwarfare/automation/render/TorqueShaftRenderer.java,3,import:net.minecraft.util.EnumFacing->net.minecraft.core.Direction=1; type:EnumFacing->Direction=2
src/main/java/net/shadowmage/ancientwarfare/automation/render/TorqueTieredRenderer.java,2,import:net.minecraft.client.renderer.texture.TextureAtlasSprite->net.minecraft.client.renderer.texture.TextureAtlasSprite=1; import:net.minecraft.item.ItemStack->net.minecraft.world.item.ItemStack=1
src/main/java/net/shadowmage/ancientwarfare/automation/render/TorqueTransportAnimationRenderer.java,3,import:net.minecraft.util.EnumFacing->net.minecraft.core.Direction=1; type:EnumFacing->Direction=2
src/main/java/net/shadowmage/ancientwarfare/automation/render/TorqueTransportSidedRenderer.java,11,import:net.minecraft.util.EnumFacing->net.minecraft.core.Direction=1; type:EnumFacing->Direction=10
src/main/java/net/shadowmage/ancientwarfare/automation/render/WarehouseStockLinkerRenderer.java,7,import:net.minecraft.client.gui.FontRenderer->net.minecraft.client.gui.Font=1; import:net.minecraft.item.ItemStack->net.minecraft.world.item.ItemStack=1; import:net.minecraft.util.EnumFacing->net.minecraft.core.Direction=1; type:EnumFacing->Direction=3; type:FontRenderer->Font=1
src/main/java/net/shadowmage/ancientwarfare/automation/render/WarehouseStockViewerRenderer.java,7,import:net.minecraft.client.gui.FontRenderer->net.minecraft.client.gui.Font=1; import:net.minecraft.item.ItemStack->net.minecraft.world.item.ItemStack=1; import:net.minecraft.util.EnumFacing->net.minecraft.core.Direction=1; type:EnumFacing->Direction=3; type:FontRenderer->Font=1
src/main/java/net/shadowmage/ancientwarfare/automation/render/WaterwheelGeneratorRenderer.java,2,import:net.minecraft.util.EnumFacing->net.minecraft.core.Direction=1; type:EnumFacing->Direction=1
src/main/java/net/shadowmage/ancientwarfare/automation/render/WindmillBladeRenderer.java,14,import:net.minecraft.client.renderer.texture.TextureAtlasSprite->net.minecraft.client.renderer.texture.TextureAtlasSprite=1; import:net.minecraft.item.ItemStack->net.minecraft.world.item.ItemStack=1; import:net.minecraft.util.EnumFacing->net.minecraft.core.Direction=1; import:net.minecraft.util.ResourceLocation->net.minecraft.resources.ResourceLocation=1; import:net.minecraft.util.math.BlockPos->net.minecraft.core.BlockPos=1; import:net.minecraft.world.IBlockAccess->net.minecraft.world.level.BlockGetter=1; type:EnumFacing->Direction=7; type:IBlockAccess->BlockGetter=1
src/main/java/net/shadowmage/ancientwarfare/automation/render/WindmillGeneratorRenderer.java,2,import:net.minecraft.util.EnumFacing->net.minecraft.core.Direction=1; type:EnumFacing->Direction=1
src/main/java/net/shadowmage/ancientwarfare/automation/render/WorksiteRenderer.java,4,import:net.minecraft.util.math.AxisAlignedBB->net.minecraft.world.phys.AABB=1; import:net.minecraft.util.math.BlockPos->net.minecraft.core.BlockPos=1; type:AxisAlignedBB->AABB=2
src/main/java/net/shadowmage/ancientwarfare/automation/render/property/AutomationProperties.java,14,import:net.minecraft.block.properties.PropertyBool->net.minecraft.world.level.block.state.properties.BooleanProperty=1; import:net.minecraft.block.properties.PropertyEnum->net.minecraft.world.level.block.state.properties.EnumProperty=1; import:net.minecraft.block.properties.PropertyInteger->net.minecraft.world.level.block.state.properties.IntegerProperty=1; import:net.minecraft.util.EnumFacing->net.minecraft.core.Direction=1; type:EnumFacing->Direction=2; type:PropertyBool->BooleanProperty=4; type:PropertyEnum->EnumProperty=2; type:PropertyInteger->IntegerProperty=2
src/main/java/net/shadowmage/ancientwarfare/automation/tile/TileChunkLoaderDeluxe.java,17,call:.isRemote->.isClientSide=1; import:net.minecraft.entity.player.EntityPlayer->net.minecraft.world.entity.player.Player=1; import:net.minecraft.nbt.NBTTagCompound->net.minecraft.nbt.CompoundTag=1; import:net.minecraft.nbt.NBTTagList->net.minecraft.nbt.ListTag=1; import:net.minecraft.util.EnumHand->net.minecraft.world.InteractionHand=1; import:net.minecraft.util.math.ChunkPos->net.minecraft.world.level.ChunkPos=1; type:EntityPlayer->Player=1; type:EnumHand->InteractionHand=1; type:NBTTagCompound->CompoundTag=6; type:NBTTagList->ListTag=3
src/main/java/net/shadowmage/ancientwarfare/automation/tile/TileChunkLoaderSimple.java,3,import:net.minecraft.tileentity.TileEntity->net.minecraft.world.level.block.entity.BlockEntity=1; import:net.minecraft.util.math.ChunkPos->net.minecraft.world.level.ChunkPos=1; type:TileEntity->BlockEntity=1
src/main/java/net/shadowmage/ancientwarfare/automation/tile/TileMailbox.java,22,call:.isRemote->.isClientSide=4; import:net.minecraft.block.state.IBlockState->net.minecraft.world.level.block.state.BlockState=1; import:net.minecraft.item.ItemStack->net.minecraft.world.item.ItemStack=1; import:net.minecraft.nbt.NBTTagCompound->net.minecraft.nbt.CompoundTag=1; import:net.minecraft.util.EnumFacing->net.minecraft.core.Direction=1; type:EnumFacing->Direction=10; type:IBlockState->BlockState=1; type:NBTTagCompound->CompoundTag=3
src/main/java/net/shadowmage/ancientwarfare/automation/tile/torque/TileDistributor.java,4,import:net.minecraft.util.EnumFacing->net.minecraft.core.Direction=1; type:EnumFacing->Direction=3
src/main/java/net/shadowmage/ancientwarfare/automation/tile/torque/TileFlywheelController.java,19,call:.isRemote->.isClientSide=3; import:net.minecraft.nbt.NBTTagCompound->net.minecraft.nbt.CompoundTag=1; import:net.minecraft.util.EnumFacing->net.minecraft.core.Direction=1; import:net.minecraft.util.math.BlockPos->net.minecraft.core.BlockPos=1; type:EnumFacing->Direction=8; type:NBTTagCompound->CompoundTag=5
src/main/java/net/shadowmage/ancientwarfare/automation/tile/torque/TileHandCrankedGenerator.java,35,call:.isRemote->.isClientSide=1; import:net.minecraft.block.state.IBlockState->net.minecraft.world.level.block.state.BlockState=1; import:net.minecraft.entity.player.EntityPlayer->net.minecraft.world.entity.player.Player=1; import:net.minecraft.nbt.NBTTagCompound->net.minecraft.nbt.CompoundTag=1; import:net.minecraft.util.EnumFacing->net.minecraft.core.Direction=1; import:net.minecraft.util.math.MathHelper->net.minecraft.util.Mth=1; import:net.minecraftforge.fml.relauncher.Side->net.minecraftforge.api.distmarker.Dist=1; import:net.minecraftforge.fml.relauncher.SideOnly->net.minecraftforge.api.distmarker.OnlyIn=1; type:EntityPlayer->Player=3; type:EnumFacing->Direction=14; type:IBlockState->BlockState=1; type:MathHelper->Mth=2; type:NBTTagCompound->CompoundTag=5; type:Side->Dist=1; type:SideOnly->OnlyIn=1
src/main/java/net/shadowmage/ancientwarfare/automation/tile/torque/TileStirlingGenerator.java,17,call:.isRemote->.isClientSide=2; import:net.minecraft.block.state.IBlockState->net.minecraft.world.level.block.state.BlockState=1; import:net.minecraft.entity.player.EntityPlayer->net.minecraft.world.entity.player.Player=1; import:net.minecraft.item.ItemStack->net.minecraft.world.item.ItemStack=1; import:net.minecraft.nbt.NBTTagCompound->net.minecraft.nbt.CompoundTag=1; import:net.minecraft.util.EnumFacing->net.minecraft.core.Direction=1; import:net.minecraft.util.EnumHand->net.minecraft.world.InteractionHand=1; type:EntityPlayer->Player=1; type:EnumFacing->Direction=3; type:EnumHand->InteractionHand=1; type:IBlockState->BlockState=1; type:NBTTagCompound->CompoundTag=3
src/main/java/net/shadowmage/ancientwarfare/automation/tile/torque/TileTorqueBase.java,41,api:Loader.isModLoaded->ModList.get().isLoaded=1; call:.isRemote->.isClientSide=2; import:net.minecraft.entity.player.EntityPlayer->net.minecraft.world.entity.player.Player=1; import:net.minecraft.item.ItemStack->net.minecraft.world.item.ItemStack=1; import:net.minecraft.nbt.NBTTagCompound->net.minecraft.nbt.CompoundTag=1; import:net.minecraft.tileentity.TileEntity->net.minecraft.world.level.block.entity.BlockEntity=1; import:net.minecraft.util.EnumFacing->net.minecraft.core.Direction=1; import:net.minecraft.util.EnumHand->net.minecraft.world.InteractionHand=1; import:net.minecraft.util.math.BlockPos->net.minecraft.core.BlockPos=1; type:EntityPlayer->Player=1; type:EnumFacing->Direction=20; type:EnumHand->InteractionHand=1; type:NBTTagCompound->CompoundTag=5; type:TileEntity->BlockEntity=4
src/main/java/net/shadowmage/ancientwarfare/automation/tile/torque/TileTorqueShaft.java,2,import:net.minecraft.util.EnumFacing->net.minecraft.core.Direction=1; type:EnumFacing->Direction=1
src/main/java/net/shadowmage/ancientwarfare/automation/tile/torque/TileTorqueSidedCell.java,32,api:Loader.isModLoaded->ModList.get().isLoaded=1; call:.isRemote->.isClientSide=1; import:net.minecraft.nbt.NBTTagCompound->net.minecraft.nbt.CompoundTag=1; import:net.minecraft.nbt.NBTTagList->net.minecraft.nbt.ListTag=1; import:net.minecraft.tileentity.TileEntity->net.minecraft.world.level.block.entity.BlockEntity=1; import:net.minecraft.util.EnumFacing->net.minecraft.core.Direction=1; type:EnumFacing->Direction=16; type:NBTTagCompound->CompoundTag=6; type:NBTTagList->ListTag=3; type:TileEntity->BlockEntity=1
src/main/java/net/shadowmage/ancientwarfare/automation/tile/torque/TileTorqueSingleCell.java,25,call:.isRemote->.isClientSide=1; import:net.minecraft.nbt.NBTTagCompound->net.minecraft.nbt.CompoundTag=1; import:net.minecraft.util.EnumFacing->net.minecraft.core.Direction=1; import:net.minecraft.util.math.MathHelper->net.minecraft.util.Mth=1; import:net.minecraftforge.fml.relauncher.Side->net.minecraftforge.api.distmarker.Dist=1; import:net.minecraftforge.fml.relauncher.SideOnly->net.minecraftforge.api.distmarker.OnlyIn=1; type:EnumFacing->Direction=11; type:MathHelper->Mth=1; type:NBTTagCompound->CompoundTag=5; type:Side->Dist=1; type:SideOnly->OnlyIn=1
src/main/java/net/shadowmage/ancientwarfare/automation/tile/torque/TileWaterwheelGenerator.java,15,call:.isRemote->.isClientSide=1; import:net.minecraft.block.state.IBlockState->net.minecraft.world.level.block.state.BlockState=1; import:net.minecraft.nbt.NBTTagCompound->net.minecraft.nbt.CompoundTag=1; import:net.minecraft.util.EnumFacing->net.minecraft.core.Direction=1; import:net.minecraft.util.math.AxisAlignedBB->net.minecraft.world.phys.AABB=1; import:net.minecraft.util.math.BlockPos->net.minecraft.core.BlockPos=1; type:AxisAlignedBB->AABB=2; type:EnumFacing->Direction=2; type:IBlockState->BlockState=3; type:NBTTagCompound->CompoundTag=2
src/main/java/net/shadowmage/ancientwarfare/automation/tile/torque/TileWindmillController.java,4,call:.isRemote->.isClientSide=1; import:net.minecraft.util.EnumFacing->net.minecraft.core.Direction=1; import:net.minecraft.util.math.BlockPos->net.minecraft.core.BlockPos=1; type:EnumFacing->Direction=1
src/main/java/net/shadowmage/ancientwarfare/automation/tile/torque/multiblock/TileFlywheelStorage.java,15,call:.isRemote->.isClientSide=2; import:net.minecraft.nbt.NBTTagCompound->net.minecraft.nbt.CompoundTag=1; import:net.minecraft.util.EnumFacing->net.minecraft.core.Direction=1; import:net.minecraft.util.math.AxisAlignedBB->net.minecraft.world.phys.AABB=1; import:net.minecraft.util.math.BlockPos->net.minecraft.core.BlockPos=1; type:AxisAlignedBB->AABB=2; type:EnumFacing->Direction=2; type:NBTTagCompound->CompoundTag=5
src/main/java/net/shadowmage/ancientwarfare/automation/tile/torque/multiblock/TileWindmillBlade.java,27,call:.isRemote->.isClientSide=3; import:net.minecraft.nbt.NBTTagCompound->net.minecraft.nbt.CompoundTag=1; import:net.minecraft.util.EnumFacing->net.minecraft.core.Direction=1; import:net.minecraft.util.math.AxisAlignedBB->net.minecraft.world.phys.AABB=1; import:net.minecraft.util.math.BlockPos->net.minecraft.core.BlockPos=1; type:AxisAlignedBB->AABB=2; type:EnumFacing->Direction=13; type:NBTTagCompound->CompoundTag=5
src/main/java/net/shadowmage/ancientwarfare/automation/tile/warehouse2/IControlledTile.java,1,import:net.minecraft.util.math.BlockPos->net.minecraft.core.BlockPos=1
src/main/java/net/shadowmage/ancientwarfare/automation/tile/warehouse2/IControllerTile.java,1,import:net.minecraft.util.math.BlockPos->net.minecraft.core.BlockPos=1
src/main/java/net/shadowmage/ancientwarfare/automation/tile/warehouse2/IWarehouseStorageTile.java,3,import:net.minecraft.entity.player.EntityPlayer->net.minecraft.world.entity.player.Player=1; import:net.minecraft.item.ItemStack->net.minecraft.world.item.ItemStack=1; type:EntityPlayer->Player=1
src/main/java/net/shadowmage/ancientwarfare/automation/tile/warehouse2/TileControlled.java,7,import:net.minecraft.nbt.NBTTagCompound->net.minecraft.nbt.CompoundTag=1; import:net.minecraft.tileentity.TileEntity->net.minecraft.world.level.block.entity.BlockEntity=1; import:net.minecraft.util.math.BlockPos->net.minecraft.core.BlockPos=1; type:NBTTagCompound->CompoundTag=3; type:TileEntity->BlockEntity=1
src/main/java/net/shadowmage/ancientwarfare/automation/tile/warehouse2/TileWarehouse.java,22,call:.isRemote->.isClientSide=1; import:net.minecraft.entity.player.EntityPlayer->net.minecraft.world.entity.player.Player=1; import:net.minecraft.entity.player.EntityPlayerMP->net.minecraft.server.level.ServerPlayer=1; import:net.minecraft.item.ItemStack->net.minecraft.world.item.ItemStack=1; import:net.minecraft.nbt.NBTTagCompound->net.minecraft.nbt.CompoundTag=1; import:net.minecraft.tileentity.TileEntity->net.minecraft.world.level.block.entity.BlockEntity=1; import:net.minecraft.util.NonNullList->net.minecraft.core.NonNullList=1; import:net.minecraft.util.math.BlockPos->net.minecraft.core.BlockPos=1; type:EntityPlayer->Player=3; type:EntityPlayerMP->ServerPlayer=2; type:NBTTagCompound->CompoundTag=7; type:TileEntity->BlockEntity=2
src/main/java/net/shadowmage/ancientwarfare/automation/tile/warehouse2/TileWarehouseBase.java,28,call:.isRemote->.isClientSide=10; import:net.minecraft.entity.player.EntityPlayer->net.minecraft.world.entity.player.Player=1; import:net.minecraft.item.ItemStack->net.minecraft.world.item.ItemStack=1; import:net.minecraft.nbt.NBTTagCompound->net.minecraft.nbt.CompoundTag=1; import:net.minecraft.nbt.NBTTagLong->net.minecraft.nbt.LongTag=1; import:net.minecraft.tileentity.TileEntity->net.minecraft.world.level.block.entity.BlockEntity=1; import:net.minecraft.util.EnumHand->net.minecraft.world.InteractionHand=1; import:net.minecraft.util.math.BlockPos->net.minecraft.core.BlockPos=1; type:EntityPlayer->Player=2; type:EnumHand->InteractionHand=1; type:NBTTagCompound->CompoundTag=4; type:NBTTagLong->LongTag=2; type:TileEntity->BlockEntity=2
src/main/java/net/shadowmage/ancientwarfare/automation/tile/warehouse2/TileWarehouseCraftingStation.java,13,call:.isRemote->.isClientSide=1; import:net.minecraft.block.state.IBlockState->net.minecraft.world.level.block.state.BlockState=1; import:net.minecraft.entity.player.EntityPlayer->net.minecraft.world.entity.player.Player=1; import:net.minecraft.nbt.NBTTagCompound->net.minecraft.nbt.CompoundTag=1; import:net.minecraft.util.EnumHand->net.minecraft.world.InteractionHand=1; type:EntityPlayer->Player=1; type:EnumHand->InteractionHand=1; type:IBlockState->BlockState=1; type:NBTTagCompound->CompoundTag=5
src/main/java/net/shadowmage/ancientwarfare/automation/tile/warehouse2/TileWarehouseInterface.java,18,call:.isRemote->.isClientSide=4; import:net.minecraft.block.state.IBlockState->net.minecraft.world.level.block.state.BlockState=1; import:net.minecraft.entity.player.EntityPlayer->net.minecraft.world.entity.player.Player=1; import:net.minecraft.item.ItemStack->net.minecraft.world.item.ItemStack=1; import:net.minecraft.nbt.NBTTagCompound->net.minecraft.nbt.CompoundTag=1; import:net.minecraft.util.EnumFacing->net.minecraft.core.Direction=1; import:net.minecraft.util.EnumHand->net.minecraft.world.InteractionHand=1; type:EntityPlayer->Player=1; type:EnumFacing->Direction=2; type:EnumHand->InteractionHand=1; type:IBlockState->BlockState=1; type:NBTTagCompound->CompoundTag=3
src/main/java/net/shadowmage/ancientwarfare/automation/tile/warehouse2/TileWarehouseStockLinker.java,29,call:.isRemote->.isClientSide=2; import:net.minecraft.block.state.IBlockState->net.minecraft.world.level.block.state.BlockState=1; import:net.minecraft.entity.player.EntityPlayer->net.minecraft.world.entity.player.Player=1; import:net.minecraft.item.ItemStack->net.minecraft.world.item.ItemStack=1; import:net.minecraft.nbt.NBTTagCompound->net.minecraft.nbt.CompoundTag=1; import:net.minecraft.tileentity.TileEntity->net.minecraft.world.level.block.entity.BlockEntity=1; import:net.minecraft.util.EnumHand->net.minecraft.world.InteractionHand=1; import:net.minecraft.util.math.BlockPos->net.minecraft.core.BlockPos=1; import:net.minecraft.world.World->net.minecraft.world.level.Level=1; type:EntityPlayer->Player=3; type:EnumHand->InteractionHand=1; type:IBlockState->BlockState=2; type:NBTTagCompound->CompoundTag=11; type:TileEntity->BlockEntity=1; type:World->Level=1
src/main/java/net/shadowmage/ancientwarfare/automation/tile/warehouse2/TileWarehouseStockViewer.java,20,call:.isRemote->.isClientSide=1; import:net.minecraft.entity.player.EntityPlayer->net.minecraft.world.entity.player.Player=1; import:net.minecraft.item.ItemStack->net.minecraft.world.item.ItemStack=1; import:net.minecraft.nbt.NBTTagCompound->net.minecraft.nbt.CompoundTag=1; import:net.minecraft.util.EnumHand->net.minecraft.world.InteractionHand=1; type:EntityPlayer->Player=3; type:EnumHand->InteractionHand=1; type:NBTTagCompound->CompoundTag=11
src/main/java/net/shadowmage/ancientwarfare/automation/tile/warehouse2/TileWarehouseStorage.java,21,call:.isRemote->.isClientSide=2; import:net.minecraft.block.state.IBlockState->net.minecraft.world.level.block.state.BlockState=1; import:net.minecraft.entity.player.EntityPlayer->net.minecraft.world.entity.player.Player=1; import:net.minecraft.entity.player.EntityPlayerMP->net.minecraft.server.level.ServerPlayer=1; import:net.minecraft.item.ItemStack->net.minecraft.world.item.ItemStack=1; import:net.minecraft.nbt.NBTTagCompound->net.minecraft.nbt.CompoundTag=1; import:net.minecraft.util.EnumHand->net.minecraft.world.InteractionHand=1; import:net.minecraft.util.NonNullList->net.minecraft.core.NonNullList=1; type:EntityPlayer->Player=4; type:EntityPlayerMP->ServerPlayer=2; type:EnumHand->InteractionHand=1; type:IBlockState->BlockState=1; type:NBTTagCompound->CompoundTag=4
src/main/java/net/shadowmage/ancientwarfare/automation/tile/warehouse2/WarehouseDebugger.java,19,import:net.minecraft.item.ItemStack->net.minecraft.world.item.ItemStack=1; import:net.minecraft.nbt.NBTTagCompound->net.minecraft.nbt.CompoundTag=1; import:net.minecraft.util.math.BlockPos->net.minecraft.core.BlockPos=1; import:net.minecraft.world.World->net.minecraft.world.level.Level=1; import:net.minecraftforge.fml.common.eventhandler.SubscribeEvent->net.minecraftforge.eventbus.api.SubscribeEvent=1; import:net.minecraftforge.fml.common.gameevent.TickEvent->net.minecraftforge.event.TickEvent=1; type:NBTTagCompound->CompoundTag=3; type:World->Level=10
src/main/java/net/shadowmage/ancientwarfare/automation/tile/warehouse2/WarehouseDebuggerData.java,7,import:net.minecraft.item.ItemStack->net.minecraft.world.item.ItemStack=1; import:net.minecraft.nbt.NBTTagCompound->net.minecraft.nbt.CompoundTag=1; import:net.minecraft.util.math.BlockPos->net.minecraft.core.BlockPos=1; import:net.minecraft.world.storage.WorldSavedData->net.minecraft.world.level.saveddata.SavedData=1; type:NBTTagCompound->CompoundTag=3
src/main/java/net/shadowmage/ancientwarfare/automation/tile/warehouse2/WarehouseInterfaceFilter.java,8,import:net.minecraft.item.ItemStack->net.minecraft.world.item.ItemStack=1; import:net.minecraft.nbt.NBTTagCompound->net.minecraft.nbt.CompoundTag=1; type:NBTTagCompound->CompoundTag=6
src/main/java/net/shadowmage/ancientwarfare/automation/tile/warehouse2/WarehouseStorageFilter.java,8,import:net.minecraft.item.ItemStack->net.minecraft.world.item.ItemStack=1; import:net.minecraft.nbt.NBTTagCompound->net.minecraft.nbt.CompoundTag=1; type:NBTTagCompound->CompoundTag=6
src/main/java/net/shadowmage/ancientwarfare/automation/tile/warehouse2/WarehouseStorageMap.java,1,import:net.minecraft.item.ItemStack->net.minecraft.world.item.ItemStack=1
src/main/java/net/shadowmage/ancientwarfare/automation/tile/worksite/TileAutoCrafting.java,19,call:.isRemote->.isClientSide=1; import:net.minecraft.block.state.IBlockState->net.minecraft.world.level.block.state.BlockState=1; import:net.minecraft.entity.player.EntityPlayer->net.minecraft.world.entity.player.Player=1; import:net.minecraft.item.ItemStack->net.minecraft.world.item.ItemStack=1; import:net.minecraft.nbt.NBTTagCompound->net.minecraft.nbt.CompoundTag=1; import:net.minecraft.util.EnumFacing->net.minecraft.core.Direction=1; import:net.minecraft.util.EnumHand->net.minecraft.world.InteractionHand=1; import:net.minecraft.util.NonNullList->net.minecraft.core.NonNullList=1; type:EntityPlayer->Player=1; type:EnumFacing->Direction=3; type:EnumHand->InteractionHand=1; type:IBlockState->BlockState=1; type:NBTTagCompound->CompoundTag=5
src/main/java/net/shadowmage/ancientwarfare/automation/tile/worksite/TileOreProcessor.java,14,call:.isRemote->.isClientSide=1; import:net.minecraft.block.state.IBlockState->net.minecraft.world.level.block.state.BlockState=1; import:net.minecraft.entity.player.EntityPlayer->net.minecraft.world.entity.player.Player=1; import:net.minecraft.nbt.NBTTagCompound->net.minecraft.nbt.CompoundTag=1; import:net.minecraft.util.EnumFacing->net.minecraft.core.Direction=1; import:net.minecraft.util.EnumHand->net.minecraft.world.InteractionHand=1; type:EntityPlayer->Player=1; type:EnumFacing->Direction=2; type:EnumHand->InteractionHand=1; type:IBlockState->BlockState=1; type:NBTTagCompound->CompoundTag=3
src/main/java/net/shadowmage/ancientwarfare/automation/tile/worksite/TileWorksiteBase.java,43,call:.isRemote->.isClientSide=1; import:net.minecraft.block.state.IBlockState->net.minecraft.world.level.block.state.BlockState=1; import:net.minecraft.entity.player.EntityPlayer->net.minecraft.world.entity.player.Player=1; import:net.minecraft.nbt.NBTBase->net.minecraft.nbt.Tag=1; import:net.minecraft.nbt.NBTTagCompound->net.minecraft.nbt.CompoundTag=1; import:net.minecraft.nbt.NBTTagIntArray->net.minecraft.nbt.IntArrayTag=1; import:net.minecraft.nbt.NBTTagList->net.minecraft.nbt.ListTag=1; import:net.minecraft.util.EnumFacing->net.minecraft.core.Direction=1; type:EntityPlayer->Player=3; type:EnumFacing->Direction=21; type:IBlockState->BlockState=1; type:NBTBase->Tag=1; type:NBTTagCompound->CompoundTag=5; type:NBTTagIntArray->IntArrayTag=1; type:NBTTagList->ListTag=3
src/main/java/net/shadowmage/ancientwarfare/automation/tile/worksite/TileWorksiteBounded.java,17,import:net.minecraft.block.state.IBlockState->net.minecraft.world.level.block.state.BlockState=1; import:net.minecraft.nbt.NBTTagCompound->net.minecraft.nbt.CompoundTag=1; import:net.minecraft.util.math.AxisAlignedBB->net.minecraft.world.phys.AABB=1; import:net.minecraft.util.math.BlockPos->net.minecraft.core.BlockPos=1; import:net.minecraft.util.math.ChunkPos->net.minecraft.world.level.ChunkPos=1; import:net.minecraftforge.fml.relauncher.Side->net.minecraftforge.api.distmarker.Dist=1; import:net.minecraftforge.fml.relauncher.SideOnly->net.minecraftforge.api.distmarker.OnlyIn=1; type:AxisAlignedBB->AABB=2; type:IBlockState->BlockState=1; type:NBTTagCompound->CompoundTag=5; type:Side->Dist=1; type:SideOnly->OnlyIn=1
src/main/java/net/shadowmage/ancientwarfare/automation/tile/worksite/TileWorksiteBoundedInventory.java,21,import:net.minecraft.block.state.IBlockState->net.minecraft.world.level.block.state.BlockState=1; import:net.minecraft.entity.player.EntityPlayer->net.minecraft.world.entity.player.Player=1; import:net.minecraft.nbt.NBTBase->net.minecraft.nbt.Tag=1; import:net.minecraft.nbt.NBTTagCompound->net.minecraft.nbt.CompoundTag=1; import:net.minecraft.nbt.NBTTagIntArray->net.minecraft.nbt.IntArrayTag=1; import:net.minecraft.nbt.NBTTagList->net.minecraft.nbt.ListTag=1; import:net.minecraft.util.EnumFacing->net.minecraft.core.Direction=1; type:EntityPlayer->Player=1; type:EnumFacing->Direction=3; type:IBlockState->BlockState=1; type:NBTBase->Tag=1; type:NBTTagCompound->CompoundTag=3; type:NBTTagIntArray->IntArrayTag=3; type:NBTTagList->ListTag=2
src/main/java/net/shadowmage/ancientwarfare/automation/tile/worksite/TileWorksiteFarm.java,25,call:.getItemDamage()->.getDamageValue()=1; call:.getWorldTime()->.getDayTime()=1; call:.isEntityAlive()->.isAlive()=1; call:.setDead()->.discard()=1; import:net.minecraft.block.Block->net.minecraft.world.level.block.Block=1; import:net.minecraft.block.state.IBlockState->net.minecraft.world.level.block.state.BlockState=1; import:net.minecraft.entity.item.EntityItem->net.minecraft.world.entity.item.ItemEntity=1; import:net.minecraft.init.Items->net.minecraft.world.item.Items=1; import:net.minecraft.item.ItemStack->net.minecraft.world.item.ItemStack=1; import:net.minecraft.nbt.NBTTagCompound->net.minecraft.nbt.CompoundTag=1; import:net.minecraft.util.EnumFacing->net.minecraft.core.Direction=1; import:net.minecraft.util.EnumHand->net.minecraft.world.InteractionHand=1; import:net.minecraft.util.NonNullList->net.minecraft.core.NonNullList=1; import:net.minecraft.util.math.BlockPos->net.minecraft.core.BlockPos=1; type:EntityItem->ItemEntity=3; type:EnumFacing->Direction=1; type:EnumHand->InteractionHand=1; type:IBlockState->BlockState=3; type:NBTTagCompound->CompoundTag=3
src/main/java/net/shadowmage/ancientwarfare/automation/tile/worksite/WorkSiteAnimalFarm.java,64,call:.getEntityId()->.getId()=7; call:.getItemDamage()->.getDamageValue()=1; call:.getWorldTime()->.getDayTime()=1; call:.isEntityAlive()->.isAlive()=4; call:.isRemote->.isClientSide=1; call:.setDead()->.discard()=1; import:net.minecraft.block.state.IBlockState->net.minecraft.world.level.block.state.BlockState=1; import:net.minecraft.entity.Entity->net.minecraft.world.entity.Entity=1; import:net.minecraft.entity.item.EntityItem->net.minecraft.world.entity.item.ItemEntity=1; import:net.minecraft.entity.passive.EntityAnimal->net.minecraft.world.entity.animal.Animal=1; import:net.minecraft.entity.player.EntityPlayer->net.minecraft.world.entity.player.Player=1; import:net.minecraft.init.Items->net.minecraft.world.item.Items=1; import:net.minecraft.item.Item->net.minecraft.world.item.Item=1; import:net.minecraft.item.ItemStack->net.minecraft.world.item.ItemStack=1; import:net.minecraft.nbt.NBTTagCompound->net.minecraft.nbt.CompoundTag=1; import:net.minecraft.util.EnumHand->net.minecraft.world.InteractionHand=1; import:net.minecraft.util.NonNullList->net.minecraft.core.NonNullList=1; import:net.minecraft.world.World->net.minecraft.world.level.Level=1; import:net.minecraftforge.fml.common.eventhandler.SubscribeEvent->net.minecraftforge.eventbus.api.SubscribeEvent=1; type:EntityAnimal->Animal=22; type:EntityItem->ItemEntity=4; type:EntityPlayer->Player=3; type:EnumHand->InteractionHand=1; type:IBlockState->BlockState=1; type:NBTTagCompound->CompoundTag=3; type:World->Level=2
src/main/java/net/shadowmage/ancientwarfare/automation/tile/worksite/WorkSiteFishFarm.java,17,call:.isRemote->.isClientSide=1; import:net.minecraft.block.state.IBlockState->net.minecraft.world.level.block.state.BlockState=1; import:net.minecraft.entity.player.EntityPlayer->net.minecraft.world.entity.player.Player=1; import:net.minecraft.init.Items->net.minecraft.world.item.Items=1; import:net.minecraft.item.ItemStack->net.minecraft.world.item.ItemStack=1; import:net.minecraft.nbt.NBTTagCompound->net.minecraft.nbt.CompoundTag=1; import:net.minecraft.util.EnumHand->net.minecraft.world.InteractionHand=1; import:net.minecraft.util.math.BlockPos->net.minecraft.core.BlockPos=1; import:net.minecraft.world.WorldServer->net.minecraft.server.level.ServerLevel=1; type:EntityPlayer->Player=2; type:EnumHand->InteractionHand=1; type:IBlockState->BlockState=1; type:NBTTagCompound->CompoundTag=3; type:WorldServer->ServerLevel=1
src/main/java/net/shadowmage/ancientwarfare/automation/tile/worksite/WorkSiteQuarry.java,18,call:.isRemote->.isClientSide=1; import:net.minecraft.block.Block->net.minecraft.world.level.block.Block=1; import:net.minecraft.block.state.IBlockState->net.minecraft.world.level.block.state.BlockState=1; import:net.minecraft.entity.player.EntityPlayer->net.minecraft.world.entity.player.Player=1; import:net.minecraft.item.ItemStack->net.minecraft.world.item.ItemStack=1; import:net.minecraft.nbt.NBTTagCompound->net.minecraft.nbt.CompoundTag=1; import:net.minecraft.util.EnumHand->net.minecraft.world.InteractionHand=1; import:net.minecraft.util.NonNullList->net.minecraft.core.NonNullList=1; import:net.minecraft.util.math.BlockPos->net.minecraft.core.BlockPos=1; import:net.minecraft.util.math.ChunkPos->net.minecraft.world.level.ChunkPos=1; type:EntityPlayer->Player=2; type:EnumHand->InteractionHand=1; type:IBlockState->BlockState=2; type:NBTTagCompound->CompoundTag=3
src/main/java/net/shadowmage/ancientwarfare/automation/tile/worksite/cropfarm/CropBreakOnly.java,13,import:net.minecraft.block.Block->net.minecraft.world.level.block.Block=1; import:net.minecraft.block.state.IBlockState->net.minecraft.world.level.block.state.BlockState=1; import:net.minecraft.item.ItemStack->net.minecraft.world.item.ItemStack=1; import:net.minecraft.util.NonNullList->net.minecraft.core.NonNullList=1; import:net.minecraft.util.math.BlockPos->net.minecraft.core.BlockPos=1; import:net.minecraft.world.World->net.minecraft.world.level.Level=1; type:IBlockState->BlockState=4; type:World->Level=3
src/main/java/net/shadowmage/ancientwarfare/automation/tile/worksite/cropfarm/CropDefault.java,23,call:.isRemote->.isClientSide=2; import:net.minecraft.block.state.IBlockState->net.minecraft.world.level.block.state.BlockState=1; import:net.minecraft.item.ItemBlock->net.minecraft.world.item.BlockItem=1; import:net.minecraft.item.ItemStack->net.minecraft.world.item.ItemStack=1; import:net.minecraft.util.EnumFacing->net.minecraft.core.Direction=1; import:net.minecraft.util.NonNullList->net.minecraft.core.NonNullList=1; import:net.minecraft.util.math.BlockPos->net.minecraft.core.BlockPos=1; import:net.minecraft.world.World->net.minecraft.world.level.Level=1; type:EnumFacing->Direction=1; type:IBlockState->BlockState=6; type:ItemBlock->BlockItem=2; type:World->Level=5
src/main/java/net/shadowmage/ancientwarfare/automation/tile/worksite/cropfarm/CropGourd.java,2,import:net.minecraft.block.state.IBlockState->net.minecraft.world.level.block.state.BlockState=1; type:IBlockState->BlockState=1
src/main/java/net/shadowmage/ancientwarfare/automation/tile/worksite/cropfarm/CropKeepBottom.java,23,import:net.minecraft.block.state.IBlockState->net.minecraft.world.level.block.state.BlockState=1; import:net.minecraft.item.ItemStack->net.minecraft.world.item.ItemStack=1; import:net.minecraft.util.NonNullList->net.minecraft.core.NonNullList=1; import:net.minecraft.util.math.BlockPos->net.minecraft.core.BlockPos=1; import:net.minecraft.world.World->net.minecraft.world.level.Level=1; type:IBlockState->BlockState=12; type:World->Level=6
src/main/java/net/shadowmage/ancientwarfare/automation/tile/worksite/cropfarm/CropMatureDefined.java,6,import:net.minecraft.block.state.IBlockState->net.minecraft.world.level.block.state.BlockState=1; import:net.minecraft.util.math.BlockPos->net.minecraft.core.BlockPos=1; import:net.minecraft.world.World->net.minecraft.world.level.Level=1; type:IBlockState->BlockState=2; type:World->Level=1
src/main/java/net/shadowmage/ancientwarfare/automation/tile/worksite/cropfarm/CropStem.java,12,call:.isRemote->.isClientSide=1; import:net.minecraft.block.state.IBlockState->net.minecraft.world.level.block.state.BlockState=1; import:net.minecraft.util.math.BlockPos->net.minecraft.core.BlockPos=1; import:net.minecraft.world.World->net.minecraft.world.level.Level=1; type:IBlockState->BlockState=4; type:World->Level=4
src/main/java/net/shadowmage/ancientwarfare/automation/tile/worksite/cropfarm/CropTall.java,16,call:.isRemote->.isClientSide=1; import:net.minecraft.block.state.IBlockState->net.minecraft.world.level.block.state.BlockState=1; import:net.minecraft.item.ItemStack->net.minecraft.world.item.ItemStack=1; import:net.minecraft.util.NonNullList->net.minecraft.core.NonNullList=1; import:net.minecraft.util.math.BlockPos->net.minecraft.core.BlockPos=1; import:net.minecraft.world.World->net.minecraft.world.level.Level=1; type:IBlockState->BlockState=6; type:World->Level=4
src/main/java/net/shadowmage/ancientwarfare/automation/tile/worksite/cropfarm/ICrop.java,11,import:net.minecraft.block.state.IBlockState->net.minecraft.world.level.block.state.BlockState=1; import:net.minecraft.item.ItemStack->net.minecraft.world.item.ItemStack=1; import:net.minecraft.util.math.BlockPos->net.minecraft.core.BlockPos=1; import:net.minecraft.world.World->net.minecraft.world.level.Level=1; type:IBlockState->BlockState=4; type:World->Level=3
src/main/java/net/shadowmage/ancientwarfare/automation/tile/worksite/cropfarm/WorkSiteCropFarm.java,22,call:.isRemote->.isClientSide=2; import:net.minecraft.block.Block->net.minecraft.world.level.block.Block=1; import:net.minecraft.block.state.IBlockState->net.minecraft.world.level.block.state.BlockState=1; import:net.minecraft.entity.player.EntityPlayer->net.minecraft.world.entity.player.Player=1; import:net.minecraft.init.Blocks->net.minecraft.world.level.block.Blocks=1; import:net.minecraft.init.SoundEvents->net.minecraft.sounds.SoundEvents=1; import:net.minecraft.item.ItemStack->net.minecraft.world.item.ItemStack=1; import:net.minecraft.util.EnumFacing->net.minecraft.core.Direction=1; import:net.minecraft.util.EnumHand->net.minecraft.world.InteractionHand=1; import:net.minecraft.util.SoundCategory->net.minecraft.sounds.SoundSource=1; import:net.minecraft.util.math.BlockPos->net.minecraft.core.BlockPos=1; type:EntityPlayer->Player=1; type:EnumFacing->Direction=1; type:EnumHand->InteractionHand=2; type:IBlockState->BlockState=5; type:SoundCategory->SoundSource=1
src/main/java/net/shadowmage/ancientwarfare/automation/tile/worksite/fruitfarm/FruitBreakOnly.java,9,import:net.minecraft.block.state.IBlockState->net.minecraft.world.level.block.state.BlockState=1; import:net.minecraft.item.ItemStack->net.minecraft.world.item.ItemStack=1; import:net.minecraft.util.NonNullList->net.minecraft.core.NonNullList=1; import:net.minecraft.util.math.BlockPos->net.minecraft.core.BlockPos=1; import:net.minecraft.world.World->net.minecraft.world.level.Level=1; type:IBlockState->BlockState=3; type:World->Level=1
src/main/java/net/shadowmage/ancientwarfare/automation/tile/worksite/fruitfarm/FruitCocoa.java,24,call:.getDefaultState()->.defaultBlockState()=1; import:net.minecraft.block.Block->net.minecraft.world.level.block.Block=1; import:net.minecraft.block.state.IBlockState->net.minecraft.world.level.block.state.BlockState=1; import:net.minecraft.init.Blocks->net.minecraft.world.level.block.Blocks=1; import:net.minecraft.init.Items->net.minecraft.world.item.Items=1; import:net.minecraft.item.ItemStack->net.minecraft.world.item.ItemStack=1; import:net.minecraft.util.EnumFacing->net.minecraft.core.Direction=1; import:net.minecraft.util.NonNullList->net.minecraft.core.NonNullList=1; import:net.minecraft.util.math.BlockPos->net.minecraft.core.BlockPos=1; import:net.minecraft.world.World->net.minecraft.world.level.Level=1; type:EnumFacing->Direction=4; type:IBlockState->BlockState=6; type:World->Level=4
src/main/java/net/shadowmage/ancientwarfare/automation/tile/worksite/fruitfarm/FruitPicked.java,12,import:net.minecraft.block.state.IBlockState->net.minecraft.world.level.block.state.BlockState=1; import:net.minecraft.item.ItemStack->net.minecraft.world.item.ItemStack=1; import:net.minecraft.util.NonNullList->net.minecraft.core.NonNullList=1; import:net.minecraft.util.math.BlockPos->net.minecraft.core.BlockPos=1; import:net.minecraft.world.World->net.minecraft.world.level.Level=1; type:IBlockState->BlockState=4; type:World->Level=3
src/main/java/net/shadowmage/ancientwarfare/automation/tile/worksite/fruitfarm/FruitPickedDrop.java,7,import:net.minecraft.block.state.IBlockState->net.minecraft.world.level.block.state.BlockState=1; import:net.minecraft.item.ItemStack->net.minecraft.world.item.ItemStack=1; import:net.minecraft.util.NonNullList->net.minecraft.core.NonNullList=1; import:net.minecraft.util.math.BlockPos->net.minecraft.core.BlockPos=1; import:net.minecraft.world.World->net.minecraft.world.level.Level=1; type:IBlockState->BlockState=1; type:World->Level=1
src/main/java/net/shadowmage/ancientwarfare/automation/tile/worksite/fruitfarm/FruitPickedRemoveOne.java,5,import:net.minecraft.item.ItemStack->net.minecraft.world.item.ItemStack=1; import:net.minecraft.util.NonNullList->net.minecraft.core.NonNullList=1; import:net.minecraft.util.math.BlockPos->net.minecraft.core.BlockPos=1; import:net.minecraft.world.World->net.minecraft.world.level.Level=1; type:World->Level=1
src/main/java/net/shadowmage/ancientwarfare/automation/tile/worksite/fruitfarm/IFruit.java,11,import:net.minecraft.block.state.IBlockState->net.minecraft.world.level.block.state.BlockState=1; import:net.minecraft.item.ItemStack->net.minecraft.world.item.ItemStack=1; import:net.minecraft.util.math.BlockPos->net.minecraft.core.BlockPos=1; import:net.minecraft.world.World->net.minecraft.world.level.Level=1; type:IBlockState->BlockState=4; type:World->Level=3
src/main/java/net/shadowmage/ancientwarfare/automation/tile/worksite/fruitfarm/WorkSiteFruitFarm.java,15,call:.isRemote->.isClientSide=2; import:net.minecraft.block.state.IBlockState->net.minecraft.world.level.block.state.BlockState=1; import:net.minecraft.entity.player.EntityPlayer->net.minecraft.world.entity.player.Player=1; import:net.minecraft.item.ItemStack->net.minecraft.world.item.ItemStack=1; import:net.minecraft.util.EnumHand->net.minecraft.world.InteractionHand=1; import:net.minecraft.util.math.BlockPos->net.minecraft.core.BlockPos=1; import:net.minecraft.world.World->net.minecraft.world.level.Level=1; type:EntityPlayer->Player=1; type:EnumHand->InteractionHand=1; type:IBlockState->BlockState=4; type:World->Level=1
src/main/java/net/shadowmage/ancientwarfare/automation/tile/worksite/treefarm/Branch.java,1,import:net.minecraft.util.math.BlockPos->net.minecraft.core.BlockPos=1
src/main/java/net/shadowmage/ancientwarfare/automation/tile/worksite/treefarm/ChorusFlowerDrop.java,10,import:net.minecraft.block.state.IBlockState->net.minecraft.world.level.block.state.BlockState=1; import:net.minecraft.init.Blocks->net.minecraft.world.level.block.Blocks=1; import:net.minecraft.item.Item->net.minecraft.world.item.Item=1; import:net.minecraft.item.ItemStack->net.minecraft.world.item.ItemStack=1; import:net.minecraft.util.NonNullList->net.minecraft.core.NonNullList=1; import:net.minecraft.util.math.BlockPos->net.minecraft.core.BlockPos=1; import:net.minecraft.world.IBlockAccess->net.minecraft.world.level.BlockGetter=1; type:IBlockAccess->BlockGetter=1; type:IBlockState->BlockState=2
src/main/java/net/shadowmage/ancientwarfare/automation/tile/worksite/treefarm/ChorusScanner.java,27,import:net.minecraft.block.Block->net.minecraft.world.level.block.Block=1; import:net.minecraft.block.state.IBlockState->net.minecraft.world.level.block.state.BlockState=1; import:net.minecraft.init.Blocks->net.minecraft.world.level.block.Blocks=1; import:net.minecraft.util.EnumFacing->net.minecraft.core.Direction=1; import:net.minecraft.util.math.BlockPos->net.minecraft.core.BlockPos=1; import:net.minecraft.world.World->net.minecraft.world.level.Level=1; type:EnumFacing->Direction=14; type:IBlockState->BlockState=2; type:World->Level=5
src/main/java/net/shadowmage/ancientwarfare/automation/tile/worksite/treefarm/DefaultTreeScanner.java,33,import:net.minecraft.block.state.IBlockState->net.minecraft.world.level.block.state.BlockState=1; import:net.minecraft.util.EnumFacing->net.minecraft.core.Direction=1; import:net.minecraft.util.math.BlockPos->net.minecraft.core.BlockPos=1; import:net.minecraft.world.World->net.minecraft.world.level.Level=1; type:EnumFacing->Direction=15; type:IBlockState->BlockState=12; type:World->Level=2
src/main/java/net/shadowmage/ancientwarfare/automation/tile/worksite/treefarm/HorizontalAABB.java,1,import:net.minecraft.util.math.BlockPos->net.minecraft.core.BlockPos=1
src/main/java/net/shadowmage/ancientwarfare/automation/tile/worksite/treefarm/IBlockExtraDrop.java,8,import:net.minecraft.block.state.IBlockState->net.minecraft.world.level.block.state.BlockState=1; import:net.minecraft.item.ItemStack->net.minecraft.world.item.ItemStack=1; import:net.minecraft.util.NonNullList->net.minecraft.core.NonNullList=1; import:net.minecraft.util.math.BlockPos->net.minecraft.core.BlockPos=1; import:net.minecraft.world.IBlockAccess->net.minecraft.world.level.BlockGetter=1; type:IBlockAccess->BlockGetter=1; type:IBlockState->BlockState=2
src/main/java/net/shadowmage/ancientwarfare/automation/tile/worksite/treefarm/ISapling.java,1,import:net.minecraft.item.ItemStack->net.minecraft.world.item.ItemStack=1
src/main/java/net/shadowmage/ancientwarfare/automation/tile/worksite/treefarm/ITree.java,1,import:net.minecraft.util.math.BlockPos->net.minecraft.core.BlockPos=1
src/main/java/net/shadowmage/ancientwarfare/automation/tile/worksite/treefarm/ITreeScanner.java,5,import:net.minecraft.block.state.IBlockState->net.minecraft.world.level.block.state.BlockState=1; import:net.minecraft.util.math.BlockPos->net.minecraft.core.BlockPos=1; import:net.minecraft.world.World->net.minecraft.world.level.Level=1; type:IBlockState->BlockState=1; type:World->Level=1
src/main/java/net/shadowmage/ancientwarfare/automation/tile/worksite/treefarm/Sapling.java,1,import:net.minecraft.item.ItemStack->net.minecraft.world.item.ItemStack=1
src/main/java/net/shadowmage/ancientwarfare/automation/tile/worksite/treefarm/Tree.java,1,import:net.minecraft.util.math.BlockPos->net.minecraft.core.BlockPos=1
src/main/java/net/shadowmage/ancientwarfare/automation/tile/worksite/treefarm/WorkSiteTreeFarm.java,39,call:.isRemote->.isClientSide=2; import:net.minecraft.block.Block->net.minecraft.world.level.block.Block=1; import:net.minecraft.block.state.IBlockState->net.minecraft.world.level.block.state.BlockState=1; import:net.minecraft.entity.player.EntityPlayer->net.minecraft.world.entity.player.Player=1; import:net.minecraft.init.Items->net.minecraft.world.item.Items=1; import:net.minecraft.item.ItemStack->net.minecraft.world.item.ItemStack=1; import:net.minecraft.nbt.NBTTagCompound->net.minecraft.nbt.CompoundTag=1; import:net.minecraft.nbt.NBTTagList->net.minecraft.nbt.ListTag=1; import:net.minecraft.nbt.NBTTagLong->net.minecraft.nbt.LongTag=1; import:net.minecraft.util.EnumFacing->net.minecraft.core.Direction=1; import:net.minecraft.util.EnumHand->net.minecraft.world.InteractionHand=1; import:net.minecraft.util.NonNullList->net.minecraft.core.NonNullList=1; import:net.minecraft.util.math.BlockPos->net.minecraft.core.BlockPos=1; import:net.minecraft.world.World->net.minecraft.world.level.Level=1; type:EntityPlayer->Player=1; type:EnumFacing->Direction=2; type:EnumHand->InteractionHand=1; type:IBlockState->BlockState=6; type:NBTTagCompound->CompoundTag=3; type:NBTTagList->ListTag=6; type:NBTTagLong->LongTag=4; type:World->Level=1
src/main/java/net/shadowmage/ancientwarfare/core/AWCoreTab.java,1,import:net.minecraft.item.ItemStack->net.minecraft.world.item.ItemStack=1
src/main/java/net/shadowmage/ancientwarfare/core/AncientWarfareCore.java,6,import:net.minecraft.world.WorldServer->net.minecraft.server.level.ServerLevel=1; import:net.minecraftforge.event.world.WorldEvent->net.minecraftforge.event.level.LevelEvent=1; import:net.minecraftforge.fml.common.eventhandler.EventPriority->net.minecraftforge.eventbus.api.EventPriority=1; import:net.minecraftforge.fml.common.eventhandler.SubscribeEvent->net.minecraftforge.eventbus.api.SubscribeEvent=1; type:WorldEvent->LevelEvent=1; type:WorldServer->ServerLevel=1
src/main/java/net/shadowmage/ancientwarfare/core/block/BlockBase.java,7,import:net.minecraft.block.Block->net.minecraft.world.level.block.Block=1; import:net.minecraft.block.state.IBlockState->net.minecraft.world.level.block.state.BlockState=1; import:net.minecraft.util.ResourceLocation->net.minecraft.resources.ResourceLocation=1; import:net.minecraft.util.math.BlockPos->net.minecraft.core.BlockPos=1; import:net.minecraft.world.World->net.minecraft.world.level.Level=1; type:IBlockState->BlockState=1; type:World->Level=1
src/main/java/net/shadowmage/ancientwarfare/core/block/BlockBaseCore.java,9,import:net.minecraft.block.state.IBlockState->net.minecraft.world.level.block.state.BlockState=1; import:net.minecraft.util.ResourceLocation->net.minecraft.resources.ResourceLocation=1; import:net.minecraftforge.fml.relauncher.Side->net.minecraftforge.api.distmarker.Dist=1; import:net.minecraftforge.fml.relauncher.SideOnly->net.minecraftforge.api.distmarker.OnlyIn=1; type:IBlockState->BlockState=1; type:Side->Dist=2; type:SideOnly->OnlyIn=2
src/main/java/net/shadowmage/ancientwarfare/core/block/BlockEngineeringStation.java,35,call:.isRemote->.isClientSide=1; import:net.minecraft.block.state.IBlockState->net.minecraft.world.level.block.state.BlockState=1; import:net.minecraft.entity.EntityLivingBase->net.minecraft.world.entity.LivingEntity=1; import:net.minecraft.entity.player.EntityPlayer->net.minecraft.world.entity.player.Player=1; import:net.minecraft.tileentity.TileEntity->net.minecraft.world.level.block.entity.BlockEntity=1; import:net.minecraft.util.EnumFacing->net.minecraft.core.Direction=1; import:net.minecraft.util.EnumHand->net.minecraft.world.InteractionHand=1; import:net.minecraft.util.math.BlockPos->net.minecraft.core.BlockPos=1; import:net.minecraft.world.World->net.minecraft.world.level.Level=1; import:net.minecraftforge.fml.relauncher.Side->net.minecraftforge.api.distmarker.Dist=1; import:net.minecraftforge.fml.relauncher.SideOnly->net.minecraftforge.api.distmarker.OnlyIn=1; type:EntityLivingBase->LivingEntity=1; type:EntityPlayer->Player=1; type:EnumFacing->Direction=4; type:EnumHand->InteractionHand=1; type:IBlockState->BlockState=10; type:Side->Dist=1; type:SideOnly->OnlyIn=1; type:TileEntity->BlockEntity=1; type:World->Level=4
src/main/java/net/shadowmage/ancientwarfare/core/block/BlockResearchStation.java,35,import:net.minecraft.block.properties.PropertyBool->net.minecraft.world.level.block.state.properties.BooleanProperty=1; import:net.minecraft.block.state.IBlockState->net.minecraft.world.level.block.state.BlockState=1; import:net.minecraft.entity.EntityLivingBase->net.minecraft.world.entity.LivingEntity=1; import:net.minecraft.entity.player.EntityPlayer->net.minecraft.world.entity.player.Player=1; import:net.minecraft.tileentity.TileEntity->net.minecraft.world.level.block.entity.BlockEntity=1; import:net.minecraft.util.EnumFacing->net.minecraft.core.Direction=1; import:net.minecraft.util.EnumHand->net.minecraft.world.InteractionHand=1; import:net.minecraft.util.math.BlockPos->net.minecraft.core.BlockPos=1; import:net.minecraft.world.World->net.minecraft.world.level.Level=1; import:net.minecraftforge.fml.relauncher.Side->net.minecraftforge.api.distmarker.Dist=1; import:net.minecraftforge.fml.relauncher.SideOnly->net.minecraftforge.api.distmarker.OnlyIn=1; type:EntityLivingBase->LivingEntity=1; type:EntityPlayer->Player=1; type:EnumFacing->Direction=4; type:EnumHand->InteractionHand=1; type:IBlockState->BlockState=9; type:PropertyBool->BooleanProperty=2; type:Side->Dist=1; type:SideOnly->OnlyIn=1; type:TileEntity->BlockEntity=1; type:World->Level=3
src/main/java/net/shadowmage/ancientwarfare/core/block/BlockRotationHandler.java,21,import:net.minecraft.entity.EntityLivingBase->net.minecraft.world.entity.LivingEntity=1; import:net.minecraft.util.EnumFacing->net.minecraft.core.Direction=1; type:EntityLivingBase->LivingEntity=1; type:EnumFacing->Direction=18
src/main/java/net/shadowmage/ancientwarfare/core/block/Direction.java,2,import:net.minecraft.util.EnumFacing->net.minecraft.core.Direction=1; type:EnumFacing->Direction=1
src/main/java/net/shadowmage/ancientwarfare/core/command/CommandResearch.java,1,import:net.minecraft.util.math.BlockPos->net.minecraft.core.BlockPos=1
src/main/java/net/shadowmage/ancientwarfare/core/command/CommandUtils.java,22,call:.getDefaultState()->.defaultBlockState()=4; import:net.minecraft.entity.Entity->net.minecraft.world.entity.Entity=1; import:net.minecraft.entity.player.EntityPlayer->net.minecraft.world.entity.player.Player=1; import:net.minecraft.entity.player.EntityPlayerMP->net.minecraft.server.level.ServerPlayer=1; import:net.minecraft.util.ResourceLocation->net.minecraft.resources.ResourceLocation=1; import:net.minecraft.util.math.BlockPos->net.minecraft.core.BlockPos=1; import:net.minecraft.util.math.ChunkPos->net.minecraft.world.level.ChunkPos=1; import:net.minecraft.world.World->net.minecraft.world.level.Level=1; import:net.minecraft.world.biome.Biome->net.minecraft.world.level.biome.Biome=1; import:net.minecraftforge.fml.common.eventhandler.SubscribeEvent->net.minecraftforge.eventbus.api.SubscribeEvent=1; import:net.minecraftforge.fml.common.gameevent.TickEvent->net.minecraftforge.event.TickEvent=1; import:net.minecraftforge.fml.common.registry.ForgeRegistries->net.minecraftforge.registries.ForgeRegistries=1; type:EntityPlayer->Player=1; type:EntityPlayerMP->ServerPlayer=5; type:World->Level=1
src/main/java/net/shadowmage/ancientwarfare/core/command/ISubCommand.java,1,import:net.minecraft.util.math.BlockPos->net.minecraft.core.BlockPos=1
src/main/java/net/shadowmage/ancientwarfare/core/command/ParentCommand.java,1,import:net.minecraft.util.math.BlockPos->net.minecraft.core.BlockPos=1
src/main/java/net/shadowmage/ancientwarfare/core/command/RootCommand.java,1,import:net.minecraft.util.math.BlockPos->net.minecraft.core.BlockPos=1
src/main/java/net/shadowmage/ancientwarfare/core/compat/CompatLoader.java,1,api:Loader.isModLoaded->ModList.get().isLoaded=1
src/main/java/net/shadowmage/ancientwarfare/core/compat/ftb/FTBTeamViewer.java,5,import:net.minecraft.util.ResourceLocation->net.minecraft.resources.ResourceLocation=1; import:net.minecraft.world.World->net.minecraft.world.level.Level=1; type:World->Level=3
src/main/java/net/shadowmage/ancientwarfare/core/compat/jei/AWJEIPlugin.java,6,call:.getTagCompound()->.getTag()=1; call:.hasTagCompound()->.hasTag()=1; import:net.minecraft.inventory.Container->net.minecraft.world.inventory.AbstractContainerMenu=1; import:net.minecraft.item.Item->net.minecraft.world.item.Item=1; import:net.minecraft.item.ItemStack->net.minecraft.world.item.ItemStack=1; type:Container->AbstractContainerMenu=1
src/main/java/net/shadowmage/ancientwarfare/core/compat/jei/MultiRecipeTransferHandler.java,12,import:net.minecraft.client.resources.I18n->net.minecraft.client.resources.language.I18n=1; import:net.minecraft.entity.player.EntityPlayer->net.minecraft.world.entity.player.Player=1; import:net.minecraft.inventory.Container->net.minecraft.world.inventory.AbstractContainerMenu=1; import:net.minecraft.inventory.Slot->net.minecraft.world.inventory.Slot=1; import:net.minecraft.item.ItemStack->net.minecraft.world.item.ItemStack=1; import:net.minecraft.util.NonNullList->net.minecraft.core.NonNullList=1; import:net.minecraftforge.fml.relauncher.Side->net.minecraftforge.api.distmarker.Dist=1; import:net.minecraftforge.fml.relauncher.SideOnly->net.minecraftforge.api.distmarker.OnlyIn=1; type:Container->AbstractContainerMenu=1; type:EntityPlayer->Player=1; type:Side->Dist=1; type:SideOnly->OnlyIn=1
src/main/java/net/shadowmage/ancientwarfare/core/compat/jei/PacketTransferRecipe.java,10,import:net.minecraft.entity.player.EntityPlayer->net.minecraft.world.entity.player.Player=1; import:net.minecraft.inventory.Slot->net.minecraft.world.inventory.Slot=1; import:net.minecraft.item.ItemStack->net.minecraft.world.item.ItemStack=1; import:net.minecraft.network.PacketBuffer->net.minecraft.network.FriendlyByteBuf=1; import:net.minecraft.util.NonNullList->net.minecraft.core.NonNullList=1; type:EntityPlayer->Player=1; type:PacketBuffer->FriendlyByteBuf=4
src/main/java/net/shadowmage/ancientwarfare/core/compat/jei/ResearchRecipeCategory.java,2,import:net.minecraft.item.ItemStack->net.minecraft.world.item.ItemStack=1; import:net.minecraft.util.ResourceLocation->net.minecraft.resources.ResourceLocation=1
src/main/java/net/shadowmage/ancientwarfare/core/compat/jei/ResearchRecipeWrapper.java,6,import:net.minecraft.client.resources.I18n->net.minecraft.client.resources.language.I18n=1; import:net.minecraft.item.ItemStack->net.minecraft.world.item.ItemStack=1; import:net.minecraftforge.fml.relauncher.Side->net.minecraftforge.api.distmarker.Dist=1; import:net.minecraftforge.fml.relauncher.SideOnly->net.minecraftforge.api.distmarker.OnlyIn=1; type:Side->Dist=1; type:SideOnly->OnlyIn=1
src/main/java/net/shadowmage/ancientwarfare/core/compat/jei/ShapedResearchRecipeCategory.java,1,import:net.minecraft.client.resources.I18n->net.minecraft.client.resources.language.I18n=1
src/main/java/net/shadowmage/ancientwarfare/core/compat/jei/ShapelessResearchRecipeCategory.java,1,import:net.minecraft.client.resources.I18n->net.minecraft.client.resources.language.I18n=1
src/main/java/net/shadowmage/ancientwarfare/core/config/AWCoreStatics.java,2,import:net.minecraft.item.Item->net.minecraft.world.item.Item=1; import:net.minecraft.util.ResourceLocation->net.minecraft.resources.ResourceLocation=1
src/main/java/net/shadowmage/ancientwarfare/core/container/ContainerBackpack.java,12,call:.getItemDamage()->.getDamageValue()=1; import:net.minecraft.entity.player.EntityPlayer->net.minecraft.world.entity.player.Player=1; import:net.minecraft.inventory.Slot->net.minecraft.world.inventory.Slot=1; import:net.minecraft.item.ItemStack->net.minecraft.world.item.ItemStack=1; import:net.minecraft.util.EnumFacing->net.minecraft.core.Direction=1; import:net.minecraft.util.EnumHand->net.minecraft.world.InteractionHand=1; type:EntityPlayer->Player=3; type:EnumFacing->Direction=1; type:EnumHand->InteractionHand=2
src/main/java/net/shadowmage/ancientwarfare/core/container/ContainerBase.java,27,call:.isRemote->.isClientSide=3; import:net.minecraft.entity.player.EntityPlayer->net.minecraft.world.entity.player.Player=1; import:net.minecraft.entity.player.EntityPlayerMP->net.minecraft.server.level.ServerPlayer=1; import:net.minecraft.inventory.Container->net.minecraft.world.inventory.AbstractContainerMenu=1; import:net.minecraft.inventory.Slot->net.minecraft.world.inventory.Slot=1; import:net.minecraft.item.ItemStack->net.minecraft.world.item.ItemStack=1; import:net.minecraft.nbt.NBTBase->net.minecraft.nbt.Tag=1; import:net.minecraft.nbt.NBTTagCompound->net.minecraft.nbt.CompoundTag=1; import:net.minecraft.util.EnumFacing->net.minecraft.core.Direction=1; type:Container->AbstractContainerMenu=1; type:EntityPlayer->Player=4; type:EntityPlayerMP->ServerPlayer=2; type:EnumFacing->Direction=1; type:NBTBase->Tag=1; type:NBTTagCompound->CompoundTag=7
src/main/java/net/shadowmage/ancientwarfare/core/container/ContainerCraftingRecipeMemory.java,28,call:.getWorldTime()->.getDayTime()=2; call:.isRemote->.isClientSide=3; import:net.minecraft.entity.player.EntityPlayer->net.minecraft.world.entity.player.Player=1; import:net.minecraft.inventory.Slot->net.minecraft.world.inventory.Slot=1; import:net.minecraft.item.ItemStack->net.minecraft.world.item.ItemStack=1; import:net.minecraft.nbt.NBTTagCompound->net.minecraft.nbt.CompoundTag=1; import:net.minecraft.util.EnumActionResult->net.minecraft.world.InteractionResult=1; import:net.minecraft.util.NonNullList->net.minecraft.core.NonNullList=1; import:net.minecraft.world.World->net.minecraft.world.level.Level=1; type:EntityPlayer->Player=5; type:EnumActionResult->InteractionResult=5; type:NBTTagCompound->CompoundTag=5; type:World->Level=1
src/main/java/net/shadowmage/ancientwarfare/core/container/ContainerEngineeringStation.java,15,import:net.minecraft.entity.player.EntityPlayer->net.minecraft.world.entity.player.Player=1; import:net.minecraft.inventory.Slot->net.minecraft.world.inventory.Slot=1; import:net.minecraft.item.ItemStack->net.minecraft.world.item.ItemStack=1; import:net.minecraft.nbt.NBTTagCompound->net.minecraft.nbt.CompoundTag=1; import:net.minecraft.util.NonNullList->net.minecraft.core.NonNullList=1; import:net.minecraftforge.fml.relauncher.Side->net.minecraftforge.api.distmarker.Dist=1; import:net.minecraftforge.fml.relauncher.SideOnly->net.minecraftforge.api.distmarker.OnlyIn=1; type:EntityPlayer->Player=5; type:NBTTagCompound->CompoundTag=1; type:Side->Dist=1; type:SideOnly->OnlyIn=1
src/main/java/net/shadowmage/ancientwarfare/core/container/ContainerEntityBase.java,5,call:.isEntityAlive()->.isAlive()=1; import:net.minecraft.entity.Entity->net.minecraft.world.entity.Entity=1; import:net.minecraft.entity.player.EntityPlayer->net.minecraft.world.entity.player.Player=1; type:EntityPlayer->Player=2
src/main/java/net/shadowmage/ancientwarfare/core/container/ContainerInfoTool.java,3,import:net.minecraft.entity.player.EntityPlayer->net.minecraft.world.entity.player.Player=1; import:net.minecraft.item.ItemStack->net.minecraft.world.item.ItemStack=1; type:EntityPlayer->Player=1
src/main/java/net/shadowmage/ancientwarfare/core/container/ContainerManual.java,2,import:net.minecraft.entity.player.EntityPlayer->net.minecraft.world.entity.player.Player=1; type:EntityPlayer->Player=1
src/main/java/net/shadowmage/ancientwarfare/core/container/ContainerResearchBook.java,2,import:net.minecraft.entity.player.EntityPlayer->net.minecraft.world.entity.player.Player=1; type:EntityPlayer->Player=1
src/main/java/net/shadowmage/ancientwarfare/core/container/ContainerResearchStation.java,38,call:.isRemote->.isClientSide=4; call:.markDirty()->.setChanged()=1; import:net.minecraft.entity.player.EntityPlayer->net.minecraft.world.entity.player.Player=1; import:net.minecraft.inventory.Slot->net.minecraft.world.inventory.Slot=1; import:net.minecraft.item.ItemStack->net.minecraft.world.item.ItemStack=1; import:net.minecraft.nbt.NBTTagCompound->net.minecraft.nbt.CompoundTag=1; import:net.minecraft.nbt.NBTTagString->net.minecraft.nbt.StringTag=1; import:net.minecraft.util.EnumFacing->net.minecraft.core.Direction=1; type:EntityPlayer->Player=2; type:EnumFacing->Direction=6; type:NBTTagCompound->CompoundTag=16; type:NBTTagString->StringTag=3
src/main/java/net/shadowmage/ancientwarfare/core/container/ContainerTileBase.java,7,call:.getDistanceSq(->.distanceToSqr(=1; import:net.minecraft.entity.player.EntityPlayer->net.minecraft.world.entity.player.Player=1; import:net.minecraft.tileentity.TileEntity->net.minecraft.world.level.block.entity.BlockEntity=1; import:net.minecraft.util.math.BlockPos->net.minecraft.core.BlockPos=1; type:EntityPlayer->Player=2; type:TileEntity->BlockEntity=1
src/main/java/net/shadowmage/ancientwarfare/core/crafting/AWCraftingManager.java,20,import:net.minecraft.entity.player.EntityPlayer->net.minecraft.world.entity.player.Player=1; import:net.minecraft.inventory.Container->net.minecraft.world.inventory.AbstractContainerMenu=1; import:net.minecraft.inventory.IInventory->net.minecraft.world.Container=1; import:net.minecraft.item.Item->net.minecraft.world.item.Item=1; import:net.minecraft.item.ItemStack->net.minecraft.world.item.ItemStack=1; import:net.minecraft.util.NonNullList->net.minecraft.core.NonNullList=1; import:net.minecraft.util.ResourceLocation->net.minecraft.resources.ResourceLocation=1; import:net.minecraft.world.World->net.minecraft.world.level.Level=1; import:net.minecraftforge.fml.common.registry.ForgeRegistries->net.minecraftforge.registries.ForgeRegistries=1; type:Container->AbstractContainerMenu=1; type:EntityPlayer->Player=1; type:IInventory->Container=1; type:World->Level=8
src/main/java/net/shadowmage/ancientwarfare/core/crafting/ICraftingRecipe.java,2,import:net.minecraft.item.ItemStack->net.minecraft.world.item.ItemStack=1; import:net.minecraft.util.NonNullList->net.minecraft.core.NonNullList=1
src/main/java/net/shadowmage/ancientwarfare/core/crafting/IngredientCount.java,1,import:net.minecraft.item.ItemStack->net.minecraft.world.item.ItemStack=1
src/main/java/net/shadowmage/ancientwarfare/core/crafting/IngredientNBTRelaxed.java,10,call:.getItemDamage()->.getDamageValue()=2; call:.getTagCompound()->.getTag()=2; call:.hasTagCompound()->.hasTag()=2; import:net.minecraft.item.ItemStack->net.minecraft.world.item.ItemStack=1; import:net.minecraft.nbt.NBTTagCompound->net.minecraft.nbt.CompoundTag=1; type:NBTTagCompound->CompoundTag=2
src/main/java/net/shadowmage/ancientwarfare/core/crafting/IngredientOreCount.java,1,import:net.minecraft.item.ItemStack->net.minecraft.world.item.ItemStack=1
src/main/java/net/shadowmage/ancientwarfare/core/crafting/RecipeResourceLocation.java,3,import:net.minecraft.util.IStringSerializable->net.minecraft.util.StringRepresentable=1; import:net.minecraft.util.ResourceLocation->net.minecraft.resources.ResourceLocation=1; type:IStringSerializable->StringRepresentable=1
src/main/java/net/shadowmage/ancientwarfare/core/crafting/ResearchRecipeBase.java,4,import:net.minecraft.item.ItemStack->net.minecraft.world.item.ItemStack=1; import:net.minecraft.util.NonNullList->net.minecraft.core.NonNullList=1; import:net.minecraft.world.World->net.minecraft.world.level.Level=1; type:World->Level=1
src/main/java/net/shadowmage/ancientwarfare/core/crafting/ResearchRecipeFactory.java,2,import:net.minecraft.item.ItemStack->net.minecraft.world.item.ItemStack=1; import:net.minecraft.util.NonNullList->net.minecraft.core.NonNullList=1
src/main/java/net/shadowmage/ancientwarfare/core/crafting/ShapedResearchRecipe.java,3,import:net.minecraft.item.ItemStack->net.minecraft.world.item.ItemStack=1; import:net.minecraft.world.World->net.minecraft.world.level.Level=1; type:World->Level=1
src/main/java/net/shadowmage/ancientwarfare/core/crafting/ShapelessResearchRecipe.java,4,import:net.minecraft.item.ItemStack->net.minecraft.world.item.ItemStack=1; import:net.minecraft.util.NonNullList->net.minecraft.core.NonNullList=1; import:net.minecraft.world.World->net.minecraft.world.level.Level=1; type:World->Level=1
src/main/java/net/shadowmage/ancientwarfare/core/crafting/wrappers/NoRecipeWrapper.java,2,import:net.minecraft.item.ItemStack->net.minecraft.world.item.ItemStack=1; import:net.minecraft.util.NonNullList->net.minecraft.core.NonNullList=1
src/main/java/net/shadowmage/ancientwarfare/core/crafting/wrappers/RegularCraftingWrapper.java,2,import:net.minecraft.item.ItemStack->net.minecraft.world.item.ItemStack=1; import:net.minecraft.util.NonNullList->net.minecraft.core.NonNullList=1
src/main/java/net/shadowmage/ancientwarfare/core/crafting/wrappers/ResearchCraftingWrapper.java,2,import:net.minecraft.item.ItemStack->net.minecraft.world.item.ItemStack=1; import:net.minecraft.util.NonNullList->net.minecraft.core.NonNullList=1
src/main/java/net/shadowmage/ancientwarfare/core/datafixes/ResearchEntryIdNameFixer.java,7,import:net.minecraft.nbt.NBTTagCompound->net.minecraft.nbt.CompoundTag=1; import:net.minecraft.nbt.NBTTagList->net.minecraft.nbt.ListTag=1; import:net.minecraft.nbt.NBTTagString->net.minecraft.nbt.StringTag=1; type:NBTTagCompound->CompoundTag=2; type:NBTTagList->ListTag=1; type:NBTTagString->StringTag=1
src/main/java/net/shadowmage/ancientwarfare/core/datafixes/ResearchNoteFixer.java,5,import:net.minecraft.nbt.NBTTagCompound->net.minecraft.nbt.CompoundTag=1; type:NBTTagCompound->CompoundTag=4
src/main/java/net/shadowmage/ancientwarfare/core/datafixes/TileIdFixer.java,3,import:net.minecraft.nbt.NBTTagCompound->net.minecraft.nbt.CompoundTag=1; type:NBTTagCompound->CompoundTag=2
src/main/java/net/shadowmage/ancientwarfare/core/datafixes/TileOwnerFixer.java,3,import:net.minecraft.nbt.NBTTagCompound->net.minecraft.nbt.CompoundTag=1; type:NBTTagCompound->CompoundTag=2
src/main/java/net/shadowmage/ancientwarfare/core/datafixes/VehicleOwnerFixer.java,3,import:net.minecraft.nbt.NBTTagCompound->net.minecraft.nbt.CompoundTag=1; type:NBTTagCompound->CompoundTag=2
src/main/java/net/shadowmage/ancientwarfare/core/entity/AWEntityRegistry.java,6,import:net.minecraft.entity.Entity->net.minecraft.world.entity.Entity=1; import:net.minecraft.util.ResourceLocation->net.minecraft.resources.ResourceLocation=1; import:net.minecraft.world.World->net.minecraft.world.level.Level=1; import:net.minecraftforge.fml.common.registry.ForgeRegistries->net.minecraftforge.registries.ForgeRegistries=1; type:World->Level=2
src/main/java/net/shadowmage/ancientwarfare/core/entity/AWFakePlayer.java,8,import:net.minecraft.block.state.IBlockState->net.minecraft.world.level.block.state.BlockState=1; import:net.minecraft.world.World->net.minecraft.world.level.Level=1; import:net.minecraft.world.WorldServer->net.minecraft.server.level.ServerLevel=1; type:IBlockState->BlockState=1; type:World->Level=1; type:WorldServer->ServerLevel=3
src/main/java/net/shadowmage/ancientwarfare/core/gamedata/AWGameData.java,4,import:net.minecraft.world.World->net.minecraft.world.level.Level=1; import:net.minecraft.world.storage.WorldSavedData->net.minecraft.world.level.saveddata.SavedData=1; type:World->Level=2
src/main/java/net/shadowmage/ancientwarfare/core/gamedata/WorldData.java,12,call:.getUniqueID()->.getUUID()=2; import:net.minecraft.entity.player.EntityPlayer->net.minecraft.world.entity.player.Player=1; import:net.minecraft.nbt.NBTTagCompound->net.minecraft.nbt.CompoundTag=1; import:net.minecraft.world.storage.WorldSavedData->net.minecraft.world.level.saveddata.SavedData=1; type:EntityPlayer->Player=2; type:NBTTagCompound->CompoundTag=5
src/main/java/net/shadowmage/ancientwarfare/core/gui/GuiContainerBase.java,7,import:net.minecraft.entity.player.EntityPlayer->net.minecraft.world.entity.player.Player=1; import:net.minecraft.inventory.Slot->net.minecraft.world.inventory.Slot=1; import:net.minecraft.item.ItemStack->net.minecraft.world.item.ItemStack=1; import:net.minecraft.nbt.NBTTagCompound->net.minecraft.nbt.CompoundTag=1; import:net.minecraft.util.ResourceLocation->net.minecraft.resources.ResourceLocation=1; type:EntityPlayer->Player=1; type:NBTTagCompound->CompoundTag=1
src/main/java/net/shadowmage/ancientwarfare/core/gui/GuiInfoTool.java,2,import:net.minecraft.client.resources.I18n->net.minecraft.client.resources.language.I18n=1; import:net.minecraft.inventory.Slot->net.minecraft.world.inventory.Slot=1
src/main/java/net/shadowmage/ancientwarfare/core/gui/GuiResearchBook.java,3,import:net.minecraft.client.resources.I18n->net.minecraft.client.resources.language.I18n=1; import:net.minecraft.item.ItemStack->net.minecraft.world.item.ItemStack=1; import:net.minecraft.util.NonNullList->net.minecraft.core.NonNullList=1
src/main/java/net/shadowmage/ancientwarfare/core/gui/TextureData.java,1,import:net.minecraft.util.ResourceLocation->net.minecraft.resources.ResourceLocation=1
src/main/java/net/shadowmage/ancientwarfare/core/gui/crafting/ResearchCraftingElement.java,1,import:net.minecraft.item.ItemStack->net.minecraft.world.item.ItemStack=1
src/main/java/net/shadowmage/ancientwarfare/core/gui/elements/Button.java,6,import:net.minecraft.client.resources.I18n->net.minecraft.client.resources.language.I18n=1; import:net.minecraft.init.SoundEvents->net.minecraft.sounds.SoundEvents=1; import:net.minecraftforge.fml.relauncher.Side->net.minecraftforge.api.distmarker.Dist=1; import:net.minecraftforge.fml.relauncher.SideOnly->net.minecraftforge.api.distmarker.OnlyIn=1; type:Side->Dist=1; type:SideOnly->OnlyIn=1
src/main/java/net/shadowmage/ancientwarfare/core/gui/elements/Checkbox.java,6,import:net.minecraft.client.resources.I18n->net.minecraft.client.resources.language.I18n=1; import:net.minecraft.init.SoundEvents->net.minecraft.sounds.SoundEvents=1; import:net.minecraftforge.fml.relauncher.Side->net.minecraftforge.api.distmarker.Dist=1; import:net.minecraftforge.fml.relauncher.SideOnly->net.minecraftforge.api.distmarker.OnlyIn=1; type:Side->Dist=1; type:SideOnly->OnlyIn=1
src/main/java/net/shadowmage/ancientwarfare/core/gui/elements/Composite.java,4,import:net.minecraftforge.fml.relauncher.Side->net.minecraftforge.api.distmarker.Dist=1; import:net.minecraftforge.fml.relauncher.SideOnly->net.minecraftforge.api.distmarker.OnlyIn=1; type:Side->Dist=1; type:SideOnly->OnlyIn=1
src/main/java/net/shadowmage/ancientwarfare/core/gui/elements/CompositeItemSlots.java,7,import:net.minecraft.client.gui.FontRenderer->net.minecraft.client.gui.Font=1; import:net.minecraft.item.ItemStack->net.minecraft.world.item.ItemStack=1; import:net.minecraftforge.fml.relauncher.Side->net.minecraftforge.api.distmarker.Dist=1; import:net.minecraftforge.fml.relauncher.SideOnly->net.minecraftforge.api.distmarker.OnlyIn=1; type:FontRenderer->Font=1; type:Side->Dist=1; type:SideOnly->OnlyIn=1
src/main/java/net/shadowmage/ancientwarfare/core/gui/elements/CompositeScrolled.java,4,import:net.minecraftforge.fml.relauncher.Side->net.minecraftforge.api.distmarker.Dist=1; import:net.minecraftforge.fml.relauncher.SideOnly->net.minecraftforge.api.distmarker.OnlyIn=1; type:Side->Dist=1; type:SideOnly->OnlyIn=1
src/main/java/net/shadowmage/ancientwarfare/core/gui/elements/CompositeTabbed.java,4,import:net.minecraftforge.fml.relauncher.Side->net.minecraftforge.api.distmarker.Dist=1; import:net.minecraftforge.fml.relauncher.SideOnly->net.minecraftforge.api.distmarker.OnlyIn=1; type:Side->Dist=1; type:SideOnly->OnlyIn=1
src/main/java/net/shadowmage/ancientwarfare/core/gui/elements/GuiElement.java,6,import:net.minecraft.client.resources.I18n->net.minecraft.client.resources.language.I18n=1; import:net.minecraft.util.ResourceLocation->net.minecraft.resources.ResourceLocation=1; import:net.minecraftforge.fml.relauncher.Side->net.minecraftforge.api.distmarker.Dist=1; import:net.minecraftforge.fml.relauncher.SideOnly->net.minecraftforge.api.distmarker.OnlyIn=1; type:Side->Dist=1; type:SideOnly->OnlyIn=1
src/main/java/net/shadowmage/ancientwarfare/core/gui/elements/ImageButton.java,1,import:net.minecraft.init.SoundEvents->net.minecraft.sounds.SoundEvents=1
src/main/java/net/shadowmage/ancientwarfare/core/gui/elements/ItemSlot.java,8,import:net.minecraft.client.gui.FontRenderer->net.minecraft.client.gui.Font=1; import:net.minecraft.item.ItemStack->net.minecraft.world.item.ItemStack=1; import:net.minecraftforge.fml.relauncher.Side->net.minecraftforge.api.distmarker.Dist=1; import:net.minecraftforge.fml.relauncher.SideOnly->net.minecraftforge.api.distmarker.OnlyIn=1; type:FontRenderer->Font=2; type:Side->Dist=1; type:SideOnly->OnlyIn=1
src/main/java/net/shadowmage/ancientwarfare/core/gui/elements/ItemToggleButton.java,2,import:net.minecraft.init.SoundEvents->net.minecraft.sounds.SoundEvents=1; import:net.minecraft.item.ItemStack->net.minecraft.world.item.ItemStack=1
src/main/java/net/shadowmage/ancientwarfare/core/gui/elements/Label.java,5,import:net.minecraft.client.resources.I18n->net.minecraft.client.resources.language.I18n=1; import:net.minecraftforge.fml.relauncher.Side->net.minecraftforge.api.distmarker.Dist=1; import:net.minecraftforge.fml.relauncher.SideOnly->net.minecraftforge.api.distmarker.OnlyIn=1; type:Side->Dist=1; type:SideOnly->OnlyIn=1
src/main/java/net/shadowmage/ancientwarfare/core/gui/elements/Line.java,4,import:net.minecraftforge.fml.relauncher.Side->net.minecraftforge.api.distmarker.Dist=1; import:net.minecraftforge.fml.relauncher.SideOnly->net.minecraftforge.api.distmarker.OnlyIn=1; type:Side->Dist=1; type:SideOnly->OnlyIn=1
src/main/java/net/shadowmage/ancientwarfare/core/gui/elements/ProgressBar.java,4,import:net.minecraftforge.fml.relauncher.Side->net.minecraftforge.api.distmarker.Dist=1; import:net.minecraftforge.fml.relauncher.SideOnly->net.minecraftforge.api.distmarker.OnlyIn=1; type:Side->Dist=1; type:SideOnly->OnlyIn=1
src/main/java/net/shadowmage/ancientwarfare/core/gui/elements/Rectangle.java,4,import:net.minecraftforge.fml.relauncher.Side->net.minecraftforge.api.distmarker.Dist=1; import:net.minecraftforge.fml.relauncher.SideOnly->net.minecraftforge.api.distmarker.OnlyIn=1; type:Side->Dist=1; type:SideOnly->OnlyIn=1
src/main/java/net/shadowmage/ancientwarfare/core/gui/elements/Scrollbar.java,5,import:net.minecraft.init.SoundEvents->net.minecraft.sounds.SoundEvents=1; import:net.minecraftforge.fml.relauncher.Side->net.minecraftforge.api.distmarker.Dist=1; import:net.minecraftforge.fml.relauncher.SideOnly->net.minecraftforge.api.distmarker.OnlyIn=1; type:Side->Dist=1; type:SideOnly->OnlyIn=1
src/main/java/net/shadowmage/ancientwarfare/core/gui/elements/Tab.java,5,import:net.minecraft.init.SoundEvents->net.minecraft.sounds.SoundEvents=1; import:net.minecraftforge.fml.relauncher.Side->net.minecraftforge.api.distmarker.Dist=1; import:net.minecraftforge.fml.relauncher.SideOnly->net.minecraftforge.api.distmarker.OnlyIn=1; type:Side->Dist=1; type:SideOnly->OnlyIn=1
src/main/java/net/shadowmage/ancientwarfare/core/gui/elements/Text.java,4,import:net.minecraftforge.fml.relauncher.Side->net.minecraftforge.api.distmarker.Dist=1; import:net.minecraftforge.fml.relauncher.SideOnly->net.minecraftforge.api.distmarker.OnlyIn=1; type:Side->Dist=1; type:SideOnly->OnlyIn=1
src/main/java/net/shadowmage/ancientwarfare/core/gui/elements/TextButton.java,1,import:net.minecraft.init.SoundEvents->net.minecraft.sounds.SoundEvents=1
src/main/java/net/shadowmage/ancientwarfare/core/gui/elements/TexturedButton.java,5,import:net.minecraft.init.SoundEvents->net.minecraft.sounds.SoundEvents=1; import:net.minecraftforge.fml.relauncher.Side->net.minecraftforge.api.distmarker.Dist=1; import:net.minecraftforge.fml.relauncher.SideOnly->net.minecraftforge.api.distmarker.OnlyIn=1; type:Side->Dist=1; type:SideOnly->OnlyIn=1
src/main/java/net/shadowmage/ancientwarfare/core/gui/elements/TexturedRectangle.java,5,import:net.minecraft.util.ResourceLocation->net.minecraft.resources.ResourceLocation=1; import:net.minecraftforge.fml.relauncher.Side->net.minecraftforge.api.distmarker.Dist=1; import:net.minecraftforge.fml.relauncher.SideOnly->net.minecraftforge.api.distmarker.OnlyIn=1; type:Side->Dist=1; type:SideOnly->OnlyIn=1
src/main/java/net/shadowmage/ancientwarfare/core/gui/elements/TexturedRectangleLive.java,5,import:net.minecraft.util.ResourceLocation->net.minecraft.resources.ResourceLocation=1; import:net.minecraftforge.fml.relauncher.Side->net.minecraftforge.api.distmarker.Dist=1; import:net.minecraftforge.fml.relauncher.SideOnly->net.minecraftforge.api.distmarker.OnlyIn=1; type:Side->Dist=1; type:SideOnly->OnlyIn=1
src/main/java/net/shadowmage/ancientwarfare/core/gui/elements/Tooltip.java,8,import:net.minecraft.client.renderer.BufferBuilder->com.mojang.blaze3d.vertex.BufferBuilder=1; import:net.minecraft.client.renderer.Tessellator->com.mojang.blaze3d.vertex.Tesselator=1; import:net.minecraftforge.fml.relauncher.Side->net.minecraftforge.api.distmarker.Dist=1; import:net.minecraftforge.fml.relauncher.SideOnly->net.minecraftforge.api.distmarker.OnlyIn=1; type:Side->Dist=1; type:SideOnly->OnlyIn=1; type:Tessellator->Tesselator=2
src/main/java/net/shadowmage/ancientwarfare/core/gui/manual/ElementWrapperFactory.java,4,import:net.minecraftforge.fml.relauncher.Side->net.minecraftforge.api.distmarker.Dist=1; import:net.minecraftforge.fml.relauncher.SideOnly->net.minecraftforge.api.distmarker.OnlyIn=1; type:Side->Dist=1; type:SideOnly->OnlyIn=1
src/main/java/net/shadowmage/ancientwarfare/core/gui/manual/GuiManual.java,5,import:net.minecraft.util.ResourceLocation->net.minecraft.resources.ResourceLocation=1; import:net.minecraftforge.fml.relauncher.Side->net.minecraftforge.api.distmarker.Dist=1; import:net.minecraftforge.fml.relauncher.SideOnly->net.minecraftforge.api.distmarker.OnlyIn=1; type:Side->Dist=1; type:SideOnly->OnlyIn=1
src/main/java/net/shadowmage/ancientwarfare/core/gui/manual/Paging.java,1,import:net.minecraft.util.ResourceLocation->net.minecraft.resources.ResourceLocation=1
src/main/java/net/shadowmage/ancientwarfare/core/gui/manual/elements/ImageElementWrapper.java,1,import:net.minecraft.util.ResourceLocation->net.minecraft.resources.ResourceLocation=1
src/main/java/net/shadowmage/ancientwarfare/core/gui/manual/elements/ItemElementWrapper.java,1,import:net.minecraft.item.ItemStack->net.minecraft.world.item.ItemStack=1
src/main/java/net/shadowmage/ancientwarfare/core/gui/manual/elements/TableOfContentsWrapper.java,7,import:net.minecraft.client.gui.FontRenderer->net.minecraft.client.gui.Font=1; import:net.minecraftforge.fml.relauncher.Side->net.minecraftforge.api.distmarker.Dist=1; import:net.minecraftforge.fml.relauncher.SideOnly->net.minecraftforge.api.distmarker.OnlyIn=1; type:FontRenderer->Font=2; type:Side->Dist=1; type:SideOnly->OnlyIn=1
src/main/java/net/shadowmage/ancientwarfare/core/gui/manual/elements/TextElementWrapper.java,6,import:net.minecraft.client.gui.FontRenderer->net.minecraft.client.gui.Font=1; import:net.minecraftforge.fml.relauncher.Side->net.minecraftforge.api.distmarker.Dist=1; import:net.minecraftforge.fml.relauncher.SideOnly->net.minecraftforge.api.distmarker.OnlyIn=1; type:FontRenderer->Font=1; type:Side->Dist=1; type:SideOnly->OnlyIn=1
src/main/java/net/shadowmage/ancientwarfare/core/gui/options/OptionsGuiFactory.java,4,import:net.minecraftforge.fml.relauncher.Side->net.minecraftforge.api.distmarker.Dist=1; import:net.minecraftforge.fml.relauncher.SideOnly->net.minecraftforge.api.distmarker.OnlyIn=1; type:Side->Dist=1; type:SideOnly->OnlyIn=1
src/main/java/net/shadowmage/ancientwarfare/core/gui/research/GuiResearchStation.java,3,import:net.minecraft.client.resources.I18n->net.minecraft.client.resources.language.I18n=1; import:net.minecraft.item.ItemStack->net.minecraft.world.item.ItemStack=1; import:net.minecraft.util.NonNullList->net.minecraft.core.NonNullList=1
src/main/java/net/shadowmage/ancientwarfare/core/gui/research/GuiResearchStationSelection.java,2,import:net.minecraft.client.resources.I18n->net.minecraft.client.resources.language.I18n=1; import:net.minecraft.item.ItemStack->net.minecraft.world.item.ItemStack=1
src/main/java/net/shadowmage/ancientwarfare/core/init/AWCoreBlocks.java,6,import:net.minecraft.block.Block->net.minecraft.world.level.block.Block=1; import:net.minecraft.item.Item->net.minecraft.world.item.Item=1; import:net.minecraft.tileentity.TileEntity->net.minecraft.world.level.block.entity.BlockEntity=1; import:net.minecraft.util.ResourceLocation->net.minecraft.resources.ResourceLocation=1; import:net.minecraftforge.fml.common.eventhandler.SubscribeEvent->net.minecraftforge.eventbus.api.SubscribeEvent=1; type:TileEntity->BlockEntity=1
src/main/java/net/shadowmage/ancientwarfare/core/init/AWCoreItems.java,2,import:net.minecraft.item.Item->net.minecraft.world.item.Item=1; import:net.minecraftforge.fml.common.eventhandler.SubscribeEvent->net.minecraftforge.eventbus.api.SubscribeEvent=1
src/main/java/net/shadowmage/ancientwarfare/core/init/AWCoreLoot.java,4,api:Loader.isModLoaded->ModList.get().isLoaded=1; import:net.minecraft.item.Item->net.minecraft.world.item.Item=1; import:net.minecraft.util.ResourceLocation->net.minecraft.resources.ResourceLocation=1; import:net.minecraftforge.fml.common.eventhandler.SubscribeEvent->net.minecraftforge.eventbus.api.SubscribeEvent=1
src/main/java/net/shadowmage/ancientwarfare/core/input/IItemKeyInterface.java,4,import:net.minecraft.entity.player.EntityPlayer->net.minecraft.world.entity.player.Player=1; import:net.minecraft.item.ItemStack->net.minecraft.world.item.ItemStack=1; type:EntityPlayer->Player=2
src/main/java/net/shadowmage/ancientwarfare/core/input/IScrollableItem.java,7,import:net.minecraft.entity.player.EntityPlayer->net.minecraft.world.entity.player.Player=1; import:net.minecraft.item.ItemStack->net.minecraft.world.item.ItemStack=1; import:net.minecraft.world.World->net.minecraft.world.level.Level=1; type:EntityPlayer->Player=2; type:World->Level=2
src/main/java/net/shadowmage/ancientwarfare/core/input/InputCallbackDispatcher.java,4,import:net.minecraft.client.settings.KeyBinding->net.minecraft.client.KeyMapping=1; type:KeyBinding->KeyMapping=3
src/main/java/net/shadowmage/ancientwarfare/core/input/InputHandler.java,23,call:.getHeldItemMainhand()->.getMainHandItem()=1; import:net.minecraft.client.settings.KeyBinding->net.minecraft.client.KeyMapping=1; import:net.minecraft.entity.player.EntityPlayer->net.minecraft.world.entity.player.Player=1; import:net.minecraft.item.Item->net.minecraft.world.item.Item=1; import:net.minecraft.item.ItemStack->net.minecraft.world.item.ItemStack=1; import:net.minecraftforge.fml.common.eventhandler.SubscribeEvent->net.minecraftforge.eventbus.api.SubscribeEvent=1; import:net.minecraftforge.fml.relauncher.Side->net.minecraftforge.api.distmarker.Dist=1; import:net.minecraftforge.fml.relauncher.SideOnly->net.minecraftforge.api.distmarker.OnlyIn=1; type:EntityPlayer->Player=2; type:KeyBinding->KeyMapping=11; type:Side->Dist=1; type:SideOnly->OnlyIn=1
src/main/java/net/shadowmage/ancientwarfare/core/input/ItemInputCallback.java,9,import:net.minecraft.item.ItemStack->net.minecraft.world.item.ItemStack=1; import:net.minecraft.util.EnumHand->net.minecraft.world.InteractionHand=1; import:net.minecraftforge.fml.relauncher.Side->net.minecraftforge.api.distmarker.Dist=1; import:net.minecraftforge.fml.relauncher.SideOnly->net.minecraftforge.api.distmarker.OnlyIn=1; type:EnumHand->InteractionHand=3; type:Side->Dist=1; type:SideOnly->OnlyIn=1
src/main/java/net/shadowmage/ancientwarfare/core/input/ItemKeyConflictContext.java,6,call:.getHeldItemMainhand()->.getMainHandItem()=1; call:.getHeldItemOffhand()->.getOffhandItem()=1; import:net.minecraftforge.fml.relauncher.Side->net.minecraftforge.api.distmarker.Dist=1; import:net.minecraftforge.fml.relauncher.SideOnly->net.minecraftforge.api.distmarker.OnlyIn=1; type:Side->Dist=1; type:SideOnly->OnlyIn=1
src/main/java/net/shadowmage/ancientwarfare/core/interfaces/IBoundedSite.java,1,import:net.minecraft.util.math.BlockPos->net.minecraft.core.BlockPos=1
src/main/java/net/shadowmage/ancientwarfare/core/interfaces/IContainerGuiCallback.java,2,import:net.minecraft.nbt.NBTTagCompound->net.minecraft.nbt.CompoundTag=1; type:NBTTagCompound->CompoundTag=1
src/main/java/net/shadowmage/ancientwarfare/core/interfaces/IEntityPacketHandler.java,2,import:net.minecraft.nbt.NBTTagCompound->net.minecraft.nbt.CompoundTag=1; type:NBTTagCompound->CompoundTag=1
src/main/java/net/shadowmage/ancientwarfare/core/interfaces/IInteractableTile.java,4,import:net.minecraft.entity.player.EntityPlayer->net.minecraft.world.entity.player.Player=1; import:net.minecraft.util.EnumHand->net.minecraft.world.InteractionHand=1; type:EntityPlayer->Player=1; type:EnumHand->InteractionHand=1
src/main/java/net/shadowmage/ancientwarfare/core/interfaces/ITooltipRenderer.java,1,import:net.minecraft.item.ItemStack->net.minecraft.world.item.ItemStack=1
src/main/java/net/shadowmage/ancientwarfare/core/interfaces/ITorque.java,17,import:net.minecraft.nbt.NBTTagCompound->net.minecraft.nbt.CompoundTag=1; import:net.minecraft.util.EnumFacing->net.minecraft.core.Direction=1; type:EnumFacing->Direction=12; type:NBTTagCompound->CompoundTag=3
src/main/java/net/shadowmage/ancientwarfare/core/interfaces/IWorkSite.java,2,import:net.minecraft.entity.player.EntityPlayer->net.minecraft.world.entity.player.Player=1; type:EntityPlayer->Player=1
src/main/java/net/shadowmage/ancientwarfare/core/inventory/InventorySlotlessBasic.java,6,import:net.minecraft.item.ItemStack->net.minecraft.world.item.ItemStack=1; import:net.minecraft.nbt.NBTTagCompound->net.minecraft.nbt.CompoundTag=1; type:NBTTagCompound->CompoundTag=4
src/main/java/net/shadowmage/ancientwarfare/core/inventory/ItemHandlerBackpack.java,7,call:.getItemDamage()->.getDamageValue()=1; call:.getTagCompound()->.getTag()=2; call:.hasTagCompound()->.hasTag()=1; import:net.minecraft.item.ItemStack->net.minecraft.world.item.ItemStack=1; import:net.minecraft.nbt.NBTTagCompound->net.minecraft.nbt.CompoundTag=1; type:NBTTagCompound->CompoundTag=1
src/main/java/net/shadowmage/ancientwarfare/core/inventory/ItemHashEntry.java,12,import:net.minecraft.client.util.ITooltipFlag->net.minecraft.world.item.TooltipFlag=1; import:net.minecraft.item.ItemStack->net.minecraft.world.item.ItemStack=1; import:net.minecraft.nbt.NBTTagCompound->net.minecraft.nbt.CompoundTag=1; import:net.minecraftforge.fml.relauncher.Side->net.minecraftforge.api.distmarker.Dist=1; import:net.minecraftforge.fml.relauncher.SideOnly->net.minecraftforge.api.distmarker.OnlyIn=1; type:ITooltipFlag->TooltipFlag=1; type:NBTTagCompound->CompoundTag=4; type:Side->Dist=1; type:SideOnly->OnlyIn=1
src/main/java/net/shadowmage/ancientwarfare/core/inventory/ItemQuantityMap.java,16,import:net.minecraft.item.ItemStack->net.minecraft.world.item.ItemStack=1; import:net.minecraft.nbt.NBTTagCompound->net.minecraft.nbt.CompoundTag=1; import:net.minecraft.nbt.NBTTagList->net.minecraft.nbt.ListTag=1; import:net.minecraft.util.NonNullList->net.minecraft.core.NonNullList=1; type:NBTTagCompound->CompoundTag=9; type:NBTTagList->ListTag=3
src/main/java/net/shadowmage/ancientwarfare/core/inventory/SlotResearchCrafting.java,9,import:net.minecraft.entity.player.EntityPlayer->net.minecraft.world.entity.player.Player=1; import:net.minecraft.inventory.IInventory->net.minecraft.world.Container=1; import:net.minecraft.inventory.Slot->net.minecraft.world.inventory.Slot=1; import:net.minecraft.item.ItemStack->net.minecraft.world.item.ItemStack=1; import:net.minecraft.util.NonNullList->net.minecraft.core.NonNullList=1; type:EntityPlayer->Player=3; type:IInventory->Container=1
src/main/java/net/shadowmage/ancientwarfare/core/item/ItemBackpack.java,31,call:.getItemDamage()->.getDamageValue()=2; call:.isRemote->.isClientSide=1; import:net.minecraft.client.resources.I18n->net.minecraft.client.resources.language.I18n=1; import:net.minecraft.client.util.ITooltipFlag->net.minecraft.world.item.TooltipFlag=1; import:net.minecraft.entity.player.EntityPlayer->net.minecraft.world.entity.player.Player=1; import:net.minecraft.item.ItemStack->net.minecraft.world.item.ItemStack=1; import:net.minecraft.nbt.NBTTagCompound->net.minecraft.nbt.CompoundTag=1; import:net.minecraft.util.ActionResult->net.minecraft.world.InteractionResultHolder=1; import:net.minecraft.util.EnumActionResult->net.minecraft.world.InteractionResult=1; import:net.minecraft.util.EnumFacing->net.minecraft.core.Direction=1; import:net.minecraft.util.EnumHand->net.minecraft.world.InteractionHand=1; import:net.minecraft.util.NonNullList->net.minecraft.core.NonNullList=1; import:net.minecraft.world.World->net.minecraft.world.level.Level=1; import:net.minecraftforge.fml.relauncher.Side->net.minecraftforge.api.distmarker.Dist=1; import:net.minecraftforge.fml.relauncher.SideOnly->net.minecraftforge.api.distmarker.OnlyIn=1; type:ActionResult->InteractionResultHolder=2; type:EntityPlayer->Player=1; type:EnumActionResult->InteractionResult=1; type:EnumFacing->Direction=2; type:EnumHand->InteractionHand=1; type:ITooltipFlag->TooltipFlag=1; type:NBTTagCompound->CompoundTag=1; type:Side->Dist=2; type:SideOnly->OnlyIn=2; type:World->Level=2
src/main/java/net/shadowmage/ancientwarfare/core/item/ItemBase.java,2,import:net.minecraft.item.Item->net.minecraft.world.item.Item=1; import:net.minecraft.util.ResourceLocation->net.minecraft.resources.ResourceLocation=1
src/main/java/net/shadowmage/ancientwarfare/core/item/ItemBaseCore.java,4,import:net.minecraftforge.fml.relauncher.Side->net.minecraftforge.api.distmarker.Dist=1; import:net.minecraftforge.fml.relauncher.SideOnly->net.minecraftforge.api.distmarker.OnlyIn=1; type:Side->Dist=1; type:SideOnly->OnlyIn=1
src/main/java/net/shadowmage/ancientwarfare/core/item/ItemBlockBase.java,3,import:net.minecraft.block.Block->net.minecraft.world.level.block.Block=1; import:net.minecraft.item.ItemBlock->net.minecraft.world.item.BlockItem=1; type:ItemBlock->BlockItem=1
src/main/java/net/shadowmage/ancientwarfare/core/item/ItemBlockMeta.java,3,call:.getItemDamage()->.getDamageValue()=1; import:net.minecraft.block.Block->net.minecraft.world.level.block.Block=1; import:net.minecraft.item.ItemStack->net.minecraft.world.item.ItemStack=1
src/main/java/net/shadowmage/ancientwarfare/core/item/ItemBlockOwned.java,11,import:net.minecraft.block.Block->net.minecraft.world.level.block.Block=1; import:net.minecraft.block.state.IBlockState->net.minecraft.world.level.block.state.BlockState=1; import:net.minecraft.entity.player.EntityPlayer->net.minecraft.world.entity.player.Player=1; import:net.minecraft.item.ItemStack->net.minecraft.world.item.ItemStack=1; import:net.minecraft.util.EnumFacing->net.minecraft.core.Direction=1; import:net.minecraft.util.math.BlockPos->net.minecraft.core.BlockPos=1; import:net.minecraft.world.World->net.minecraft.world.level.Level=1; type:EntityPlayer->Player=1; type:EnumFacing->Direction=1; type:IBlockState->BlockState=1; type:World->Level=1
src/main/java/net/shadowmage/ancientwarfare/core/item/ItemBlockOwnedRotatable.java,12,import:net.minecraft.block.Block->net.minecraft.world.level.block.Block=1; import:net.minecraft.block.state.IBlockState->net.minecraft.world.level.block.state.BlockState=1; import:net.minecraft.entity.player.EntityPlayer->net.minecraft.world.entity.player.Player=1; import:net.minecraft.item.ItemStack->net.minecraft.world.item.ItemStack=1; import:net.minecraft.util.EnumFacing->net.minecraft.core.Direction=1; import:net.minecraft.util.math.BlockPos->net.minecraft.core.BlockPos=1; import:net.minecraft.world.World->net.minecraft.world.level.Level=1; type:EntityPlayer->Player=1; type:EnumFacing->Direction=2; type:IBlockState->BlockState=1; type:World->Level=1
src/main/java/net/shadowmage/ancientwarfare/core/item/ItemBlockRotatableMetaTile.java,14,call:.getItemDamage()->.getDamageValue()=1; import:net.minecraft.block.Block->net.minecraft.world.level.block.Block=1; import:net.minecraft.block.state.IBlockState->net.minecraft.world.level.block.state.BlockState=1; import:net.minecraft.entity.player.EntityPlayer->net.minecraft.world.entity.player.Player=1; import:net.minecraft.item.ItemStack->net.minecraft.world.item.ItemStack=1; import:net.minecraft.tileentity.TileEntity->net.minecraft.world.level.block.entity.BlockEntity=1; import:net.minecraft.util.EnumFacing->net.minecraft.core.Direction=1; import:net.minecraft.util.math.BlockPos->net.minecraft.core.BlockPos=1; import:net.minecraft.world.World->net.minecraft.world.level.Level=1; type:EntityPlayer->Player=1; type:EnumFacing->Direction=1; type:IBlockState->BlockState=1; type:TileEntity->BlockEntity=1; type:World->Level=1
src/main/java/net/shadowmage/ancientwarfare/core/item/ItemHammer.java,69,call:.getTagCompound()->.getTag()=4; call:.hasTagCompound()->.hasTag()=3; call:.isRemote->.isClientSide=2; call:.setTagCompound(->.setTag(=2; import:net.minecraft.block.SoundType->net.minecraft.world.level.block.SoundType=1; import:net.minecraft.block.state.IBlockState->net.minecraft.world.level.block.state.BlockState=1; import:net.minecraft.client.resources.I18n->net.minecraft.client.resources.language.I18n=1; import:net.minecraft.client.util.ITooltipFlag->net.minecraft.world.item.TooltipFlag=1; import:net.minecraft.entity.EntityLivingBase->net.minecraft.world.entity.LivingEntity=1; import:net.minecraft.entity.ai.attributes.AttributeModifier->net.minecraft.world.entity.ai.attributes.AttributeModifier=1; import:net.minecraft.entity.player.EntityPlayer->net.minecraft.world.entity.player.Player=1; import:net.minecraft.init.SoundEvents->net.minecraft.sounds.SoundEvents=1; import:net.minecraft.inventory.EntityEquipmentSlot->net.minecraft.world.entity.EquipmentSlot=1; import:net.minecraft.item.ItemStack->net.minecraft.world.item.ItemStack=1; import:net.minecraft.nbt.NBTTagCompound->net.minecraft.nbt.CompoundTag=1; import:net.minecraft.util.ActionResult->net.minecraft.world.InteractionResultHolder=1; import:net.minecraft.util.EnumActionResult->net.minecraft.world.InteractionResult=1; import:net.minecraft.util.EnumHand->net.minecraft.world.InteractionHand=1; import:net.minecraft.util.SoundCategory->net.minecraft.sounds.SoundSource=1; import:net.minecraft.util.SoundEvent->net.minecraft.sounds.SoundEvent=1; import:net.minecraft.util.math.BlockPos->net.minecraft.core.BlockPos=1; import:net.minecraft.util.math.RayTraceResult->net.minecraft.world.phys.HitResult=1; import:net.minecraft.world.World->net.minecraft.world.level.Level=1; import:net.minecraftforge.fml.relauncher.Side->net.minecraftforge.api.distmarker.Dist=1; import:net.minecraftforge.fml.relauncher.SideOnly->net.minecraftforge.api.distmarker.OnlyIn=1; type:ActionResult->InteractionResultHolder=4; type:EntityEquipmentSlot->EquipmentSlot=2; type:EntityLivingBase->LivingEntity=3; type:EntityPlayer->Player=3; type:EnumActionResult->InteractionResult=3; type:EnumHand->InteractionHand=1; type:IBlockState->BlockState=3; type:ITooltipFlag->TooltipFlag=1; type:NBTTagCompound->CompoundTag=2; type:RayTraceResult->HitResult=3; type:Side->Dist=2; type:SideOnly->OnlyIn=2; type:SoundCategory->SoundSource=3; type:World->Level=5
src/main/java/net/shadowmage/ancientwarfare/core/item/ItemInfoTool.java,56,call:.getItemDamage()->.getDamageValue()=1; call:.getTagCompound()->.getTag()=4; call:.hasTagCompound()->.hasTag()=4; call:.isRemote->.isClientSide=1; call:.setTagCompound(->.setTag(=1; import:net.minecraft.block.properties.IProperty->net.minecraft.world.level.block.state.properties.Property=1; import:net.minecraft.block.state.IBlockState->net.minecraft.world.level.block.state.BlockState=1; import:net.minecraft.client.util.ITooltipFlag->net.minecraft.world.item.TooltipFlag=1; import:net.minecraft.entity.player.EntityPlayer->net.minecraft.world.entity.player.Player=1; import:net.minecraft.item.ItemStack->net.minecraft.world.item.ItemStack=1; import:net.minecraft.nbt.NBTTagCompound->net.minecraft.nbt.CompoundTag=1; import:net.minecraft.util.ActionResult->net.minecraft.world.InteractionResultHolder=1; import:net.minecraft.util.EnumActionResult->net.minecraft.world.InteractionResult=1; import:net.minecraft.util.EnumHand->net.minecraft.world.InteractionHand=1; import:net.minecraft.util.math.RayTraceResult->net.minecraft.world.phys.HitResult=1; import:net.minecraft.world.World->net.minecraft.world.level.Level=1; import:net.minecraftforge.fml.relauncher.Side->net.minecraftforge.api.distmarker.Dist=1; import:net.minecraftforge.fml.relauncher.SideOnly->net.minecraftforge.api.distmarker.OnlyIn=1; type:ActionResult->InteractionResultHolder=4; type:EntityPlayer->Player=9; type:EnumActionResult->InteractionResult=3; type:EnumHand->InteractionHand=1; type:IBlockState->BlockState=4; type:IProperty->Property=1; type:ITooltipFlag->TooltipFlag=1; type:NBTTagCompound->CompoundTag=1; type:RayTraceResult->HitResult=3; type:Side->Dist=1; type:SideOnly->OnlyIn=1; type:World->Level=3
src/main/java/net/shadowmage/ancientwarfare/core/item/ItemManual.java,31,call:.isRemote->.isClientSide=1; call:.spawnEntity(->.addFreshEntity(=1; import:net.minecraft.client.resources.I18n->net.minecraft.client.resources.language.I18n=1; import:net.minecraft.client.util.ITooltipFlag->net.minecraft.world.item.TooltipFlag=1; import:net.minecraft.entity.item.EntityItem->net.minecraft.world.entity.item.ItemEntity=1; import:net.minecraft.entity.player.EntityPlayer->net.minecraft.world.entity.player.Player=1; import:net.minecraft.item.Item->net.minecraft.world.item.Item=1; import:net.minecraft.item.ItemStack->net.minecraft.world.item.ItemStack=1; import:net.minecraft.util.ActionResult->net.minecraft.world.InteractionResultHolder=1; import:net.minecraft.util.EnumActionResult->net.minecraft.world.InteractionResult=1; import:net.minecraft.util.EnumHand->net.minecraft.world.InteractionHand=1; import:net.minecraft.world.World->net.minecraft.world.level.Level=1; import:net.minecraftforge.fml.common.eventhandler.SubscribeEvent->net.minecraftforge.eventbus.api.SubscribeEvent=1; import:net.minecraftforge.fml.common.gameevent.PlayerEvent->net.minecraftforge.event.entity.player.PlayerEvent=1; import:net.minecraftforge.fml.relauncher.Side->net.minecraftforge.api.distmarker.Dist=1; import:net.minecraftforge.fml.relauncher.SideOnly->net.minecraftforge.api.distmarker.OnlyIn=1; type:ActionResult->InteractionResultHolder=2; type:EntityItem->ItemEntity=2; type:EntityPlayer->Player=2; type:EnumActionResult->InteractionResult=1; type:EnumHand->InteractionHand=1; type:ITooltipFlag->TooltipFlag=1; type:Side->Dist=2; type:SideOnly->OnlyIn=2; type:World->Level=2
src/main/java/net/shadowmage/ancientwarfare/core/item/ItemMulti.java,7,call:.getItemDamage()->.getDamageValue()=1; import:net.minecraft.item.ItemStack->net.minecraft.world.item.ItemStack=1; import:net.minecraft.util.NonNullList->net.minecraft.core.NonNullList=1; import:net.minecraftforge.fml.relauncher.Side->net.minecraftforge.api.distmarker.Dist=1; import:net.minecraftforge.fml.relauncher.SideOnly->net.minecraftforge.api.distmarker.OnlyIn=1; type:Side->Dist=1; type:SideOnly->OnlyIn=1
src/main/java/net/shadowmage/ancientwarfare/core/item/ItemQuill.java,36,call:.isRemote->.isClientSide=1; import:net.minecraft.block.state.IBlockState->net.minecraft.world.level.block.state.BlockState=1; import:net.minecraft.client.resources.I18n->net.minecraft.client.resources.language.I18n=1; import:net.minecraft.client.util.ITooltipFlag->net.minecraft.world.item.TooltipFlag=1; import:net.minecraft.entity.EntityLivingBase->net.minecraft.world.entity.LivingEntity=1; import:net.minecraft.entity.ai.attributes.AttributeModifier->net.minecraft.world.entity.ai.attributes.AttributeModifier=1; import:net.minecraft.entity.player.EntityPlayer->net.minecraft.world.entity.player.Player=1; import:net.minecraft.inventory.EntityEquipmentSlot->net.minecraft.world.entity.EquipmentSlot=1; import:net.minecraft.item.ItemStack->net.minecraft.world.item.ItemStack=1; import:net.minecraft.util.ActionResult->net.minecraft.world.InteractionResultHolder=1; import:net.minecraft.util.EnumActionResult->net.minecraft.world.InteractionResult=1; import:net.minecraft.util.EnumHand->net.minecraft.world.InteractionHand=1; import:net.minecraft.util.math.BlockPos->net.minecraft.core.BlockPos=1; import:net.minecraft.world.World->net.minecraft.world.level.Level=1; import:net.minecraftforge.fml.relauncher.Side->net.minecraftforge.api.distmarker.Dist=1; import:net.minecraftforge.fml.relauncher.SideOnly->net.minecraftforge.api.distmarker.OnlyIn=1; type:ActionResult->InteractionResultHolder=3; type:EntityEquipmentSlot->EquipmentSlot=2; type:EntityLivingBase->LivingEntity=3; type:EntityPlayer->Player=2; type:EnumActionResult->InteractionResult=2; type:EnumHand->InteractionHand=1; type:IBlockState->BlockState=1; type:ITooltipFlag->TooltipFlag=1; type:Side->Dist=1; type:SideOnly->OnlyIn=1; type:World->Level=3
src/main/java/net/shadowmage/ancientwarfare/core/item/ItemResearchBook.java,30,call:.getTagCompound()->.getTag()=3; call:.hasTagCompound()->.hasTag()=2; call:.isRemote->.isClientSide=1; import:net.minecraft.client.resources.I18n->net.minecraft.client.resources.language.I18n=1; import:net.minecraft.client.util.ITooltipFlag->net.minecraft.world.item.TooltipFlag=1; import:net.minecraft.entity.player.EntityPlayer->net.minecraft.world.entity.player.Player=1; import:net.minecraft.item.ItemStack->net.minecraft.world.item.ItemStack=1; import:net.minecraft.nbt.NBTTagString->net.minecraft.nbt.StringTag=1; import:net.minecraft.util.ActionResult->net.minecraft.world.InteractionResultHolder=1; import:net.minecraft.util.EnumActionResult->net.minecraft.world.InteractionResult=1; import:net.minecraft.util.EnumHand->net.minecraft.world.InteractionHand=1; import:net.minecraft.world.World->net.minecraft.world.level.Level=1; import:net.minecraftforge.fml.relauncher.Side->net.minecraftforge.api.distmarker.Dist=1; import:net.minecraftforge.fml.relauncher.SideOnly->net.minecraftforge.api.distmarker.OnlyIn=1; type:ActionResult->InteractionResultHolder=2; type:EntityPlayer->Player=1; type:EnumActionResult->InteractionResult=1; type:EnumHand->InteractionHand=1; type:ITooltipFlag->TooltipFlag=1; type:NBTTagString->StringTag=1; type:Side->Dist=2; type:SideOnly->OnlyIn=2; type:World->Level=2
src/main/java/net/shadowmage/ancientwarfare/core/item/ItemResearchNotes.java,29,call:.getTagCompound()->.getTag()=2; call:.isRemote->.isClientSide=1; import:net.minecraft.client.resources.I18n->net.minecraft.client.resources.language.I18n=1; import:net.minecraft.client.util.ITooltipFlag->net.minecraft.world.item.TooltipFlag=1; import:net.minecraft.entity.player.EntityPlayer->net.minecraft.world.entity.player.Player=1; import:net.minecraft.item.ItemStack->net.minecraft.world.item.ItemStack=1; import:net.minecraft.nbt.NBTTagCompound->net.minecraft.nbt.CompoundTag=1; import:net.minecraft.nbt.NBTTagString->net.minecraft.nbt.StringTag=1; import:net.minecraft.util.ActionResult->net.minecraft.world.InteractionResultHolder=1; import:net.minecraft.util.EnumActionResult->net.minecraft.world.InteractionResult=1; import:net.minecraft.util.EnumHand->net.minecraft.world.InteractionHand=1; import:net.minecraft.util.NonNullList->net.minecraft.core.NonNullList=1; import:net.minecraft.world.World->net.minecraft.world.level.Level=1; import:net.minecraftforge.fml.relauncher.Side->net.minecraftforge.api.distmarker.Dist=1; import:net.minecraftforge.fml.relauncher.SideOnly->net.minecraftforge.api.distmarker.OnlyIn=1; type:ActionResult->InteractionResultHolder=2; type:EntityPlayer->Player=1; type:EnumActionResult->InteractionResult=1; type:EnumHand->InteractionHand=1; type:ITooltipFlag->TooltipFlag=1; type:NBTTagCompound->CompoundTag=2; type:NBTTagString->StringTag=1; type:Side->Dist=1; type:SideOnly->OnlyIn=1; type:World->Level=2
src/main/java/net/shadowmage/ancientwarfare/core/manual/ItemElement.java,1,import:net.minecraft.item.ItemStack->net.minecraft.world.item.ItemStack=1
src/main/java/net/shadowmage/ancientwarfare/core/manual/ManualContentRegistry.java,4,import:net.minecraftforge.fml.relauncher.Side->net.minecraftforge.api.distmarker.Dist=1; import:net.minecraftforge.fml.relauncher.SideOnly->net.minecraftforge.api.distmarker.OnlyIn=1; type:Side->Dist=1; type:SideOnly->OnlyIn=1
src/main/java/net/shadowmage/ancientwarfare/core/network/NetworkHandler.java,29,api:Loader.isModLoaded->ModList.get().isLoaded=1; call:.isRemote->.isClientSide=1; import:net.minecraft.entity.Entity->net.minecraft.world.entity.Entity=1; import:net.minecraft.entity.player.EntityPlayer->net.minecraft.world.entity.player.Player=1; import:net.minecraft.entity.player.EntityPlayerMP->net.minecraft.server.level.ServerPlayer=1; import:net.minecraft.util.math.BlockPos->net.minecraft.core.BlockPos=1; import:net.minecraft.world.World->net.minecraft.world.level.Level=1; import:net.minecraft.world.WorldServer->net.minecraft.server.level.ServerLevel=1; import:net.minecraftforge.fml.relauncher.Side->net.minecraftforge.api.distmarker.Dist=1; type:EntityPlayer->Player=8; type:EntityPlayerMP->ServerPlayer=3; type:Side->Dist=1; type:World->Level=3; type:WorldServer->ServerLevel=5
src/main/java/net/shadowmage/ancientwarfare/core/network/PacketBase.java,5,import:net.minecraft.entity.player.EntityPlayer->net.minecraft.world.entity.player.Player=1; import:net.minecraft.network.PacketBuffer->net.minecraft.network.FriendlyByteBuf=1; type:EntityPlayer->Player=1; type:PacketBuffer->FriendlyByteBuf=2
src/main/java/net/shadowmage/ancientwarfare/core/network/PacketBlockEvent.java,4,import:net.minecraft.block.Block->net.minecraft.world.level.block.Block=1; import:net.minecraft.entity.player.EntityPlayer->net.minecraft.world.entity.player.Player=1; import:net.minecraft.util.math.BlockPos->net.minecraft.core.BlockPos=1; type:EntityPlayer->Player=1
src/main/java/net/shadowmage/ancientwarfare/core/network/PacketEntity.java,10,call:.getEntityId()->.getId()=1; import:net.minecraft.entity.Entity->net.minecraft.world.entity.Entity=1; import:net.minecraft.entity.player.EntityPlayer->net.minecraft.world.entity.player.Player=1; import:net.minecraft.nbt.CompressedStreamTools->net.minecraft.nbt.NbtIo=1; import:net.minecraft.nbt.NBTTagCompound->net.minecraft.nbt.CompoundTag=1; type:CompressedStreamTools->NbtIo=2; type:EntityPlayer->Player=1; type:NBTTagCompound->CompoundTag=2
src/main/java/net/shadowmage/ancientwarfare/core/network/PacketGui.java,11,import:net.minecraft.entity.player.EntityPlayer->net.minecraft.world.entity.player.Player=1; import:net.minecraft.nbt.CompressedStreamTools->net.minecraft.nbt.NbtIo=1; import:net.minecraft.nbt.NBTTagCompound->net.minecraft.nbt.CompoundTag=1; type:CompressedStreamTools->NbtIo=2; type:EntityPlayer->Player=1; type:NBTTagCompound->CompoundTag=5
src/main/java/net/shadowmage/ancientwarfare/core/network/PacketHandler.java,9,import:net.minecraft.entity.player.EntityPlayer->net.minecraft.world.entity.player.Player=1; import:net.minecraft.world.WorldServer->net.minecraft.server.level.ServerLevel=1; import:net.minecraftforge.fml.common.eventhandler.SubscribeEvent->net.minecraftforge.eventbus.api.SubscribeEvent=1; import:net.minecraftforge.fml.relauncher.Side->net.minecraftforge.api.distmarker.Dist=1; import:net.minecraftforge.fml.relauncher.SideOnly->net.minecraftforge.api.distmarker.OnlyIn=1; type:EntityPlayer->Player=1; type:Side->Dist=1; type:SideOnly->OnlyIn=1; type:WorldServer->ServerLevel=1
src/main/java/net/shadowmage/ancientwarfare/core/network/PacketItemInteraction.java,8,import:net.minecraft.entity.player.EntityPlayer->net.minecraft.world.entity.player.Player=1; import:net.minecraft.item.ItemStack->net.minecraft.world.item.ItemStack=1; import:net.minecraft.util.EnumHand->net.minecraft.world.InteractionHand=1; type:EntityPlayer->Player=2; type:EnumHand->InteractionHand=3
src/main/java/net/shadowmage/ancientwarfare/core/network/PacketItemMouseScroll.java,6,call:.getHeldItemMainhand()->.getMainHandItem()=1; import:net.minecraft.entity.player.EntityPlayer->net.minecraft.world.entity.player.Player=1; import:net.minecraft.item.Item->net.minecraft.world.item.Item=1; import:net.minecraft.item.ItemStack->net.minecraft.world.item.ItemStack=1; import:net.minecraft.util.EnumHand->net.minecraft.world.InteractionHand=1; type:EntityPlayer->Player=1
src/main/java/net/shadowmage/ancientwarfare/core/network/PacketManualReload.java,4,import:net.minecraftforge.fml.relauncher.Side->net.minecraftforge.api.distmarker.Dist=1; import:net.minecraftforge.fml.relauncher.SideOnly->net.minecraftforge.api.distmarker.OnlyIn=1; type:Side->Dist=1; type:SideOnly->OnlyIn=1
src/main/java/net/shadowmage/ancientwarfare/core/network/PacketResearchInit.java,6,import:net.minecraft.nbt.CompressedStreamTools->net.minecraft.nbt.NbtIo=1; import:net.minecraft.nbt.NBTTagCompound->net.minecraft.nbt.CompoundTag=1; type:CompressedStreamTools->NbtIo=2; type:NBTTagCompound->CompoundTag=2
src/main/java/net/shadowmage/ancientwarfare/core/network/PacketResearchStart.java,7,import:net.minecraft.entity.player.EntityPlayer->net.minecraft.world.entity.player.Player=1; import:net.minecraft.network.PacketBuffer->net.minecraft.network.FriendlyByteBuf=1; type:EntityPlayer->Player=1; type:PacketBuffer->FriendlyByteBuf=4
src/main/java/net/shadowmage/ancientwarfare/core/network/PacketResearchUpdate.java,7,import:net.minecraft.entity.player.EntityPlayer->net.minecraft.world.entity.player.Player=1; import:net.minecraft.network.PacketBuffer->net.minecraft.network.FriendlyByteBuf=1; type:EntityPlayer->Player=1; type:PacketBuffer->FriendlyByteBuf=4
src/main/java/net/shadowmage/ancientwarfare/core/owner/IOwnable.java,3,import:net.minecraft.entity.player.EntityPlayer->net.minecraft.world.entity.player.Player=1; type:EntityPlayer->Player=2
src/main/java/net/shadowmage/ancientwarfare/core/owner/ITeamViewer.java,5,import:net.minecraft.util.ResourceLocation->net.minecraft.resources.ResourceLocation=1; import:net.minecraft.world.World->net.minecraft.world.level.Level=1; type:World->Level=3
src/main/java/net/shadowmage/ancientwarfare/core/owner/Owner.java,17,call:.getUniqueID()->.getUUID()=4; import:net.minecraft.entity.Entity->net.minecraft.world.entity.Entity=1; import:net.minecraft.entity.player.EntityPlayer->net.minecraft.world.entity.player.Player=1; import:net.minecraft.nbt.NBTTagCompound->net.minecraft.nbt.CompoundTag=1; import:net.minecraft.world.World->net.minecraft.world.level.Level=1; type:EntityPlayer->Player=2; type:NBTTagCompound->CompoundTag=4; type:World->Level=3
src/main/java/net/shadowmage/ancientwarfare/core/owner/ScoreboardTeamViewer.java,6,import:net.minecraft.util.ResourceLocation->net.minecraft.resources.ResourceLocation=1; import:net.minecraft.world.World->net.minecraft.world.level.Level=1; type:World->Level=4
src/main/java/net/shadowmage/ancientwarfare/core/owner/TeamViewerRegistry.java,6,import:net.minecraft.util.ResourceLocation->net.minecraft.resources.ResourceLocation=1; import:net.minecraft.world.World->net.minecraft.world.level.Level=1; type:World->Level=4
src/main/java/net/shadowmage/ancientwarfare/core/proxy/ClientProxy.java,9,import:net.minecraft.client.gui.FontRenderer->net.minecraft.client.gui.Font=1; import:net.minecraft.util.ResourceLocation->net.minecraft.resources.ResourceLocation=1; import:net.minecraftforge.fml.relauncher.Side->net.minecraftforge.api.distmarker.Dist=1; import:net.minecraftforge.fml.relauncher.SideOnly->net.minecraftforge.api.distmarker.OnlyIn=1; type:FontRenderer->Font=3; type:Side->Dist=1; type:SideOnly->OnlyIn=1
src/main/java/net/shadowmage/ancientwarfare/core/proxy/ClientProxyBase.java,5,import:net.minecraftforge.fml.common.eventhandler.SubscribeEvent->net.minecraftforge.eventbus.api.SubscribeEvent=1; import:net.minecraftforge.fml.relauncher.Side->net.minecraftforge.api.distmarker.Dist=1; import:net.minecraftforge.fml.relauncher.SideOnly->net.minecraftforge.api.distmarker.OnlyIn=1; type:Side->Dist=1; type:SideOnly->OnlyIn=1
src/main/java/net/shadowmage/ancientwarfare/core/registry/RegistryLoader.java,2,api:Loader.isModLoaded->ModList.get().isLoaded=1; import:net.minecraft.util.ResourceLocation->net.minecraft.resources.ResourceLocation=1
src/main/java/net/shadowmage/ancientwarfare/core/render/BaseBakery.java,15,import:net.minecraft.client.renderer.texture.TextureAtlasSprite->net.minecraft.client.renderer.texture.TextureAtlasSprite=1; import:net.minecraft.item.ItemStack->net.minecraft.world.item.ItemStack=1; import:net.minecraft.util.EnumFacing->net.minecraft.core.Direction=1; import:net.minecraft.util.ResourceLocation->net.minecraft.resources.ResourceLocation=1; import:net.minecraft.util.math.BlockPos->net.minecraft.core.BlockPos=1; import:net.minecraft.world.IBlockAccess->net.minecraft.world.level.BlockGetter=1; import:net.minecraftforge.fml.relauncher.Side->net.minecraftforge.api.distmarker.Dist=1; import:net.minecraftforge.fml.relauncher.SideOnly->net.minecraftforge.api.distmarker.OnlyIn=1; type:EnumFacing->Direction=4; type:IBlockAccess->BlockGetter=1; type:Side->Dist=1; type:SideOnly->OnlyIn=1
src/main/java/net/shadowmage/ancientwarfare/core/render/BlockStateKeyGenerator.java,8,import:net.minecraft.block.properties.IProperty->net.minecraft.world.level.block.state.properties.Property=1; type:IProperty->Property=7
src/main/java/net/shadowmage/ancientwarfare/core/render/RotatableBlockRenderer.java,8,import:net.minecraft.util.EnumFacing->net.minecraft.core.Direction=1; type:EnumFacing->Direction=7
src/main/java/net/shadowmage/ancientwarfare/core/render/property/CoreProperties.java,8,import:net.minecraft.block.properties.PropertyBool->net.minecraft.world.level.block.state.properties.BooleanProperty=1; import:net.minecraft.block.properties.PropertyDirection->net.minecraft.world.level.block.state.properties.DirectionProperty=1; import:net.minecraft.util.EnumFacing->net.minecraft.core.Direction=1; type:EnumFacing->Direction=2; type:PropertyBool->BooleanProperty=2; type:PropertyDirection->DirectionProperty=1
src/main/java/net/shadowmage/ancientwarfare/core/research/ResearchData.java,29,call:.markDirty()->.setChanged()=1; import:net.minecraft.entity.player.EntityPlayer->net.minecraft.world.entity.player.Player=1; import:net.minecraft.nbt.NBTBase->net.minecraft.nbt.Tag=1; import:net.minecraft.nbt.NBTTagCompound->net.minecraft.nbt.CompoundTag=1; import:net.minecraft.nbt.NBTTagList->net.minecraft.nbt.ListTag=1; import:net.minecraft.nbt.NBTTagString->net.minecraft.nbt.StringTag=1; import:net.minecraft.world.storage.WorldSavedData->net.minecraft.world.level.saveddata.SavedData=1; type:EntityPlayer->Player=1; type:NBTBase->Tag=1; type:NBTTagCompound->CompoundTag=11; type:NBTTagList->ListTag=4; type:NBTTagString->StringTag=5
src/main/java/net/shadowmage/ancientwarfare/core/research/ResearchGoal.java,2,import:net.minecraft.item.ItemStack->net.minecraft.world.item.ItemStack=1; import:net.minecraft.util.NonNullList->net.minecraft.core.NonNullList=1
src/main/java/net/shadowmage/ancientwarfare/core/research/ResearchTracker.java,42,call:.isRemote->.isClientSide=17; import:net.minecraft.entity.player.EntityPlayerMP->net.minecraft.server.level.ServerPlayer=1; import:net.minecraft.nbt.NBTTagCompound->net.minecraft.nbt.CompoundTag=1; import:net.minecraft.world.World->net.minecraft.world.level.Level=1; import:net.minecraftforge.fml.common.eventhandler.SubscribeEvent->net.minecraftforge.eventbus.api.SubscribeEvent=1; import:net.minecraftforge.fml.common.gameevent.PlayerEvent->net.minecraftforge.event.entity.player.PlayerEvent=1; type:EntityPlayerMP->ServerPlayer=1; type:NBTTagCompound->CompoundTag=1; type:World->Level=18
src/main/java/net/shadowmage/ancientwarfare/core/tile/CraftingRecipeMemory.java,18,call:.markDirty()->.setChanged()=3; import:net.minecraft.entity.player.EntityPlayer->net.minecraft.world.entity.player.Player=1; import:net.minecraft.inventory.Container->net.minecraft.world.inventory.AbstractContainerMenu=1; import:net.minecraft.item.ItemStack->net.minecraft.world.item.ItemStack=1; import:net.minecraft.nbt.NBTTagCompound->net.minecraft.nbt.CompoundTag=1; import:net.minecraft.tileentity.TileEntity->net.minecraft.world.level.block.entity.BlockEntity=1; import:net.minecraft.util.NonNullList->net.minecraft.core.NonNullList=1; type:Container->AbstractContainerMenu=1; type:EntityPlayer->Player=1; type:NBTTagCompound->CompoundTag=5; type:TileEntity->BlockEntity=2
src/main/java/net/shadowmage/ancientwarfare/core/tile/IBlockBreakHandler.java,2,import:net.minecraft.block.state.IBlockState->net.minecraft.world.level.block.state.BlockState=1; type:IBlockState->BlockState=1
src/main/java/net/shadowmage/ancientwarfare/core/tile/TileEngineeringStation.java,13,import:net.minecraft.nbt.NBTTagCompound->net.minecraft.nbt.CompoundTag=1; import:net.minecraft.util.EnumFacing->net.minecraft.core.Direction=1; type:EnumFacing->Direction=6; type:NBTTagCompound->CompoundTag=5
src/main/java/net/shadowmage/ancientwarfare/core/tile/TileOwned.java,9,import:net.minecraft.entity.player.EntityPlayer->net.minecraft.world.entity.player.Player=1; import:net.minecraft.nbt.NBTTagCompound->net.minecraft.nbt.CompoundTag=1; type:EntityPlayer->Player=2; type:NBTTagCompound->CompoundTag=5
src/main/java/net/shadowmage/ancientwarfare/core/tile/TileResearchStation.java,47,call:.isRemote->.isClientSide=2; import:net.minecraft.block.state.IBlockState->net.minecraft.world.level.block.state.BlockState=1; import:net.minecraft.entity.player.EntityPlayer->net.minecraft.world.entity.player.Player=1; import:net.minecraft.item.ItemStack->net.minecraft.world.item.ItemStack=1; import:net.minecraft.nbt.NBTTagCompound->net.minecraft.nbt.CompoundTag=1; import:net.minecraft.util.EnumFacing->net.minecraft.core.Direction=1; import:net.minecraft.util.EnumHand->net.minecraft.world.InteractionHand=1; import:net.minecraft.util.math.BlockPos->net.minecraft.core.BlockPos=1; import:net.minecraft.world.World->net.minecraft.world.level.Level=1; type:EntityPlayer->Player=2; type:EnumFacing->Direction=24; type:EnumHand->InteractionHand=1; type:IBlockState->BlockState=4; type:NBTTagCompound->CompoundTag=5; type:World->Level=1
src/main/java/net/shadowmage/ancientwarfare/core/tile/TileUpdatable.java,20,import:net.minecraft.nbt.NBTTagCompound->net.minecraft.nbt.CompoundTag=1; import:net.minecraft.network.NetworkManager->net.minecraft.network.Connection=1; import:net.minecraft.network.play.server.SPacketUpdateTileEntity->net.minecraft.network.protocol.game.ClientboundBlockEntityDataPacket=1; import:net.minecraft.tileentity.TileEntity->net.minecraft.world.level.block.entity.BlockEntity=1; import:net.minecraftforge.fml.relauncher.Side->net.minecraftforge.api.distmarker.Dist=1; import:net.minecraftforge.fml.relauncher.SideOnly->net.minecraftforge.api.distmarker.OnlyIn=1; type:NBTTagCompound->CompoundTag=7; type:NetworkManager->Connection=1; type:SPacketUpdateTileEntity->ClientboundBlockEntityDataPacket=3; type:Side->Dist=1; type:SideOnly->OnlyIn=1; type:TileEntity->BlockEntity=1
src/main/java/net/shadowmage/ancientwarfare/core/util/BlockFinder.java,12,import:net.minecraft.block.Block->net.minecraft.world.level.block.Block=1; import:net.minecraft.block.state.IBlockState->net.minecraft.world.level.block.state.BlockState=1; import:net.minecraft.util.EnumFacing->net.minecraft.core.Direction=1; import:net.minecraft.util.math.BlockPos->net.minecraft.core.BlockPos=1; import:net.minecraft.world.World->net.minecraft.world.level.Level=1; type:EnumFacing->Direction=2; type:IBlockState->BlockState=3; type:World->Level=2
src/main/java/net/shadowmage/ancientwarfare/core/util/BlockTools.java,99,call:.getEntityBoundingBox()->.getBoundingBox()=2; call:.isRemote->.isClientSide=1; import:net.minecraft.block.Block->net.minecraft.world.level.block.Block=1; import:net.minecraft.block.properties.IProperty->net.minecraft.world.level.block.state.properties.Property=1; import:net.minecraft.block.state.IBlockState->net.minecraft.world.level.block.state.BlockState=1; import:net.minecraft.entity.Entity->net.minecraft.world.entity.Entity=1; import:net.minecraft.entity.player.EntityPlayer->net.minecraft.world.entity.player.Player=1; import:net.minecraft.init.Blocks->net.minecraft.world.level.block.Blocks=1; import:net.minecraft.item.ItemStack->net.minecraft.world.item.ItemStack=1; import:net.minecraft.tileentity.TileEntity->net.minecraft.world.level.block.entity.BlockEntity=1; import:net.minecraft.util.EnumActionResult->net.minecraft.world.InteractionResult=1; import:net.minecraft.util.EnumFacing->net.minecraft.core.Direction=1; import:net.minecraft.util.EnumHand->net.minecraft.world.InteractionHand=1; import:net.minecraft.util.math.AxisAlignedBB->net.minecraft.world.phys.AABB=1; import:net.minecraft.util.math.BlockPos->net.minecraft.core.BlockPos=1; import:net.minecraft.util.math.MathHelper->net.minecraft.util.Mth=1; import:net.minecraft.util.math.RayTraceResult->net.minecraft.world.phys.HitResult=1; import:net.minecraft.util.math.Vec3d->net.minecraft.world.phys.Vec3=1; import:net.minecraft.world.World->net.minecraft.world.level.Level=1; import:net.minecraft.world.chunk.Chunk->net.minecraft.world.level.chunk.LevelChunk=1; import:net.minecraftforge.event.world.BlockEvent->net.minecraftforge.event.level.BlockEvent=1; type:AxisAlignedBB->AABB=1; type:EntityPlayer->Player=3; type:EnumActionResult->InteractionResult=2; type:EnumFacing->Direction=20; type:EnumHand->InteractionHand=4; type:IBlockState->BlockState=12; type:IProperty->Property=13; type:MathHelper->Mth=4; type:RayTraceResult->HitResult=1; type:TileEntity->BlockEntity=2; type:Vec3d->Vec3=4; type:World->Level=11
src/main/java/net/shadowmage/ancientwarfare/core/util/CompatUtils.java,1,api:Loader.isModLoaded->ModList.get().isLoaded=1
src/main/java/net/shadowmage/ancientwarfare/core/util/EntityTools.java,39,call:.getDistanceSq(->.distanceToSqr(=1; call:.getHeldItemMainhand()->.getMainHandItem()=3; call:.getHeldItemOffhand()->.getOffhandItem()=3; call:.spawnEntity(->.addFreshEntity(=1; import:net.minecraft.entity.Entity->net.minecraft.world.entity.Entity=1; import:net.minecraft.entity.EntityLiving->net.minecraft.world.entity.Mob=1; import:net.minecraft.entity.EntityLivingBase->net.minecraft.world.entity.LivingEntity=1; import:net.minecraft.entity.player.EntityPlayer->net.minecraft.world.entity.player.Player=1; import:net.minecraft.item.Item->net.minecraft.world.item.Item=1; import:net.minecraft.item.ItemStack->net.minecraft.world.item.ItemStack=1; import:net.minecraft.nbt.NBTTagCompound->net.minecraft.nbt.CompoundTag=1; import:net.minecraft.util.EnumHand->net.minecraft.world.InteractionHand=1; import:net.minecraft.util.ResourceLocation->net.minecraft.resources.ResourceLocation=1; import:net.minecraft.util.math.AxisAlignedBB->net.minecraft.world.phys.AABB=1; import:net.minecraft.util.math.BlockPos->net.minecraft.core.BlockPos=1; import:net.minecraft.world.World->net.minecraft.world.level.Level=1; import:net.minecraftforge.fml.common.registry.ForgeRegistries->net.minecraftforge.registries.ForgeRegistries=1; type:AxisAlignedBB->AABB=2; type:EntityLiving->Mob=3; type:EntityLivingBase->LivingEntity=1; type:EntityPlayer->Player=2; type:EnumHand->InteractionHand=3; type:NBTTagCompound->CompoundTag=4; type:World->Level=3
src/main/java/net/shadowmage/ancientwarfare/core/util/InventoryTools.java,66,call:.getItemDamage()->.getDamageValue()=7; call:.getTagCompound()->.getTag()=7; call:.hasTagCompound()->.hasTag()=3; call:.isRemote->.isClientSide=1; import:net.minecraft.entity.player.EntityPlayer->net.minecraft.world.entity.player.Player=1; import:net.minecraft.entity.player.EntityPlayerMP->net.minecraft.server.level.ServerPlayer=1; import:net.minecraft.inventory.IInventory->net.minecraft.world.Container=1; import:net.minecraft.item.ItemStack->net.minecraft.world.item.ItemStack=1; import:net.minecraft.nbt.NBTTagCompound->net.minecraft.nbt.CompoundTag=1; import:net.minecraft.nbt.NBTTagList->net.minecraft.nbt.ListTag=1; import:net.minecraft.tileentity.TileEntity->net.minecraft.world.level.block.entity.BlockEntity=1; import:net.minecraft.util.EnumFacing->net.minecraft.core.Direction=1; import:net.minecraft.util.NonNullList->net.minecraft.core.NonNullList=1; import:net.minecraft.util.ResourceLocation->net.minecraft.resources.ResourceLocation=1; import:net.minecraft.util.math.BlockPos->net.minecraft.core.BlockPos=1; import:net.minecraft.util.math.MathHelper->net.minecraft.util.Mth=1; import:net.minecraft.world.World->net.minecraft.world.level.Level=1; import:net.minecraft.world.WorldServer->net.minecraft.server.level.ServerLevel=1; type:EntityPlayer->Player=2; type:EntityPlayerMP->ServerPlayer=1; type:EnumFacing->Direction=1; type:IInventory->Container=5; type:MathHelper->Mth=1; type:NBTTagCompound->CompoundTag=8; type:NBTTagList->ListTag=3; type:TileEntity->BlockEntity=1; type:World->Level=11; type:WorldServer->ServerLevel=1
src/main/java/net/shadowmage/ancientwarfare/core/util/ItemTools.java,5,call:.getItemDamage()->.getDamageValue()=2; call:.getTagCompound()->.getTag()=1; call:.hasTagCompound()->.hasTag()=1; import:net.minecraft.item.ItemStack->net.minecraft.world.item.ItemStack=1
src/main/java/net/shadowmage/ancientwarfare/core/util/ItemWrapper.java,3,import:net.minecraft.item.Item->net.minecraft.world.item.Item=1; import:net.minecraft.util.ResourceLocation->net.minecraft.resources.ResourceLocation=1; import:net.minecraftforge.fml.common.registry.ForgeRegistries->net.minecraftforge.registries.ForgeRegistries=1
src/main/java/net/shadowmage/ancientwarfare/core/util/MathUtils.java,5,import:net.minecraft.util.math.BlockPos->net.minecraft.core.BlockPos=1; import:net.minecraft.util.math.MathHelper->net.minecraft.util.Mth=1; import:net.minecraft.util.math.Vec3i->net.minecraft.core.Vec3i=1; type:MathHelper->Mth=2
src/main/java/net/shadowmage/ancientwarfare/core/util/ModelLoaderHelper.java,8,import:net.minecraft.block.Block->net.minecraft.world.level.block.Block=1; import:net.minecraft.item.Item->net.minecraft.world.item.Item=1; import:net.minecraft.item.ItemStack->net.minecraft.world.item.ItemStack=1; import:net.minecraft.util.NonNullList->net.minecraft.core.NonNullList=1; import:net.minecraftforge.fml.relauncher.Side->net.minecraftforge.api.distmarker.Dist=1; import:net.minecraftforge.fml.relauncher.SideOnly->net.minecraftforge.api.distmarker.OnlyIn=1; type:Side->Dist=1; type:SideOnly->OnlyIn=1
src/main/java/net/shadowmage/ancientwarfare/core/util/NBTBuilder.java,5,import:net.minecraft.nbt.NBTTagCompound->net.minecraft.nbt.CompoundTag=1; type:NBTTagCompound->CompoundTag=4
src/main/java/net/shadowmage/ancientwarfare/core/util/NBTHelper.java,73,import:net.minecraft.block.Block->net.minecraft.world.level.block.Block=1; import:net.minecraft.block.properties.IProperty->net.minecraft.world.level.block.state.properties.Property=1; import:net.minecraft.block.state.IBlockState->net.minecraft.world.level.block.state.BlockState=1; import:net.minecraft.nbt.NBTBase->net.minecraft.nbt.Tag=1; import:net.minecraft.nbt.NBTTagCompound->net.minecraft.nbt.CompoundTag=1; import:net.minecraft.nbt.NBTTagList->net.minecraft.nbt.ListTag=1; import:net.minecraft.nbt.NBTTagString->net.minecraft.nbt.StringTag=1; import:net.minecraft.util.math.BlockPos->net.minecraft.core.BlockPos=1; type:IBlockState->BlockState=2; type:IProperty->Property=3; type:NBTBase->Tag=8; type:NBTTagCompound->CompoundTag=22; type:NBTTagList->ListTag=28; type:NBTTagString->StringTag=2
src/main/java/net/shadowmage/ancientwarfare/core/util/PacketHelper.java,7,import:net.minecraft.nbt.CompressedStreamTools->net.minecraft.nbt.NbtIo=1; import:net.minecraft.nbt.NBTTagCompound->net.minecraft.nbt.CompoundTag=1; type:CompressedStreamTools->NbtIo=2; type:NBTTagCompound->CompoundTag=3
src/main/java/net/shadowmage/ancientwarfare/core/util/RayTraceUtils.java,57,call:.getEntityBoundingBox()->.getBoundingBox()=1; import:net.minecraft.entity.Entity->net.minecraft.world.entity.Entity=1; import:net.minecraft.entity.player.EntityPlayer->net.minecraft.world.entity.player.Player=1; import:net.minecraft.util.math.AxisAlignedBB->net.minecraft.world.phys.AABB=1; import:net.minecraft.util.math.BlockPos->net.minecraft.core.BlockPos=1; import:net.minecraft.util.math.RayTraceResult->net.minecraft.world.phys.HitResult=1; import:net.minecraft.util.math.Vec3d->net.minecraft.world.phys.Vec3=1; import:net.minecraft.world.World->net.minecraft.world.level.Level=1; type:AxisAlignedBB->AABB=12; type:EntityPlayer->Player=2; type:RayTraceResult->HitResult=16; type:Vec3d->Vec3=17; type:World->Level=2
src/main/java/net/shadowmage/ancientwarfare/core/util/RegistryTools.java,7,api:Loader.isModLoaded->ModList.get().isLoaded=1; import:net.minecraft.block.Block->net.minecraft.world.level.block.Block=1; import:net.minecraft.init.Blocks->net.minecraft.world.level.block.Blocks=1; import:net.minecraft.init.Items->net.minecraft.world.item.Items=1; import:net.minecraft.item.Item->net.minecraft.world.item.Item=1; import:net.minecraft.util.ResourceLocation->net.minecraft.resources.ResourceLocation=1; import:net.minecraftforge.fml.common.registry.ForgeRegistries->net.minecraftforge.registries.ForgeRegistries=1
src/main/java/net/shadowmage/ancientwarfare/core/util/RenderTools.java,34,import:net.minecraft.client.renderer.BufferBuilder->com.mojang.blaze3d.vertex.BufferBuilder=1; import:net.minecraft.client.renderer.Tessellator->com.mojang.blaze3d.vertex.Tesselator=1; import:net.minecraft.entity.player.EntityPlayer->net.minecraft.world.entity.player.Player=1; import:net.minecraft.tileentity.TileEntity->net.minecraft.world.level.block.entity.BlockEntity=1; import:net.minecraft.util.math.AxisAlignedBB->net.minecraft.world.phys.AABB=1; import:net.minecraft.util.math.BlockPos->net.minecraft.core.BlockPos=1; import:net.minecraft.world.World->net.minecraft.world.level.Level=1; import:net.minecraftforge.fml.relauncher.Side->net.minecraftforge.api.distmarker.Dist=1; import:net.minecraftforge.fml.relauncher.SideOnly->net.minecraftforge.api.distmarker.OnlyIn=1; type:AxisAlignedBB->AABB=10; type:EntityPlayer->Player=4; type:Side->Dist=2; type:SideOnly->OnlyIn=2; type:Tessellator->Tesselator=4; type:TileEntity->BlockEntity=2; type:World->Level=1
src/main/java/net/shadowmage/ancientwarfare/core/util/SongPlayData.java,21,import:net.minecraft.nbt.NBTTagCompound->net.minecraft.nbt.CompoundTag=1; import:net.minecraft.nbt.NBTTagList->net.minecraft.nbt.ListTag=1; import:net.minecraft.util.ResourceLocation->net.minecraft.resources.ResourceLocation=1; import:net.minecraft.util.SoundEvent->net.minecraft.sounds.SoundEvent=1; import:net.minecraftforge.fml.common.registry.ForgeRegistries->net.minecraftforge.registries.ForgeRegistries=1; import:net.minecraftforge.fml.relauncher.Side->net.minecraftforge.api.distmarker.Dist=1; import:net.minecraftforge.fml.relauncher.SideOnly->net.minecraftforge.api.distmarker.OnlyIn=1; type:NBTTagCompound->CompoundTag=7; type:NBTTagList->ListTag=3; type:Side->Dist=2; type:SideOnly->OnlyIn=2
src/main/java/net/shadowmage/ancientwarfare/core/util/SortItemsFirstComparator.java,8,import:net.minecraft.block.Block->net.minecraft.world.level.block.Block=1; import:net.minecraft.item.Item->net.minecraft.world.item.Item=1; import:net.minecraft.item.ItemBlock->net.minecraft.world.item.BlockItem=1; import:net.minecraft.item.ItemStack->net.minecraft.world.item.ItemStack=1; type:ItemBlock->BlockItem=4
src/main/java/net/shadowmage/ancientwarfare/core/util/StreamUtils.java,7,import:net.minecraft.nbt.NBTTagList->net.minecraft.nbt.ListTag=1; import:net.minecraft.nbt.NBTTagString->net.minecraft.nbt.StringTag=1; type:NBTTagList->ListTag=4; type:NBTTagString->StringTag=1
src/main/java/net/shadowmage/ancientwarfare/core/util/StringTools.java,1,import:net.minecraft.util.math.BlockPos->net.minecraft.core.BlockPos=1
src/main/java/net/shadowmage/ancientwarfare/core/util/TextUtils.java,1,import:net.minecraft.util.math.BlockPos->net.minecraft.core.BlockPos=1
src/main/java/net/shadowmage/ancientwarfare/core/util/TextureFileBased.java,1,import:net.minecraft.util.ResourceLocation->net.minecraft.resources.ResourceLocation=1
src/main/java/net/shadowmage/ancientwarfare/core/util/TextureImageBased.java,1,import:net.minecraft.util.ResourceLocation->net.minecraft.resources.ResourceLocation=1
src/main/java/net/shadowmage/ancientwarfare/core/util/TextureUtils.java,5,import:net.minecraft.util.ResourceLocation->net.minecraft.resources.ResourceLocation=1; import:net.minecraftforge.fml.relauncher.Side->net.minecraftforge.api.distmarker.Dist=1; import:net.minecraftforge.fml.relauncher.SideOnly->net.minecraftforge.api.distmarker.OnlyIn=1; type:Side->Dist=1; type:SideOnly->OnlyIn=1
src/main/java/net/shadowmage/ancientwarfare/core/util/Trig.java,9,import:net.minecraft.util.math.MathHelper->net.minecraft.util.Mth=1; type:MathHelper->Mth=8
src/main/java/net/shadowmage/ancientwarfare/core/util/WorldTools.java,39,import:net.minecraft.entity.player.EntityPlayer->net.minecraft.world.entity.player.Player=1; import:net.minecraft.tileentity.TileEntity->net.minecraft.world.level.block.entity.BlockEntity=1; import:net.minecraft.util.EnumFacing->net.minecraft.core.Direction=1; import:net.minecraft.util.EnumHand->net.minecraft.world.InteractionHand=1; import:net.minecraft.util.math.BlockPos->net.minecraft.core.BlockPos=1; import:net.minecraft.world.IBlockAccess->net.minecraft.world.level.BlockGetter=1; import:net.minecraft.world.World->net.minecraft.world.level.Level=1; import:net.minecraft.world.WorldServer->net.minecraft.server.level.ServerLevel=1; import:net.minecraft.world.biome.Biome->net.minecraft.world.level.biome.Biome=1; import:net.minecraft.world.chunk.Chunk->net.minecraft.world.level.chunk.LevelChunk=1; import:net.minecraft.world.storage.WorldSavedData->net.minecraft.world.level.saveddata.SavedData=1; type:EntityPlayer->Player=1; type:EnumFacing->Direction=1; type:EnumHand->InteractionHand=1; type:IBlockAccess->BlockGetter=4; type:TileEntity->BlockEntity=10; type:World->Level=10; type:WorldServer->ServerLevel=1
src/main/java/net/shadowmage/ancientwarfare/core/util/Zone.java,7,import:net.minecraft.nbt.NBTTagCompound->net.minecraft.nbt.CompoundTag=1; import:net.minecraft.util.math.BlockPos->net.minecraft.core.BlockPos=1; type:NBTTagCompound->CompoundTag=5
src/main/java/net/shadowmage/ancientwarfare/core/util/parsing/BlockStateMatcher.java,12,import:net.minecraft.block.Block->net.minecraft.world.level.block.Block=1; import:net.minecraft.block.properties.IProperty->net.minecraft.world.level.block.state.properties.Property=1; import:net.minecraft.block.state.IBlockState->net.minecraft.world.level.block.state.BlockState=1; type:IBlockState->BlockState=3; type:IProperty->Property=6
src/main/java/net/shadowmage/ancientwarfare/core/util/parsing/ItemStackMatcher.java,9,call:.getTagCompound()->.getTag()=1; call:.hasTagCompound()->.hasTag()=1; import:net.minecraft.item.Item->net.minecraft.world.item.Item=1; import:net.minecraft.item.ItemStack->net.minecraft.world.item.ItemStack=1; import:net.minecraft.nbt.NBTTagCompound->net.minecraft.nbt.CompoundTag=1; type:NBTTagCompound->CompoundTag=4
src/main/java/net/shadowmage/ancientwarfare/core/util/parsing/JsonHelper.java,17,call:.setTagCompound(->.setTag(=2; import:net.minecraft.block.Block->net.minecraft.world.level.block.Block=1; import:net.minecraft.block.state.IBlockState->net.minecraft.world.level.block.state.BlockState=1; import:net.minecraft.item.Item->net.minecraft.world.item.Item=1; import:net.minecraft.item.ItemStack->net.minecraft.world.item.ItemStack=1; import:net.minecraft.nbt.JsonToNBT->net.minecraft.nbt.TagParser=1; import:net.minecraft.nbt.NBTTagCompound->net.minecraft.nbt.CompoundTag=1; import:net.minecraft.util.NonNullList->net.minecraft.core.NonNullList=1; type:IBlockState->BlockState=5; type:JsonToNBT->TagParser=1; type:NBTTagCompound->CompoundTag=2
src/main/java/net/shadowmage/ancientwarfare/core/util/parsing/MultiBlockStateMatcher.java,3,import:net.minecraft.block.state.IBlockState->net.minecraft.world.level.block.state.BlockState=1; type:IBlockState->BlockState=2
src/main/java/net/shadowmage/ancientwarfare/core/util/parsing/PropertyState.java,7,import:net.minecraft.block.properties.IProperty->net.minecraft.world.level.block.state.properties.Property=1; import:net.minecraft.block.state.IBlockState->net.minecraft.world.level.block.state.BlockState=1; type:IBlockState->BlockState=2; type:IProperty->Property=3
src/main/java/net/shadowmage/ancientwarfare/core/util/parsing/PropertyStateMatcher.java,3,import:net.minecraft.block.state.IBlockState->net.minecraft.world.level.block.state.BlockState=1; type:IBlockState->BlockState=2
src/main/java/net/shadowmage/ancientwarfare/npc/AWNPCTab.java,6,import:net.minecraft.item.ItemStack->net.minecraft.world.item.ItemStack=1; import:net.minecraft.util.NonNullList->net.minecraft.core.NonNullList=1; import:net.minecraftforge.fml.relauncher.Side->net.minecraftforge.api.distmarker.Dist=1; import:net.minecraftforge.fml.relauncher.SideOnly->net.minecraftforge.api.distmarker.OnlyIn=1; type:Side->Dist=1; type:SideOnly->OnlyIn=1
src/main/java/net/shadowmage/ancientwarfare/npc/AncientWarfareNPC.java,5,api:Loader.isModLoaded->ModList.get().isLoaded=1; call:.isRemote->.isClientSide=1; import:net.minecraftforge.event.world.WorldEvent->net.minecraftforge.event.level.LevelEvent=1; import:net.minecraftforge.fml.common.eventhandler.SubscribeEvent->net.minecraftforge.eventbus.api.SubscribeEvent=1; type:WorldEvent->LevelEvent=1
src/main/java/net/shadowmage/ancientwarfare/npc/ai/AIHelper.java,14,call:.getEntityId()->.getId()=3; call:.getEntitySenses()->.getSensing()=1; call:.isEntityAlive()->.isAlive()=1; import:net.minecraft.entity.Entity->net.minecraft.world.entity.Entity=1; import:net.minecraft.entity.EntityLiving->net.minecraft.world.entity.Mob=1; import:net.minecraft.entity.EntityLivingBase->net.minecraft.world.entity.LivingEntity=1; import:net.minecraft.entity.player.EntityPlayer->net.minecraft.world.entity.player.Player=1; type:EntityLiving->Mob=1; type:EntityLivingBase->LivingEntity=2; type:EntityPlayer->Player=2
src/main/java/net/shadowmage/ancientwarfare/npc/ai/NpcAI.java,15,call:.getEntityBoundingBox()->.getBoundingBox()=1; call:.getNavigator()->.getNavigation()=5; import:net.minecraft.entity.Entity->net.minecraft.world.entity.Entity=1; import:net.minecraft.entity.ai.EntityAIBase->net.minecraft.world.entity.ai.goal.Goal=1; import:net.minecraft.util.math.BlockPos->net.minecraft.core.BlockPos=1; import:net.minecraft.util.math.Vec3d->net.minecraft.world.phys.Vec3=1; type:EntityAIBase->Goal=1; type:Vec3d->Vec3=4
src/main/java/net/shadowmage/ancientwarfare/npc/ai/NpcAIAttack.java,16,call:.getAttackTarget()->.getTarget()=2; call:.getDistanceSq(->.distanceToSqr(=3; call:.getEntityBoundingBox()->.getBoundingBox()=1; call:.getLookHelper()->.getLookControl()=1; call:.getNavigator()->.getNavigation()=1; call:.isEntityAlive()->.isAlive()=1; import:net.minecraft.entity.EntityLivingBase->net.minecraft.world.entity.LivingEntity=1; import:net.minecraft.entity.ai.attributes.IAttributeInstance->net.minecraft.world.entity.ai.attributes.AttributeInstance=1; type:EntityLivingBase->LivingEntity=4; type:IAttributeInstance->AttributeInstance=1
src/main/java/net/shadowmage/ancientwarfare/npc/ai/NpcAIAttackMeleeLongRange.java,4,call:.getEntitySenses()->.getSensing()=1; import:net.minecraft.item.ItemStack->net.minecraft.world.item.ItemStack=1; import:net.minecraft.util.EnumHand->net.minecraft.world.InteractionHand=1; type:EnumHand->InteractionHand=1
src/main/java/net/shadowmage/ancientwarfare/npc/ai/NpcAIAttackNearest.java,11,call:.getAttackTarget()->.getTarget()=2; call:.getEntityBoundingBox()->.getBoundingBox()=1; call:.setAttackTarget(->.setTarget(=1; import:net.minecraft.entity.Entity->net.minecraft.world.entity.Entity=1; import:net.minecraft.entity.EntityLivingBase->net.minecraft.world.entity.LivingEntity=1; import:net.minecraft.util.math.AxisAlignedBB->net.minecraft.world.phys.AABB=1; type:AxisAlignedBB->AABB=1; type:EntityLivingBase->LivingEntity=3
src/main/java/net/shadowmage/ancientwarfare/npc/ai/NpcAIBlockWithShield.java,37,call:.getAttackTarget()->.getTarget()=4; call:.getDistanceSq(->.distanceToSqr(=1; call:.getEntityBoundingBox()->.getBoundingBox()=1; call:.getEntitySenses()->.getSensing()=1; call:.getHeldItemMainhand()->.getMainHandItem()=1; call:.getHeldItemOffhand()->.getOffhandItem()=3; call:.getLookHelper()->.getLookControl()=1; call:.getNavigator()->.getNavigation()=2; call:.getTotalWorldTime()->.getGameTime()=1; call:.isEntityAlive()->.isAlive()=2; import:net.minecraft.entity.EntityLiving->net.minecraft.world.entity.Mob=1; import:net.minecraft.entity.EntityLivingBase->net.minecraft.world.entity.LivingEntity=1; import:net.minecraft.entity.player.EntityPlayer->net.minecraft.world.entity.player.Player=1; import:net.minecraft.util.EnumHand->net.minecraft.world.InteractionHand=1; type:EntityLiving->Mob=3; type:EntityLivingBase->LivingEntity=8; type:EntityPlayer->Player=1; type:EnumHand->InteractionHand=4
src/main/java/net/shadowmage/ancientwarfare/npc/ai/NpcAIDistressResponse.java,3,call:.getDistanceSq(->.distanceToSqr(=1; call:.getLookHelper()->.getLookControl()=1; call:.isEntityAlive()->.isAlive()=1
src/main/java/net/shadowmage/ancientwarfare/npc/ai/NpcAIDoor.java,25,call:.getDistanceSq(->.distanceToSqr(=1; call:.getNavigator()->.getNavigation()=2; import:net.minecraft.block.state.IBlockState->net.minecraft.world.level.block.state.BlockState=1; import:net.minecraft.util.EnumFacing->net.minecraft.core.Direction=1; import:net.minecraft.util.math.AxisAlignedBB->net.minecraft.world.phys.AABB=1; import:net.minecraft.util.math.BlockPos->net.minecraft.core.BlockPos=1; import:net.minecraft.util.math.MathHelper->net.minecraft.util.Mth=1; import:net.minecraft.util.math.Vec3d->net.minecraft.world.phys.Vec3=1; type:AxisAlignedBB->AABB=1; type:EnumFacing->Direction=3; type:IBlockState->BlockState=7; type:MathHelper->Mth=3; type:Vec3d->Vec3=2
src/main/java/net/shadowmage/ancientwarfare/npc/ai/NpcAIFleeHostiles.java,37,call:.getAttackTarget()->.getTarget()=6; call:.getDistanceSq(->.distanceToSqr(=5; call:.getEntityBoundingBox()->.getBoundingBox()=1; call:.getNavigator()->.getNavigation()=1; call:.getUniqueID()->.getUUID()=1; call:.isEntityAlive()->.isAlive()=1; call:.setAttackTarget(->.setTarget(=5; import:net.minecraft.entity.Entity->net.minecraft.world.entity.Entity=1; import:net.minecraft.entity.EntityLiving->net.minecraft.world.entity.Mob=1; import:net.minecraft.entity.EntityLivingBase->net.minecraft.world.entity.LivingEntity=1; import:net.minecraft.util.math.BlockPos->net.minecraft.core.BlockPos=1; import:net.minecraft.util.math.Vec3d->net.minecraft.world.phys.Vec3=1; import:net.minecraft.world.World->net.minecraft.world.level.Level=1; type:EntityLiving->Mob=5; type:EntityLivingBase->LivingEntity=2; type:Vec3d->Vec3=3; type:World->Level=1
src/main/java/net/shadowmage/ancientwarfare/npc/ai/NpcAIFollowPlayer.java,8,call:.getAttackTarget()->.getTarget()=2; call:.getDistanceSq(->.distanceToSqr(=3; call:.getLookHelper()->.getLookControl()=1; call:.getNavigator()->.getNavigation()=1; import:net.minecraft.entity.Entity->net.minecraft.world.entity.Entity=1
src/main/java/net/shadowmage/ancientwarfare/npc/ai/NpcAIHurt.java,4,import:net.minecraft.entity.EntityLivingBase->net.minecraft.world.entity.LivingEntity=1; import:net.minecraft.entity.player.EntityPlayer->net.minecraft.world.entity.player.Player=1; type:EntityLivingBase->LivingEntity=1; type:EntityPlayer->Player=1
src/main/java/net/shadowmage/ancientwarfare/npc/ai/NpcAIMedicBase.java,17,call:.getDistanceSq(->.distanceToSqr(=1; call:.getEntityBoundingBox()->.getBoundingBox()=1; call:.isEntityAlive()->.isAlive()=2; import:net.minecraft.entity.EntityLivingBase->net.minecraft.world.entity.LivingEntity=1; import:net.minecraft.entity.player.EntityPlayer->net.minecraft.world.entity.player.Player=1; import:net.minecraft.util.EnumHand->net.minecraft.world.InteractionHand=1; import:net.minecraft.util.math.AxisAlignedBB->net.minecraft.world.phys.AABB=1; type:AxisAlignedBB->AABB=1; type:EntityLivingBase->LivingEntity=6; type:EntityPlayer->Player=1; type:EnumHand->InteractionHand=1
src/main/java/net/shadowmage/ancientwarfare/npc/ai/NpcAIMoveHome.java,5,call:.getDistanceSq(->.distanceToSqr(=3; call:.getNavigator()->.getNavigation()=1; import:net.minecraft.util.math.BlockPos->net.minecraft.core.BlockPos=1
src/main/java/net/shadowmage/ancientwarfare/npc/ai/NpcAIRideHorse.java,7,import:net.minecraft.entity.EntityLiving->net.minecraft.world.entity.Mob=1; import:net.minecraft.entity.ai.EntityAITasks->net.minecraft.world.entity.ai.goal.GoalSelector=1; import:net.minecraft.entity.ai.attributes.AttributeModifier->net.minecraft.world.entity.ai.attributes.AttributeModifier=1; type:EntityAITasks->GoalSelector=2; type:EntityLiving->Mob=2
src/main/java/net/shadowmage/ancientwarfare/npc/ai/NpcAISing.java,8,call:.getEntityBoundingBox()->.getBoundingBox()=1; import:net.minecraft.entity.player.EntityPlayer->net.minecraft.world.entity.player.Player=1; import:net.minecraft.util.SoundCategory->net.minecraft.sounds.SoundSource=1; import:net.minecraft.util.math.AxisAlignedBB->net.minecraft.world.phys.AABB=1; type:AxisAlignedBB->AABB=1; type:EntityPlayer->Player=2; type:SoundCategory->SoundSource=1
src/main/java/net/shadowmage/ancientwarfare/npc/ai/NpcAIWander.java,2,import:net.minecraft.util.math.Vec3d->net.minecraft.world.phys.Vec3=1; type:Vec3d->Vec3=1
src/main/java/net/shadowmage/ancientwarfare/npc/ai/NpcAIWatchClosest.java,2,call:.getAttackTarget()->.getTarget()=1; import:net.minecraft.entity.Entity->net.minecraft.world.entity.Entity=1
src/main/java/net/shadowmage/ancientwarfare/npc/ai/NpcNavigator.java,24,call:.getNavigator()->.getNavigation()=5; import:net.minecraft.entity.Entity->net.minecraft.world.entity.Entity=1; import:net.minecraft.entity.EntityLiving->net.minecraft.world.entity.Mob=1; import:net.minecraft.util.math.BlockPos->net.minecraft.core.BlockPos=1; import:net.minecraft.util.math.MathHelper->net.minecraft.util.Mth=1; import:net.minecraft.util.math.Vec3d->net.minecraft.world.phys.Vec3=1; type:EntityLiving->Mob=10; type:MathHelper->Mth=3; type:Vec3d->Vec3=1
src/main/java/net/shadowmage/ancientwarfare/npc/ai/NpcWalkNodeProcessor.java,27,import:net.minecraft.block.Block->net.minecraft.world.level.block.Block=1; import:net.minecraft.block.state.IBlockState->net.minecraft.world.level.block.state.BlockState=1; import:net.minecraft.entity.EntityLiving->net.minecraft.world.entity.Mob=1; import:net.minecraft.util.EnumFacing->net.minecraft.core.Direction=1; import:net.minecraft.util.math.AxisAlignedBB->net.minecraft.world.phys.AABB=1; import:net.minecraft.util.math.BlockPos->net.minecraft.core.BlockPos=1; import:net.minecraft.util.math.MathHelper->net.minecraft.util.Mth=1; import:net.minecraft.world.IBlockAccess->net.minecraft.world.level.BlockGetter=1; type:AxisAlignedBB->AABB=6; type:EntityLiving->Mob=1; type:EnumFacing->Direction=9; type:IBlockAccess->BlockGetter=1; type:IBlockState->BlockState=1; type:MathHelper->Mth=1
src/main/java/net/shadowmage/ancientwarfare/npc/ai/faction/NpcAIFactionArcherStayAtHome.java,2,call:.getAttackTarget()->.getTarget()=2
src/main/java/net/shadowmage/ancientwarfare/npc/ai/faction/NpcAIFactionCommander.java,1,import:net.minecraft.potion.PotionEffect->net.minecraft.world.effect.MobEffectInstance=1
src/main/java/net/shadowmage/ancientwarfare/npc/ai/faction/NpcAIFactionFleeSun.java,14,call:.getEntityBoundingBox()->.getBoundingBox()=3; call:.getNavigator()->.getNavigation()=2; import:net.minecraft.inventory.EntityEquipmentSlot->net.minecraft.world.entity.EquipmentSlot=1; import:net.minecraft.util.math.BlockPos->net.minecraft.core.BlockPos=1; import:net.minecraft.util.math.Vec3d->net.minecraft.world.phys.Vec3=1; import:net.minecraft.world.World->net.minecraft.world.level.Level=1; type:EntityEquipmentSlot->EquipmentSlot=1; type:Vec3d->Vec3=3; type:World->Level=1
src/main/java/net/shadowmage/ancientwarfare/npc/ai/faction/NpcAIFactionHurt.java,3,import:net.minecraft.entity.Entity->net.minecraft.world.entity.Entity=1; import:net.minecraft.entity.EntityLivingBase->net.minecraft.world.entity.LivingEntity=1; type:EntityLivingBase->LivingEntity=1
src/main/java/net/shadowmage/ancientwarfare/npc/ai/faction/NpcAIFactionPanic.java,5,call:.getPositionVector()->.position()=1; import:net.minecraft.entity.EntityCreature->net.minecraft.world.entity.PathfinderMob=1; import:net.minecraft.util.math.Vec3d->net.minecraft.world.phys.Vec3=1; type:EntityCreature->PathfinderMob=1; type:Vec3d->Vec3=1
src/main/java/net/shadowmage/ancientwarfare/npc/ai/faction/NpcAIFactionRangedAttack.java,3,call:.getEntitySenses()->.getSensing()=1; import:net.minecraft.util.EnumHand->net.minecraft.world.InteractionHand=1; type:EnumHand->InteractionHand=1
src/main/java/net/shadowmage/ancientwarfare/npc/ai/faction/NpcAIFactionRideHorse.java,5,call:.spawnEntity(->.addFreshEntity(=1; import:net.minecraft.entity.EntityLiving->net.minecraft.world.entity.Mob=1; type:EntityLiving->Mob=3
src/main/java/net/shadowmage/ancientwarfare/npc/ai/owned/NpcAIOwnerHurtByTarget.java,6,call:.setAttackTarget(->.setTarget(=1; import:net.minecraft.entity.EntityLivingBase->net.minecraft.world.entity.LivingEntity=1; type:EntityLivingBase->LivingEntity=4
src/main/java/net/shadowmage/ancientwarfare/npc/ai/owned/NpcAIOwnerHurtTarget.java,6,call:.setAttackTarget(->.setTarget(=1; import:net.minecraft.entity.EntityLivingBase->net.minecraft.world.entity.LivingEntity=1; type:EntityLivingBase->LivingEntity=4
src/main/java/net/shadowmage/ancientwarfare/npc/ai/owned/NpcAIPlayerOwnedAlarmResponse.java,1,call:.getDistanceSq(->.distanceToSqr(=1
src/main/java/net/shadowmage/ancientwarfare/npc/ai/owned/NpcAIPlayerOwnedAttackRanged.java,2,call:.getEntitySenses()->.getSensing()=1; call:.getNavigator()->.getNavigation()=1
src/main/java/net/shadowmage/ancientwarfare/npc/ai/owned/NpcAIPlayerOwnedCommander.java,5,call:.getEntityBoundingBox()->.getBoundingBox()=1; import:net.minecraft.init.MobEffects->net.minecraft.world.effect.MobEffects=1; import:net.minecraft.potion.PotionEffect->net.minecraft.world.effect.MobEffectInstance=1; import:net.minecraft.util.math.AxisAlignedBB->net.minecraft.world.phys.AABB=1; type:AxisAlignedBB->AABB=1
src/main/java/net/shadowmage/ancientwarfare/npc/ai/owned/NpcAIPlayerOwnedCourier.java,15,call:.getDistanceSq(->.distanceToSqr(=1; call:.getNavigator()->.getNavigation()=2; import:net.minecraft.item.ItemStack->net.minecraft.world.item.ItemStack=1; import:net.minecraft.nbt.NBTTagCompound->net.minecraft.nbt.CompoundTag=1; import:net.minecraft.tileentity.TileEntity->net.minecraft.world.level.block.entity.BlockEntity=1; import:net.minecraft.util.EnumFacing->net.minecraft.core.Direction=1; import:net.minecraft.util.EnumHand->net.minecraft.world.InteractionHand=1; import:net.minecraft.util.math.BlockPos->net.minecraft.core.BlockPos=1; type:EnumFacing->Direction=1; type:EnumHand->InteractionHand=1; type:NBTTagCompound->CompoundTag=3; type:TileEntity->BlockEntity=1
src/main/java/net/shadowmage/ancientwarfare/npc/ai/owned/NpcAIPlayerOwnedFindWorksite.java,10,call:.getDistanceSq(->.distanceToSqr(=1; import:net.minecraft.tileentity.TileEntity->net.minecraft.world.level.block.entity.BlockEntity=1; import:net.minecraft.util.math.BlockPos->net.minecraft.core.BlockPos=1; import:net.minecraft.util.math.MathHelper->net.minecraft.util.Mth=1; type:MathHelper->Mth=3; type:TileEntity->BlockEntity=3
src/main/java/net/shadowmage/ancientwarfare/npc/ai/owned/NpcAIPlayerOwnedFollowCommand.java,7,call:.getAttackTarget()->.getTarget()=2; call:.getDistanceSq(->.distanceToSqr(=2; call:.getNavigator()->.getNavigation()=1; import:net.minecraft.entity.Entity->net.minecraft.world.entity.Entity=1; import:net.minecraft.util.math.BlockPos->net.minecraft.core.BlockPos=1
src/main/java/net/shadowmage/ancientwarfare/npc/ai/owned/NpcAIPlayerOwnedGetFood.java,2,call:.getDistanceSq(->.distanceToSqr(=1; import:net.minecraft.util.math.BlockPos->net.minecraft.core.BlockPos=1
src/main/java/net/shadowmage/ancientwarfare/npc/ai/owned/NpcAIPlayerOwnedIdleWhenHungry.java,1,call:.getAttackTarget()->.getTarget()=1
src/main/java/net/shadowmage/ancientwarfare/npc/ai/owned/NpcAIPlayerOwnedPatrol.java,8,call:.getAttackTarget()->.getTarget()=1; call:.getDistanceSq(->.distanceToSqr(=1; import:net.minecraft.item.ItemStack->net.minecraft.world.item.ItemStack=1; import:net.minecraft.nbt.NBTTagCompound->net.minecraft.nbt.CompoundTag=1; import:net.minecraft.util.math.BlockPos->net.minecraft.core.BlockPos=1; type:NBTTagCompound->CompoundTag=3
src/main/java/net/shadowmage/ancientwarfare/npc/ai/owned/NpcAIPlayerOwnedPriest.java,9,call:.getDistanceSq(->.distanceToSqr(=1; call:.spawnEntity(->.addFreshEntity(=1; import:net.minecraft.inventory.EntityEquipmentSlot->net.minecraft.world.entity.EquipmentSlot=1; import:net.minecraft.item.ItemStack->net.minecraft.world.item.ItemStack=1; import:net.minecraft.util.EnumHand->net.minecraft.world.InteractionHand=1; import:net.minecraft.util.math.BlockPos->net.minecraft.core.BlockPos=1; type:EntityEquipmentSlot->EquipmentSlot=2; type:EnumHand->InteractionHand=1
src/main/java/net/shadowmage/ancientwarfare/npc/ai/owned/NpcAIPlayerOwnedTrader.java,15,call:.getDistanceSq(->.distanceToSqr(=7; call:.getHeldItemMainhand()->.getMainHandItem()=2; import:net.minecraft.item.ItemStack->net.minecraft.world.item.ItemStack=1; import:net.minecraft.nbt.NBTTagCompound->net.minecraft.nbt.CompoundTag=1; import:net.minecraft.util.math.BlockPos->net.minecraft.core.BlockPos=1; type:NBTTagCompound->CompoundTag=3
src/main/java/net/shadowmage/ancientwarfare/npc/ai/owned/NpcAIPlayerOwnedWork.java,9,call:.getDistanceSq(->.distanceToSqr(=1; call:.getNavigator()->.getNavigation()=1; import:net.minecraft.nbt.NBTTagCompound->net.minecraft.nbt.CompoundTag=1; import:net.minecraft.util.EnumHand->net.minecraft.world.InteractionHand=1; import:net.minecraft.util.math.BlockPos->net.minecraft.core.BlockPos=1; type:EnumHand->InteractionHand=1; type:NBTTagCompound->CompoundTag=3
src/main/java/net/shadowmage/ancientwarfare/npc/ai/owned/NpcAIPlayerOwnedWorkRandom.java,9,call:.getDistanceSq(->.distanceToSqr(=1; call:.getNavigator()->.getNavigation()=1; import:net.minecraft.nbt.NBTTagCompound->net.minecraft.nbt.CompoundTag=1; import:net.minecraft.util.EnumHand->net.minecraft.world.InteractionHand=1; import:net.minecraft.util.math.BlockPos->net.minecraft.core.BlockPos=1; type:EnumHand->InteractionHand=1; type:NBTTagCompound->CompoundTag=3
src/main/java/net/shadowmage/ancientwarfare/npc/ai/vehicle/NpcAIFindVehicle.java,2,call:.getDistanceSq(->.distanceToSqr(=1; call:.getEntityBoundingBox()->.getBoundingBox()=1
src/main/java/net/shadowmage/ancientwarfare/npc/ai/vehicle/NpcAIFireVehicle.java,3,call:.getPositionVector()->.position()=1; import:net.minecraft.util.math.Vec3d->net.minecraft.world.phys.Vec3=1; type:Vec3d->Vec3=1
src/main/java/net/shadowmage/ancientwarfare/npc/ai/vehicle/NpcAIMountVehicle.java,4,call:.getDistanceSq(->.distanceToSqr(=1; call:.getEntityBoundingBox()->.getBoundingBox()=2; import:net.minecraft.entity.Entity->net.minecraft.world.entity.Entity=1
src/main/java/net/shadowmage/ancientwarfare/npc/block/BlockBaseNPC.java,7,import:net.minecraft.block.state.IBlockState->net.minecraft.world.level.block.state.BlockState=1; import:net.minecraft.util.ResourceLocation->net.minecraft.resources.ResourceLocation=1; import:net.minecraftforge.fml.relauncher.Side->net.minecraftforge.api.distmarker.Dist=1; import:net.minecraftforge.fml.relauncher.SideOnly->net.minecraftforge.api.distmarker.OnlyIn=1; type:IBlockState->BlockState=1; type:Side->Dist=1; type:SideOnly->OnlyIn=1
src/main/java/net/shadowmage/ancientwarfare/npc/block/BlockTownHall.java,25,call:.isRemote->.isClientSide=1; import:net.minecraft.block.Block->net.minecraft.world.level.block.Block=1; import:net.minecraft.block.state.IBlockState->net.minecraft.world.level.block.state.BlockState=1; import:net.minecraft.entity.player.EntityPlayer->net.minecraft.world.entity.player.Player=1; import:net.minecraft.tileentity.TileEntity->net.minecraft.world.level.block.entity.BlockEntity=1; import:net.minecraft.util.EnumFacing->net.minecraft.core.Direction=1; import:net.minecraft.util.EnumHand->net.minecraft.world.InteractionHand=1; import:net.minecraft.util.math.BlockPos->net.minecraft.core.BlockPos=1; import:net.minecraft.world.World->net.minecraft.world.level.Level=1; import:net.minecraftforge.fml.relauncher.Side->net.minecraftforge.api.distmarker.Dist=1; import:net.minecraftforge.fml.relauncher.SideOnly->net.minecraftforge.api.distmarker.OnlyIn=1; type:EntityPlayer->Player=1; type:EnumFacing->Direction=1; type:EnumHand->InteractionHand=1; type:IBlockState->BlockState=5; type:Side->Dist=1; type:SideOnly->OnlyIn=1; type:TileEntity->BlockEntity=1; type:World->Level=3
src/main/java/net/shadowmage/ancientwarfare/npc/client/NPCItemColors.java,4,import:net.minecraftforge.fml.relauncher.Side->net.minecraftforge.api.distmarker.Dist=1; import:net.minecraftforge.fml.relauncher.SideOnly->net.minecraftforge.api.distmarker.OnlyIn=1; type:Side->Dist=1; type:SideOnly->OnlyIn=1
src/main/java/net/shadowmage/ancientwarfare/npc/command/CommandFaction.java,4,import:net.minecraft.util.math.BlockPos->net.minecraft.core.BlockPos=1; import:net.minecraft.world.World->net.minecraft.world.level.Level=1; type:World->Level=2
src/main/java/net/shadowmage/ancientwarfare/npc/command/CommandTeams.java,1,import:net.minecraft.util.ResourceLocation->net.minecraft.resources.ResourceLocation=1
src/main/java/net/shadowmage/ancientwarfare/npc/compat/TwilightForestCompat.java,1,call:.getWorldTime()->.getDayTime()=1
src/main/java/net/shadowmage/ancientwarfare/npc/compat/ebwizardry/FactionAllyDesignation.java,1,import:net.minecraftforge.fml.common.eventhandler.SubscribeEvent->net.minecraftforge.eventbus.api.SubscribeEvent=1
src/main/java/net/shadowmage/ancientwarfare/npc/compat/ebwizardry/ai/EntityAIAttackSpellImproved.java,34,call:.getAttackTarget()->.getTarget()=2; call:.getDistanceSq(->.distanceToSqr(=2; call:.getEntityBoundingBox()->.getBoundingBox()=1; call:.getEntityId()->.getId()=4; call:.getEntitySenses()->.getSensing()=2; call:.getLookHelper()->.getLookControl()=2; call:.getMoveHelper()->.getMoveControl()=1; call:.getNavigator()->.getNavigation()=5; call:.isRemote->.isClientSide=1; import:net.minecraft.entity.EntityLiving->net.minecraft.world.entity.Mob=1; import:net.minecraft.entity.EntityLivingBase->net.minecraft.world.entity.LivingEntity=1; import:net.minecraft.entity.ai.EntityAIBase->net.minecraft.world.entity.ai.goal.Goal=1; import:net.minecraft.util.EnumHand->net.minecraft.world.InteractionHand=1; type:EntityAIBase->Goal=1; type:EntityLiving->Mob=2; type:EntityLivingBase->LivingEntity=3; type:EnumHand->InteractionHand=4
src/main/java/net/shadowmage/ancientwarfare/npc/config/AWNPCStatics.java,2,import:net.minecraft.item.ItemFood->net.minecraft.world.item.Item=1; import:net.minecraft.item.ItemStack->net.minecraft.world.item.ItemStack=1
src/main/java/net/shadowmage/ancientwarfare/npc/container/ContainerCombatOrder.java,11,call:.isRemote->.isClientSide=1; import:net.minecraft.entity.player.EntityPlayer->net.minecraft.world.entity.player.Player=1; import:net.minecraft.item.ItemStack->net.minecraft.world.item.ItemStack=1; import:net.minecraft.nbt.NBTTagCompound->net.minecraft.nbt.CompoundTag=1; import:net.minecraft.util.EnumHand->net.minecraft.world.InteractionHand=1; type:EntityPlayer->Player=2; type:EnumHand->InteractionHand=1; type:NBTTagCompound->CompoundTag=3
src/main/java/net/shadowmage/ancientwarfare/npc/container/ContainerNpcBard.java,11,call:.isRemote->.isClientSide=1; import:net.minecraft.entity.player.EntityPlayer->net.minecraft.world.entity.player.Player=1; import:net.minecraft.nbt.NBTTagCompound->net.minecraft.nbt.CompoundTag=1; type:EntityPlayer->Player=1; type:NBTTagCompound->CompoundTag=7
src/main/java/net/shadowmage/ancientwarfare/npc/container/ContainerNpcBase.java,13,call:.getDistanceSq(->.distanceToSqr(=1; import:net.minecraft.entity.player.EntityPlayer->net.minecraft.world.entity.player.Player=1; import:net.minecraft.nbt.NBTTagCompound->net.minecraft.nbt.CompoundTag=1; type:EntityPlayer->Player=2; type:NBTTagCompound->CompoundTag=8
src/main/java/net/shadowmage/ancientwarfare/npc/container/ContainerNpcCreativeControls.java,9,call:.isRemote->.isClientSide=1; import:net.minecraft.entity.player.EntityPlayer->net.minecraft.world.entity.player.Player=1; import:net.minecraft.nbt.NBTTagCompound->net.minecraft.nbt.CompoundTag=1; type:EntityPlayer->Player=2; type:NBTTagCompound->CompoundTag=4
src/main/java/net/shadowmage/ancientwarfare/npc/container/ContainerNpcFactionBard.java,12,call:.isRemote->.isClientSide=1; import:net.minecraft.entity.player.EntityPlayer->net.minecraft.world.entity.player.Player=1; import:net.minecraft.nbt.NBTTagCompound->net.minecraft.nbt.CompoundTag=1; type:EntityPlayer->Player=2; type:NBTTagCompound->CompoundTag=7
src/main/java/net/shadowmage/ancientwarfare/npc/container/ContainerNpcFactionSpellcasterWizardry.java,12,call:.isRemote->.isClientSide=1; import:net.minecraft.entity.player.EntityPlayer->net.minecraft.world.entity.player.Player=1; import:net.minecraft.nbt.NBTTagCompound->net.minecraft.nbt.CompoundTag=1; import:net.minecraft.nbt.NBTTagInt->net.minecraft.nbt.IntTag=1; type:EntityPlayer->Player=2; type:NBTTagCompound->CompoundTag=4; type:NBTTagInt->IntTag=2
src/main/java/net/shadowmage/ancientwarfare/npc/container/ContainerNpcFactionTradeSetup.java,10,call:.isRemote->.isClientSide=1; import:net.minecraft.entity.player.EntityPlayer->net.minecraft.world.entity.player.Player=1; import:net.minecraft.nbt.NBTTagCompound->net.minecraft.nbt.CompoundTag=1; type:EntityPlayer->Player=2; type:NBTTagCompound->CompoundTag=5
src/main/java/net/shadowmage/ancientwarfare/npc/container/ContainerNpcFactionTradeView.java,11,import:net.minecraft.entity.player.EntityPlayer->net.minecraft.world.entity.player.Player=1; import:net.minecraft.nbt.NBTTagCompound->net.minecraft.nbt.CompoundTag=1; import:net.minecraft.world.World->net.minecraft.world.level.Level=1; type:EntityPlayer->Player=2; type:NBTTagCompound->CompoundTag=5; type:World->Level=1
src/main/java/net/shadowmage/ancientwarfare/npc/container/ContainerNpcInventory.java,23,import:net.minecraft.entity.EntityLiving->net.minecraft.world.entity.Mob=1; import:net.minecraft.entity.player.EntityPlayer->net.minecraft.world.entity.player.Player=1; import:net.minecraft.inventory.EntityEquipmentSlot->net.minecraft.world.entity.EquipmentSlot=1; import:net.minecraft.inventory.Slot->net.minecraft.world.inventory.Slot=1; import:net.minecraft.item.ItemStack->net.minecraft.world.item.ItemStack=1; import:net.minecraft.nbt.NBTTagCompound->net.minecraft.nbt.CompoundTag=1; type:EntityEquipmentSlot->EquipmentSlot=4; type:EntityLiving->Mob=1; type:EntityPlayer->Player=3; type:NBTTagCompound->CompoundTag=9
src/main/java/net/shadowmage/ancientwarfare/npc/container/ContainerNpcPlayerOwnedTrade.java,11,import:net.minecraft.entity.player.EntityPlayer->net.minecraft.world.entity.player.Player=1; import:net.minecraft.nbt.NBTTagCompound->net.minecraft.nbt.CompoundTag=1; import:net.minecraft.util.EnumHand->net.minecraft.world.InteractionHand=1; type:EntityPlayer->Player=2; type:EnumHand->InteractionHand=1; type:NBTTagCompound->CompoundTag=5
src/main/java/net/shadowmage/ancientwarfare/npc/container/ContainerRoutingOrder.java,11,call:.isRemote->.isClientSide=1; import:net.minecraft.entity.player.EntityPlayer->net.minecraft.world.entity.player.Player=1; import:net.minecraft.item.ItemStack->net.minecraft.world.item.ItemStack=1; import:net.minecraft.nbt.NBTTagCompound->net.minecraft.nbt.CompoundTag=1; import:net.minecraft.util.EnumHand->net.minecraft.world.InteractionHand=1; type:EntityPlayer->Player=2; type:EnumHand->InteractionHand=1; type:NBTTagCompound->CompoundTag=3
src/main/java/net/shadowmage/ancientwarfare/npc/container/ContainerTownHall.java,26,call:.isRemote->.isClientSide=2; call:.markDirty()->.setChanged()=1; import:net.minecraft.entity.player.EntityPlayer->net.minecraft.world.entity.player.Player=1; import:net.minecraft.inventory.Slot->net.minecraft.world.inventory.Slot=1; import:net.minecraft.item.ItemStack->net.minecraft.world.item.ItemStack=1; import:net.minecraft.nbt.NBTTagCompound->net.minecraft.nbt.CompoundTag=1; import:net.minecraft.nbt.NBTTagList->net.minecraft.nbt.ListTag=1; type:EntityPlayer->Player=3; type:NBTTagCompound->CompoundTag=12; type:NBTTagList->ListTag=3
src/main/java/net/shadowmage/ancientwarfare/npc/container/ContainerTradeOrder.java,10,call:.isRemote->.isClientSide=1; import:net.minecraft.entity.player.EntityPlayer->net.minecraft.world.entity.player.Player=1; import:net.minecraft.nbt.NBTTagCompound->net.minecraft.nbt.CompoundTag=1; import:net.minecraft.util.EnumHand->net.minecraft.world.InteractionHand=1; type:EntityPlayer->Player=2; type:EnumHand->InteractionHand=1; type:NBTTagCompound->CompoundTag=3
src/main/java/net/shadowmage/ancientwarfare/npc/container/ContainerUpkeepOrder.java,11,call:.isRemote->.isClientSide=1; import:net.minecraft.entity.player.EntityPlayer->net.minecraft.world.entity.player.Player=1; import:net.minecraft.item.ItemStack->net.minecraft.world.item.ItemStack=1; import:net.minecraft.nbt.NBTTagCompound->net.minecraft.nbt.CompoundTag=1; import:net.minecraft.util.EnumHand->net.minecraft.world.InteractionHand=1; type:EntityPlayer->Player=2; type:EnumHand->InteractionHand=1; type:NBTTagCompound->CompoundTag=3
src/main/java/net/shadowmage/ancientwarfare/npc/container/ContainerWorkOrder.java,11,call:.isRemote->.isClientSide=1; import:net.minecraft.entity.player.EntityPlayer->net.minecraft.world.entity.player.Player=1; import:net.minecraft.item.ItemStack->net.minecraft.world.item.ItemStack=1; import:net.minecraft.nbt.NBTTagCompound->net.minecraft.nbt.CompoundTag=1; import:net.minecraft.util.EnumHand->net.minecraft.world.InteractionHand=1; type:EntityPlayer->Player=2; type:EnumHand->InteractionHand=1; type:NBTTagCompound->CompoundTag=3
src/main/java/net/shadowmage/ancientwarfare/npc/crafting/AWNpcCrafting.java,10,call:.getTagCompound()->.getTag()=2; call:.setTagCompound(->.setTag(=2; import:net.minecraft.item.Item->net.minecraft.world.item.Item=1; import:net.minecraft.item.ItemStack->net.minecraft.world.item.ItemStack=1; import:net.minecraft.util.ResourceLocation->net.minecraft.resources.ResourceLocation=1; import:net.minecraft.world.World->net.minecraft.world.level.Level=1; import:net.minecraftforge.fml.common.eventhandler.SubscribeEvent->net.minecraftforge.eventbus.api.SubscribeEvent=1; type:World->Level=1
src/main/java/net/shadowmage/ancientwarfare/npc/datafixes/FactionEntityFixer.java,4,import:net.minecraft.nbt.NBTTagCompound->net.minecraft.nbt.CompoundTag=1; import:net.minecraftforge.fml.common.eventhandler.SubscribeEvent->net.minecraftforge.eventbus.api.SubscribeEvent=1; type:NBTTagCompound->CompoundTag=2
src/main/java/net/shadowmage/ancientwarfare/npc/datafixes/FactionExpansionEntityFixer.java,3,import:net.minecraft.nbt.NBTTagCompound->net.minecraft.nbt.CompoundTag=1; type:NBTTagCompound->CompoundTag=2
src/main/java/net/shadowmage/ancientwarfare/npc/datafixes/FactionExpansionItemFixer.java,4,import:net.minecraft.nbt.NBTTagCompound->net.minecraft.nbt.CompoundTag=1; type:NBTTagCompound->CompoundTag=3
src/main/java/net/shadowmage/ancientwarfare/npc/datafixes/FactionSpawnerItemFixer.java,4,import:net.minecraft.nbt.NBTTagCompound->net.minecraft.nbt.CompoundTag=1; type:NBTTagCompound->CompoundTag=3
src/main/java/net/shadowmage/ancientwarfare/npc/datafixes/FoodBundleDataFixer.java,3,import:net.minecraft.nbt.NBTTagCompound->net.minecraft.nbt.CompoundTag=1; type:NBTTagCompound->CompoundTag=2
src/main/java/net/shadowmage/ancientwarfare/npc/datafixes/NpcSkinFixer.java,3,import:net.minecraft.nbt.NBTTagCompound->net.minecraft.nbt.CompoundTag=1; type:NBTTagCompound->CompoundTag=2
src/main/java/net/shadowmage/ancientwarfare/npc/datafixes/RoutingOrderFilterCountsFixer.java,10,import:net.minecraft.item.ItemStack->net.minecraft.world.item.ItemStack=1; import:net.minecraft.nbt.NBTTagCompound->net.minecraft.nbt.CompoundTag=1; import:net.minecraft.nbt.NBTTagList->net.minecraft.nbt.ListTag=1; type:NBTTagCompound->CompoundTag=5; type:NBTTagList->ListTag=2
src/main/java/net/shadowmage/ancientwarfare/npc/entity/IKeepFood.java,3,import:net.minecraft.util.EnumFacing->net.minecraft.core.Direction=1; import:net.minecraft.util.math.BlockPos->net.minecraft.core.BlockPos=1; type:EnumFacing->Direction=1
src/main/java/net/shadowmage/ancientwarfare/npc/entity/NoFriendlyFirePotion.java,18,call:.getDistanceSq(->.distanceToSqr(=1; call:.getEntityBoundingBox()->.getBoundingBox()=1; import:net.minecraft.entity.EntityLivingBase->net.minecraft.world.entity.LivingEntity=1; import:net.minecraft.item.ItemStack->net.minecraft.world.item.ItemStack=1; import:net.minecraft.potion.Potion->net.minecraft.world.effect.MobEffect=1; import:net.minecraft.potion.PotionEffect->net.minecraft.world.effect.MobEffectInstance=1; import:net.minecraft.util.math.AxisAlignedBB->net.minecraft.world.phys.AABB=1; import:net.minecraft.util.math.RayTraceResult->net.minecraft.world.phys.HitResult=1; import:net.minecraft.world.World->net.minecraft.world.level.Level=1; type:AxisAlignedBB->AABB=1; type:EntityLivingBase->LivingEntity=5; type:RayTraceResult->HitResult=1; type:World->Level=2
src/main/java/net/shadowmage/ancientwarfare/npc/entity/NpcBard.java,11,import:net.minecraft.entity.EntityLiving->net.minecraft.world.entity.Mob=1; import:net.minecraft.entity.player.EntityPlayer->net.minecraft.world.entity.player.Player=1; import:net.minecraft.nbt.NBTTagCompound->net.minecraft.nbt.CompoundTag=1; import:net.minecraft.world.World->net.minecraft.world.level.Level=1; type:EntityLiving->Mob=1; type:EntityPlayer->Player=2; type:NBTTagCompound->CompoundTag=3; type:World->Level=1
src/main/java/net/shadowmage/ancientwarfare/npc/entity/NpcBase.java,155,call:.getEntityId()->.getId()=1; call:.getHeldItemMainhand()->.getMainHandItem()=2; call:.getUniqueID()->.getUUID()=1; call:.isRemote->.isClientSide=8; call:.setAttackTarget(->.setTarget(=1; import:net.minecraft.block.state.IBlockState->net.minecraft.world.level.block.state.BlockState=1; import:net.minecraft.enchantment.EnchantmentHelper->net.minecraft.world.item.enchantment.EnchantmentHelper=1; import:net.minecraft.entity.Entity->net.minecraft.world.entity.Entity=1; import:net.minecraft.entity.EntityCreature->net.minecraft.world.entity.PathfinderMob=1; import:net.minecraft.entity.EntityLiving->net.minecraft.world.entity.Mob=1; import:net.minecraft.entity.EntityLivingBase->net.minecraft.world.entity.LivingEntity=1; import:net.minecraft.entity.player.EntityPlayer->net.minecraft.world.entity.player.Player=1; import:net.minecraft.init.Blocks->net.minecraft.world.level.block.Blocks=1; import:net.minecraft.init.SoundEvents->net.minecraft.sounds.SoundEvents=1; import:net.minecraft.inventory.EntityEquipmentSlot->net.minecraft.world.entity.EquipmentSlot=1; import:net.minecraft.item.Item->net.minecraft.world.item.Item=1; import:net.minecraft.item.ItemStack->net.minecraft.world.item.ItemStack=1; import:net.minecraft.nbt.NBTTagCompound->net.minecraft.nbt.CompoundTag=1; import:net.minecraft.nbt.NBTTagList->net.minecraft.nbt.ListTag=1; import:net.minecraft.network.datasync.DataParameter->net.minecraft.network.syncher.EntityDataAccessor=1; import:net.minecraft.network.datasync.DataSerializers->net.minecraft.network.syncher.EntityDataSerializers=1; import:net.minecraft.network.datasync.EntityDataManager->net.minecraft.network.syncher.SynchedEntityData=1; import:net.minecraft.util.EnumFacing->net.minecraft.core.Direction=1; import:net.minecraft.util.EnumHand->net.minecraft.world.InteractionHand=1; import:net.minecraft.util.NonNullList->net.minecraft.core.NonNullList=1; import:net.minecraft.util.ResourceLocation->net.minecraft.resources.ResourceLocation=1; import:net.minecraft.util.math.BlockPos->net.minecraft.core.BlockPos=1; import:net.minecraft.util.math.MathHelper->net.minecraft.util.Mth=1; import:net.minecraft.util.math.RayTraceResult->net.minecraft.world.phys.HitResult=1; import:net.minecraft.world.World->net.minecraft.world.level.Level=1; import:net.minecraftforge.fml.common.registry.IEntityAdditionalSpawnData->net.minecraftforge.entity.IEntityAdditionalSpawnData=1; import:net.minecraftforge.fml.relauncher.Side->net.minecraftforge.api.distmarker.Dist=1; import:net.minecraftforge.fml.relauncher.SideOnly->net.minecraftforge.api.distmarker.OnlyIn=1; type:DataParameter->EntityDataAccessor=6; type:DataSerializers->EntityDataSerializers=6; type:EntityCreature->PathfinderMob=1; type:EntityDataManager->SynchedEntityData=6; type:EntityEquipmentSlot->EquipmentSlot=13; type:EntityLiving->Mob=1; type:EntityLivingBase->LivingEntity=14; type:EntityPlayer->Player=14; type:EnumFacing->Direction=8; type:EnumHand->InteractionHand=4; type:IBlockState->BlockState=6; type:MathHelper->Mth=10; type:NBTTagCompound->CompoundTag=15; type:NBTTagList->ListTag=3; type:RayTraceResult->HitResult=1; type:Side->Dist=2; type:SideOnly->OnlyIn=2; type:World->Level=2
src/main/java/net/shadowmage/ancientwarfare/npc/entity/NpcCombat.java,19,call:.isRemote->.isClientSide=1; import:net.minecraft.entity.Entity->net.minecraft.world.entity.Entity=1; import:net.minecraft.entity.EntityLiving->net.minecraft.world.entity.Mob=1; import:net.minecraft.entity.EntityLivingBase->net.minecraft.world.entity.LivingEntity=1; import:net.minecraft.entity.ai.EntityAIBase->net.minecraft.world.entity.ai.goal.Goal=1; import:net.minecraft.entity.player.EntityPlayer->net.minecraft.world.entity.player.Player=1; import:net.minecraft.item.Item->net.minecraft.world.item.Item=1; import:net.minecraft.item.ItemStack->net.minecraft.world.item.ItemStack=1; import:net.minecraft.nbt.NBTTagCompound->net.minecraft.nbt.CompoundTag=1; import:net.minecraft.util.ResourceLocation->net.minecraft.resources.ResourceLocation=1; import:net.minecraft.world.World->net.minecraft.world.level.Level=1; type:EntityAIBase->Goal=1; type:EntityLiving->Mob=1; type:EntityLivingBase->LivingEntity=1; type:EntityPlayer->Player=1; type:NBTTagCompound->CompoundTag=3; type:World->Level=1
src/main/java/net/shadowmage/ancientwarfare/npc/entity/NpcCourier.java,13,import:net.minecraft.entity.EntityLiving->net.minecraft.world.entity.Mob=1; import:net.minecraft.entity.player.EntityPlayer->net.minecraft.world.entity.player.Player=1; import:net.minecraft.item.ItemStack->net.minecraft.world.item.ItemStack=1; import:net.minecraft.nbt.NBTTagCompound->net.minecraft.nbt.CompoundTag=1; import:net.minecraft.util.EnumFacing->net.minecraft.core.Direction=1; import:net.minecraft.world.World->net.minecraft.world.level.Level=1; type:EntityLiving->Mob=1; type:EntityPlayer->Player=1; type:EnumFacing->Direction=1; type:NBTTagCompound->CompoundTag=3; type:World->Level=1
src/main/java/net/shadowmage/ancientwarfare/npc/entity/NpcLevelingStats.java,12,call:.isRemote->.isClientSide=1; import:net.minecraft.nbt.NBTTagCompound->net.minecraft.nbt.CompoundTag=1; import:net.minecraft.nbt.NBTTagList->net.minecraft.nbt.ListTag=1; type:NBTTagCompound->CompoundTag=6; type:NBTTagList->ListTag=3
src/main/java/net/shadowmage/ancientwarfare/npc/entity/NpcPlayerOwned.java,31,call:.getEntitySenses()->.getSensing()=1; call:.getUniqueID()->.getUUID()=1; call:.isRemote->.isClientSide=2; import:net.minecraft.entity.Entity->net.minecraft.world.entity.Entity=1; import:net.minecraft.entity.EntityLivingBase->net.minecraft.world.entity.LivingEntity=1; import:net.minecraft.entity.player.EntityPlayer->net.minecraft.world.entity.player.Player=1; import:net.minecraft.inventory.EntityEquipmentSlot->net.minecraft.world.entity.EquipmentSlot=1; import:net.minecraft.item.ItemStack->net.minecraft.world.item.ItemStack=1; import:net.minecraft.nbt.NBTTagCompound->net.minecraft.nbt.CompoundTag=1; import:net.minecraft.util.EnumFacing->net.minecraft.core.Direction=1; import:net.minecraft.util.EnumHand->net.minecraft.world.InteractionHand=1; import:net.minecraft.util.SoundEvent->net.minecraft.sounds.SoundEvent=1; import:net.minecraft.util.math.BlockPos->net.minecraft.core.BlockPos=1; import:net.minecraft.world.World->net.minecraft.world.level.Level=1; type:EntityEquipmentSlot->EquipmentSlot=2; type:EntityLivingBase->LivingEntity=4; type:EntityPlayer->Player=3; type:EnumFacing->Direction=2; type:EnumHand->InteractionHand=1; type:NBTTagCompound->CompoundTag=3; type:World->Level=1
src/main/java/net/shadowmage/ancientwarfare/npc/entity/NpcPriest.java,6,import:net.minecraft.entity.EntityLiving->net.minecraft.world.entity.Mob=1; import:net.minecraft.entity.player.EntityPlayer->net.minecraft.world.entity.player.Player=1; import:net.minecraft.world.World->net.minecraft.world.level.Level=1; type:EntityLiving->Mob=1; type:EntityPlayer->Player=1; type:World->Level=1
src/main/java/net/shadowmage/ancientwarfare/npc/entity/NpcTrader.java,20,call:.isEntityAlive()->.isAlive()=1; call:.isRemote->.isClientSide=1; import:net.minecraft.entity.Entity->net.minecraft.world.entity.Entity=1; import:net.minecraft.entity.EntityLiving->net.minecraft.world.entity.Mob=1; import:net.minecraft.entity.player.EntityPlayer->net.minecraft.world.entity.player.Player=1; import:net.minecraft.item.ItemStack->net.minecraft.world.item.ItemStack=1; import:net.minecraft.nbt.NBTTagCompound->net.minecraft.nbt.CompoundTag=1; import:net.minecraft.util.EnumHand->net.minecraft.world.InteractionHand=1; import:net.minecraft.world.World->net.minecraft.world.level.Level=1; type:EntityLiving->Mob=1; type:EntityPlayer->Player=5; type:EnumHand->InteractionHand=1; type:NBTTagCompound->CompoundTag=3; type:World->Level=1
src/main/java/net/shadowmage/ancientwarfare/npc/entity/NpcWorker.java,14,import:net.minecraft.entity.EntityLiving->net.minecraft.world.entity.Mob=1; import:net.minecraft.entity.player.EntityPlayer->net.minecraft.world.entity.player.Player=1; import:net.minecraft.item.Item->net.minecraft.world.item.Item=1; import:net.minecraft.item.ItemStack->net.minecraft.world.item.ItemStack=1; import:net.minecraft.nbt.NBTTagCompound->net.minecraft.nbt.CompoundTag=1; import:net.minecraft.util.math.BlockPos->net.minecraft.core.BlockPos=1; import:net.minecraft.world.World->net.minecraft.world.level.Level=1; type:EntityLiving->Mob=1; type:EntityPlayer->Player=1; type:NBTTagCompound->CompoundTag=4; type:World->Level=1
src/main/java/net/shadowmage/ancientwarfare/npc/entity/RangeAttackHelper.java,14,call:.getEntityBoundingBox()->.getBoundingBox()=2; call:.getHeldItemMainhand()->.getMainHandItem()=3; call:.spawnEntity(->.addFreshEntity(=1; import:net.minecraft.enchantment.EnchantmentHelper->net.minecraft.world.item.enchantment.EnchantmentHelper=1; import:net.minecraft.entity.EntityLivingBase->net.minecraft.world.entity.LivingEntity=1; import:net.minecraft.init.Enchantments->net.minecraft.world.item.enchantment.Enchantments=1; import:net.minecraft.init.SoundEvents->net.minecraft.sounds.SoundEvents=1; import:net.minecraft.util.math.MathHelper->net.minecraft.util.Mth=1; type:EntityLivingBase->LivingEntity=2; type:MathHelper->Mth=1
src/main/java/net/shadowmage/ancientwarfare/npc/entity/faction/IHorseMountedNpc.java,2,import:net.minecraft.entity.EntityLiving->net.minecraft.world.entity.Mob=1; type:EntityLiving->Mob=1
src/main/java/net/shadowmage/ancientwarfare/npc/entity/faction/NpcFaction.java,56,call:.getEntitySenses()->.getSensing()=1; call:.getItemDamage()->.getDamageValue()=2; call:.getMaxDamage()->.getMaxDamage()=1; call:.getTotalWorldTime()->.getGameTime()=4; call:.getUniqueID()->.getUUID()=1; call:.getWorldTime()->.getDayTime()=1; call:.isRemote->.isClientSide=2; call:.setItemDamage(->.setDamageValue(=1; import:net.minecraft.entity.Entity->net.minecraft.world.entity.Entity=1; import:net.minecraft.entity.EntityLivingBase->net.minecraft.world.entity.LivingEntity=1; import:net.minecraft.entity.player.EntityPlayer->net.minecraft.world.entity.player.Player=1; import:net.minecraft.init.MobEffects->net.minecraft.world.effect.MobEffects=1; import:net.minecraft.init.SoundEvents->net.minecraft.sounds.SoundEvents=1; import:net.minecraft.inventory.EntityEquipmentSlot->net.minecraft.world.entity.EquipmentSlot=1; import:net.minecraft.item.ItemStack->net.minecraft.world.item.ItemStack=1; import:net.minecraft.nbt.NBTTagCompound->net.minecraft.nbt.CompoundTag=1; import:net.minecraft.network.PacketBuffer->net.minecraft.network.FriendlyByteBuf=1; import:net.minecraft.network.datasync.DataParameter->net.minecraft.network.syncher.EntityDataAccessor=1; import:net.minecraft.network.datasync.DataSerializers->net.minecraft.network.syncher.EntityDataSerializers=1; import:net.minecraft.network.datasync.EntityDataManager->net.minecraft.network.syncher.SynchedEntityData=1; import:net.minecraft.potion.PotionEffect->net.minecraft.world.effect.MobEffectInstance=1; import:net.minecraft.util.EnumHand->net.minecraft.world.InteractionHand=1; import:net.minecraft.util.ResourceLocation->net.minecraft.resources.ResourceLocation=1; import:net.minecraft.util.SoundEvent->net.minecraft.sounds.SoundEvent=1; import:net.minecraft.util.math.AxisAlignedBB->net.minecraft.world.phys.AABB=1; import:net.minecraft.util.math.BlockPos->net.minecraft.core.BlockPos=1; import:net.minecraft.world.World->net.minecraft.world.level.Level=1; type:AxisAlignedBB->AABB=1; type:DataParameter->EntityDataAccessor=1; type:DataSerializers->EntityDataSerializers=1; type:EntityDataManager->SynchedEntityData=1; type:EntityEquipmentSlot->EquipmentSlot=2; type:EntityLivingBase->LivingEntity=1; type:EntityPlayer->Player=10; type:EnumHand->InteractionHand=1; type:NBTTagCompound->CompoundTag=2; type:PacketBuffer->FriendlyByteBuf=2; type:World->Level=2
src/main/java/net/shadowmage/ancientwarfare/npc/entity/faction/NpcFactionArcher.java,12,call:.getDistanceSq(->.distanceToSqr(=1; import:net.minecraft.entity.Entity->net.minecraft.world.entity.Entity=1; import:net.minecraft.entity.EntityLiving->net.minecraft.world.entity.Mob=1; import:net.minecraft.entity.EntityLivingBase->net.minecraft.world.entity.LivingEntity=1; import:net.minecraft.entity.player.EntityPlayer->net.minecraft.world.entity.player.Player=1; import:net.minecraft.util.math.BlockPos->net.minecraft.core.BlockPos=1; import:net.minecraft.world.World->net.minecraft.world.level.Level=1; type:EntityLiving->Mob=1; type:EntityLivingBase->LivingEntity=1; type:EntityPlayer->Player=1; type:World->Level=2
src/main/java/net/shadowmage/ancientwarfare/npc/entity/faction/NpcFactionArcherElite.java,3,import:net.minecraft.world.World->net.minecraft.world.level.Level=1; type:World->Level=2
src/main/java/net/shadowmage/ancientwarfare/npc/entity/faction/NpcFactionBard.java,13,import:net.minecraft.entity.Entity->net.minecraft.world.entity.Entity=1; import:net.minecraft.entity.EntityLiving->net.minecraft.world.entity.Mob=1; import:net.minecraft.entity.player.EntityPlayer->net.minecraft.world.entity.player.Player=1; import:net.minecraft.nbt.NBTTagCompound->net.minecraft.nbt.CompoundTag=1; import:net.minecraft.world.World->net.minecraft.world.level.Level=1; type:EntityLiving->Mob=1; type:EntityPlayer->Player=2; type:NBTTagCompound->CompoundTag=3; type:World->Level=2
src/main/java/net/shadowmage/ancientwarfare/npc/entity/faction/NpcFactionCivilian.java,8,import:net.minecraft.entity.Entity->net.minecraft.world.entity.Entity=1; import:net.minecraft.entity.EntityLiving->net.minecraft.world.entity.Mob=1; import:net.minecraft.entity.player.EntityPlayer->net.minecraft.world.entity.player.Player=1; import:net.minecraft.world.World->net.minecraft.world.level.Level=1; type:EntityLiving->Mob=1; type:EntityPlayer->Player=1; type:World->Level=2
src/main/java/net/shadowmage/ancientwarfare/npc/entity/faction/NpcFactionCivilianFemale.java,3,import:net.minecraft.world.World->net.minecraft.world.level.Level=1; type:World->Level=2
src/main/java/net/shadowmage/ancientwarfare/npc/entity/faction/NpcFactionCivilianMale.java,3,import:net.minecraft.world.World->net.minecraft.world.level.Level=1; type:World->Level=2
src/main/java/net/shadowmage/ancientwarfare/npc/entity/faction/NpcFactionLeader.java,7,import:net.minecraft.entity.EntityLiving->net.minecraft.world.entity.Mob=1; import:net.minecraft.entity.player.EntityPlayer->net.minecraft.world.entity.player.Player=1; import:net.minecraft.world.World->net.minecraft.world.level.Level=1; type:EntityLiving->Mob=1; type:EntityPlayer->Player=1; type:World->Level=2
src/main/java/net/shadowmage/ancientwarfare/npc/entity/faction/NpcFactionLeaderElite.java,3,import:net.minecraft.world.World->net.minecraft.world.level.Level=1; type:World->Level=2
src/main/java/net/shadowmage/ancientwarfare/npc/entity/faction/NpcFactionMounted.java,14,call:.setDead()->.discard()=2; import:net.minecraft.entity.EntityLiving->net.minecraft.world.entity.Mob=1; import:net.minecraft.nbt.NBTTagCompound->net.minecraft.nbt.CompoundTag=1; import:net.minecraft.world.World->net.minecraft.world.level.Level=1; type:EntityLiving->Mob=4; type:NBTTagCompound->CompoundTag=2; type:World->Level=3
src/main/java/net/shadowmage/ancientwarfare/npc/entity/faction/NpcFactionMountedArcher.java,12,call:.getDistanceSq(->.distanceToSqr(=1; import:net.minecraft.entity.Entity->net.minecraft.world.entity.Entity=1; import:net.minecraft.entity.EntityLiving->net.minecraft.world.entity.Mob=1; import:net.minecraft.entity.EntityLivingBase->net.minecraft.world.entity.LivingEntity=1; import:net.minecraft.entity.player.EntityPlayer->net.minecraft.world.entity.player.Player=1; import:net.minecraft.util.math.BlockPos->net.minecraft.core.BlockPos=1; import:net.minecraft.world.World->net.minecraft.world.level.Level=1; type:EntityLiving->Mob=1; type:EntityLivingBase->LivingEntity=1; type:EntityPlayer->Player=1; type:World->Level=2
src/main/java/net/shadowmage/ancientwarfare/npc/entity/faction/NpcFactionMountedSoldier.java,7,import:net.minecraft.entity.EntityLiving->net.minecraft.world.entity.Mob=1; import:net.minecraft.entity.player.EntityPlayer->net.minecraft.world.entity.player.Player=1; import:net.minecraft.world.World->net.minecraft.world.level.Level=1; type:EntityLiving->Mob=1; type:EntityPlayer->Player=1; type:World->Level=2
src/main/java/net/shadowmage/ancientwarfare/npc/entity/faction/NpcFactionPriest.java,20,call:.getDistanceSq(->.distanceToSqr(=1; call:.spawnEntity(->.addFreshEntity(=1; import:net.minecraft.entity.EntityLiving->net.minecraft.world.entity.Mob=1; import:net.minecraft.entity.EntityLivingBase->net.minecraft.world.entity.LivingEntity=1; import:net.minecraft.entity.player.EntityPlayer->net.minecraft.world.entity.player.Player=1; import:net.minecraft.init.Items->net.minecraft.world.item.Items=1; import:net.minecraft.init.MobEffects->net.minecraft.world.effect.MobEffects=1; import:net.minecraft.init.SoundEvents->net.minecraft.sounds.SoundEvents=1; import:net.minecraft.item.ItemStack->net.minecraft.world.item.ItemStack=1; import:net.minecraft.potion.PotionEffect->net.minecraft.world.effect.MobEffectInstance=1; import:net.minecraft.util.math.BlockPos->net.minecraft.core.BlockPos=1; import:net.minecraft.util.math.MathHelper->net.minecraft.util.Mth=1; import:net.minecraft.world.World->net.minecraft.world.level.Level=1; type:EntityLiving->Mob=1; type:EntityLivingBase->LivingEntity=2; type:EntityPlayer->Player=1; type:MathHelper->Mth=1; type:World->Level=2
src/main/java/net/shadowmage/ancientwarfare/npc/entity/faction/NpcFactionSiegeEngineer.java,10,call:.setAttackTarget(->.setTarget(=1; import:net.minecraft.entity.EntityLiving->net.minecraft.world.entity.Mob=1; import:net.minecraft.entity.EntityLivingBase->net.minecraft.world.entity.LivingEntity=1; import:net.minecraft.entity.player.EntityPlayer->net.minecraft.world.entity.player.Player=1; import:net.minecraft.world.World->net.minecraft.world.level.Level=1; type:EntityLiving->Mob=1; type:EntityLivingBase->LivingEntity=1; type:EntityPlayer->Player=1; type:World->Level=2
src/main/java/net/shadowmage/ancientwarfare/npc/entity/faction/NpcFactionSoldier.java,7,import:net.minecraft.entity.EntityLiving->net.minecraft.world.entity.Mob=1; import:net.minecraft.entity.player.EntityPlayer->net.minecraft.world.entity.player.Player=1; import:net.minecraft.world.World->net.minecraft.world.level.Level=1; type:EntityLiving->Mob=1; type:EntityPlayer->Player=1; type:World->Level=2
src/main/java/net/shadowmage/ancientwarfare/npc/entity/faction/NpcFactionSoldierElite.java,3,import:net.minecraft.world.World->net.minecraft.world.level.Level=1; type:World->Level=2
src/main/java/net/shadowmage/ancientwarfare/npc/entity/faction/NpcFactionSpellcaster.java,7,import:net.minecraft.entity.EntityLiving->net.minecraft.world.entity.Mob=1; import:net.minecraft.entity.player.EntityPlayer->net.minecraft.world.entity.player.Player=1; import:net.minecraft.world.World->net.minecraft.world.level.Level=1; type:EntityLiving->Mob=1; type:EntityPlayer->Player=1; type:World->Level=2
src/main/java/net/shadowmage/ancientwarfare/npc/entity/faction/NpcFactionSpellcasterWizardry.java,28,call:.isRemote->.isClientSide=1; import:net.minecraft.entity.Entity->net.minecraft.world.entity.Entity=1; import:net.minecraft.entity.EntityLiving->net.minecraft.world.entity.Mob=1; import:net.minecraft.entity.player.EntityPlayer->net.minecraft.world.entity.player.Player=1; import:net.minecraft.nbt.NBTTagCompound->net.minecraft.nbt.CompoundTag=1; import:net.minecraft.nbt.NBTTagString->net.minecraft.nbt.StringTag=1; import:net.minecraft.network.datasync.DataParameter->net.minecraft.network.syncher.EntityDataAccessor=1; import:net.minecraft.network.datasync.DataSerializers->net.minecraft.network.syncher.EntityDataSerializers=1; import:net.minecraft.network.datasync.EntityDataManager->net.minecraft.network.syncher.SynchedEntityData=1; import:net.minecraft.world.EnumDifficulty->net.minecraft.world.Difficulty=1; import:net.minecraft.world.World->net.minecraft.world.level.Level=1; type:DataParameter->EntityDataAccessor=1; type:DataSerializers->EntityDataSerializers=1; type:EntityDataManager->SynchedEntityData=1; type:EntityLiving->Mob=1; type:EntityPlayer->Player=2; type:EnumDifficulty->Difficulty=1; type:NBTTagCompound->CompoundTag=4; type:NBTTagString->StringTag=4; type:World->Level=2
src/main/java/net/shadowmage/ancientwarfare/npc/entity/faction/NpcFactionTrader.java,18,call:.isRemote->.isClientSide=2; import:net.minecraft.entity.Entity->net.minecraft.world.entity.Entity=1; import:net.minecraft.entity.EntityLiving->net.minecraft.world.entity.Mob=1; import:net.minecraft.entity.player.EntityPlayer->net.minecraft.world.entity.player.Player=1; import:net.minecraft.nbt.NBTTagCompound->net.minecraft.nbt.CompoundTag=1; import:net.minecraft.util.EnumHand->net.minecraft.world.InteractionHand=1; import:net.minecraft.world.World->net.minecraft.world.level.Level=1; type:EntityLiving->Mob=1; type:EntityPlayer->Player=4; type:EnumHand->InteractionHand=1; type:NBTTagCompound->CompoundTag=2; type:World->Level=2
src/main/java/net/shadowmage/ancientwarfare/npc/entity/faction/attributes/AdditionalAttributes.java,2,import:net.minecraft.entity.EntityLiving->net.minecraft.world.entity.Mob=1; type:EntityLiving->Mob=1
src/main/java/net/shadowmage/ancientwarfare/npc/entity/faction/attributes/EntityVehicleProperty.java,2,import:net.minecraft.entity.Entity->net.minecraft.world.entity.Entity=1; import:net.minecraft.util.ResourceLocation->net.minecraft.resources.ResourceLocation=1
src/main/java/net/shadowmage/ancientwarfare/npc/entity/vehicle/BlockPosTarget.java,10,import:net.minecraft.nbt.NBTTagCompound->net.minecraft.nbt.CompoundTag=1; import:net.minecraft.util.math.AxisAlignedBB->net.minecraft.world.phys.AABB=1; import:net.minecraft.util.math.BlockPos->net.minecraft.core.BlockPos=1; import:net.minecraft.world.World->net.minecraft.world.level.Level=1; type:AxisAlignedBB->AABB=3; type:NBTTagCompound->CompoundTag=2; type:World->Level=1
src/main/java/net/shadowmage/ancientwarfare/npc/entity/vehicle/EntityTarget.java,14,call:.getEntityBoundingBox()->.getBoundingBox()=1; import:net.minecraft.entity.EntityLivingBase->net.minecraft.world.entity.LivingEntity=1; import:net.minecraft.util.math.AxisAlignedBB->net.minecraft.world.phys.AABB=1; import:net.minecraft.world.World->net.minecraft.world.level.Level=1; type:AxisAlignedBB->AABB=2; type:EntityLivingBase->LivingEntity=7; type:World->Level=1
src/main/java/net/shadowmage/ancientwarfare/npc/entity/vehicle/ITarget.java,4,import:net.minecraft.util.math.AxisAlignedBB->net.minecraft.world.phys.AABB=1; import:net.minecraft.world.World->net.minecraft.world.level.Level=1; type:AxisAlignedBB->AABB=1; type:World->Level=1
src/main/java/net/shadowmage/ancientwarfare/npc/entity/vehicle/NpcSiegeEngineer.java,14,call:.setAttackTarget(->.setTarget(=1; import:net.minecraft.entity.Entity->net.minecraft.world.entity.Entity=1; import:net.minecraft.entity.EntityLiving->net.minecraft.world.entity.Mob=1; import:net.minecraft.entity.EntityLivingBase->net.minecraft.world.entity.LivingEntity=1; import:net.minecraft.entity.player.EntityPlayer->net.minecraft.world.entity.player.Player=1; import:net.minecraft.nbt.NBTTagCompound->net.minecraft.nbt.CompoundTag=1; import:net.minecraft.util.math.BlockPos->net.minecraft.core.BlockPos=1; import:net.minecraft.world.World->net.minecraft.world.level.Level=1; type:EntityLiving->Mob=1; type:EntityLivingBase->LivingEntity=1; type:EntityPlayer->Player=1; type:NBTTagCompound->CompoundTag=2; type:World->Level=1
src/main/java/net/shadowmage/ancientwarfare/npc/entity/vehicle/TargetFactory.java,11,import:net.minecraft.nbt.NBTTagCompound->net.minecraft.nbt.CompoundTag=1; import:net.minecraft.util.math.AxisAlignedBB->net.minecraft.world.phys.AABB=1; import:net.minecraft.util.math.BlockPos->net.minecraft.core.BlockPos=1; import:net.minecraft.world.World->net.minecraft.world.level.Level=1; type:AxisAlignedBB->AABB=3; type:NBTTagCompound->CompoundTag=3; type:World->Level=1
src/main/java/net/shadowmage/ancientwarfare/npc/event/EventHandler.java,42,call:.isRemote->.isClientSide=4; import:net.minecraft.block.Block->net.minecraft.world.level.block.Block=1; import:net.minecraft.block.state.IBlockState->net.minecraft.world.level.block.state.BlockState=1; import:net.minecraft.entity.Entity->net.minecraft.world.entity.Entity=1; import:net.minecraft.entity.EntityCreature->net.minecraft.world.entity.PathfinderMob=1; import:net.minecraft.entity.ai.EntityAIBase->net.minecraft.world.entity.ai.goal.Goal=1; import:net.minecraft.entity.player.EntityPlayer->net.minecraft.world.entity.player.Player=1; import:net.minecraft.init.Blocks->net.minecraft.world.level.block.Blocks=1; import:net.minecraft.init.MobEffects->net.minecraft.world.effect.MobEffects=1; import:net.minecraft.potion.PotionEffect->net.minecraft.world.effect.MobEffectInstance=1; import:net.minecraft.util.EnumActionResult->net.minecraft.world.InteractionResult=1; import:net.minecraft.util.math.BlockPos->net.minecraft.core.BlockPos=1; import:net.minecraft.world.World->net.minecraft.world.level.Level=1; import:net.minecraftforge.event.entity.EntityJoinWorldEvent->net.minecraftforge.event.entity.EntityJoinLevelEvent=1; import:net.minecraftforge.fml.common.eventhandler.EventPriority->net.minecraftforge.eventbus.api.EventPriority=1; import:net.minecraftforge.fml.common.eventhandler.SubscribeEvent->net.minecraftforge.eventbus.api.SubscribeEvent=1; type:EntityAIBase->Goal=3; type:EntityCreature->PathfinderMob=5; type:EntityJoinWorldEvent->EntityJoinLevelEvent=3; type:EntityPlayer->Player=2; type:EnumActionResult->InteractionResult=3; type:IBlockState->BlockState=2; type:World->Level=5
src/main/java/net/shadowmage/ancientwarfare/npc/faction/FactionEntry.java,12,import:net.minecraft.nbt.NBTTagCompound->net.minecraft.nbt.CompoundTag=1; import:net.minecraft.nbt.NBTTagList->net.minecraft.nbt.ListTag=1; type:NBTTagCompound->CompoundTag=7; type:NBTTagList->ListTag=3
src/main/java/net/shadowmage/ancientwarfare/npc/faction/FactionTracker.java,14,call:.getTotalWorldTime()->.getGameTime()=2; call:.isRemote->.isClientSide=2; import:net.minecraft.entity.player.EntityPlayer->net.minecraft.world.entity.player.Player=1; import:net.minecraft.world.World->net.minecraft.world.level.Level=1; import:net.minecraftforge.fml.common.eventhandler.SubscribeEvent->net.minecraftforge.eventbus.api.SubscribeEvent=1; type:EntityPlayer->Player=1; type:World->Level=6
src/main/java/net/shadowmage/ancientwarfare/npc/faction/PlayerFactionEntry.java,4,import:net.minecraft.nbt.NBTTagCompound->net.minecraft.nbt.CompoundTag=1; type:NBTTagCompound->CompoundTag=3
src/main/java/net/shadowmage/ancientwarfare/npc/gamedata/FactionData.java,36,import:net.minecraft.entity.player.EntityPlayer->net.minecraft.world.entity.player.Player=1; import:net.minecraft.entity.player.EntityPlayerMP->net.minecraft.server.level.ServerPlayer=1; import:net.minecraft.nbt.NBTTagCompound->net.minecraft.nbt.CompoundTag=1; import:net.minecraft.nbt.NBTTagList->net.minecraft.nbt.ListTag=1; import:net.minecraft.world.World->net.minecraft.world.level.Level=1; import:net.minecraft.world.storage.WorldSavedData->net.minecraft.world.level.saveddata.SavedData=1; type:EntityPlayer->Player=5; type:EntityPlayerMP->ServerPlayer=3; type:NBTTagCompound->CompoundTag=17; type:NBTTagList->ListTag=3; type:World->Level=2
src/main/java/net/shadowmage/ancientwarfare/npc/gamedata/Team.java,9,import:net.minecraft.nbt.NBTTagCompound->net.minecraft.nbt.CompoundTag=1; import:net.minecraft.util.ResourceLocation->net.minecraft.resources.ResourceLocation=1; import:net.minecraft.world.World->net.minecraft.world.level.Level=1; type:NBTTagCompound->CompoundTag=5; type:World->Level=1
src/main/java/net/shadowmage/ancientwarfare/npc/gamedata/TeamData.java,31,call:.getTotalWorldTime()->.getGameTime()=4; call:.getUniqueID()->.getUUID()=2; call:.isRemote->.isClientSide=2; import:net.minecraft.entity.player.EntityPlayer->net.minecraft.world.entity.player.Player=1; import:net.minecraft.nbt.NBTTagCompound->net.minecraft.nbt.CompoundTag=1; import:net.minecraft.nbt.NBTTagList->net.minecraft.nbt.ListTag=1; import:net.minecraft.util.ResourceLocation->net.minecraft.resources.ResourceLocation=1; import:net.minecraft.world.World->net.minecraft.world.level.Level=1; import:net.minecraft.world.storage.WorldSavedData->net.minecraft.world.level.saveddata.SavedData=1; type:EntityPlayer->Player=2; type:NBTTagCompound->CompoundTag=9; type:NBTTagList->ListTag=3; type:World->Level=3
src/main/java/net/shadowmage/ancientwarfare/npc/gui/GuiCombatOrder.java,1,import:net.minecraft.util.math.BlockPos->net.minecraft.core.BlockPos=1
src/main/java/net/shadowmage/ancientwarfare/npc/gui/GuiNpcBard.java,3,call:.getEntityId()->.getId()=1; import:net.minecraft.util.ResourceLocation->net.minecraft.resources.ResourceLocation=1; import:net.minecraftforge.fml.common.registry.ForgeRegistries->net.minecraftforge.registries.ForgeRegistries=1
src/main/java/net/shadowmage/ancientwarfare/npc/gui/GuiNpcCreativeControls.java,1,import:net.minecraft.client.resources.I18n->net.minecraft.client.resources.language.I18n=1
src/main/java/net/shadowmage/ancientwarfare/npc/gui/GuiNpcFactionBard.java,3,call:.getEntityId()->.getId()=1; import:net.minecraft.util.ResourceLocation->net.minecraft.resources.ResourceLocation=1; import:net.minecraftforge.fml.common.registry.ForgeRegistries->net.minecraftforge.registries.ForgeRegistries=1
src/main/java/net/shadowmage/ancientwarfare/npc/gui/GuiNpcFactionTradeSetup.java,1,import:net.minecraft.item.ItemStack->net.minecraft.world.item.ItemStack=1
src/main/java/net/shadowmage/ancientwarfare/npc/gui/GuiNpcFactionTradeView.java,5,call:.getEntityId()->.getId()=2; call:.getTotalWorldTime()->.getGameTime()=1; import:net.minecraft.client.resources.I18n->net.minecraft.client.resources.language.I18n=1; import:net.minecraft.item.ItemStack->net.minecraft.world.item.ItemStack=1
src/main/java/net/shadowmage/ancientwarfare/npc/gui/GuiNpcInventory.java,3,call:.getEntityId()->.getId()=1; import:net.minecraft.init.Items->net.minecraft.world.item.Items=1; import:net.minecraft.item.ItemStack->net.minecraft.world.item.ItemStack=1
src/main/java/net/shadowmage/ancientwarfare/npc/gui/GuiNpcPlayerOwnedTrade.java,2,call:.getEntityId()->.getId()=1; import:net.minecraft.item.ItemStack->net.minecraft.world.item.ItemStack=1
src/main/java/net/shadowmage/ancientwarfare/npc/gui/GuiRoutingOrder.java,4,import:net.minecraft.block.Block->net.minecraft.world.level.block.Block=1; import:net.minecraft.client.resources.I18n->net.minecraft.client.resources.language.I18n=1; import:net.minecraft.item.ItemStack->net.minecraft.world.item.ItemStack=1; import:net.minecraft.util.math.BlockPos->net.minecraft.core.BlockPos=1
src/main/java/net/shadowmage/ancientwarfare/npc/gui/GuiSkinSelection.java,3,import:net.minecraft.entity.EntityLivingBase->net.minecraft.world.entity.LivingEntity=1; import:net.minecraft.util.ResourceLocation->net.minecraft.resources.ResourceLocation=1; type:EntityLivingBase->LivingEntity=1
src/main/java/net/shadowmage/ancientwarfare/npc/gui/GuiTownHallDeathList.java,1,import:net.minecraft.client.resources.I18n->net.minecraft.client.resources.language.I18n=1
src/main/java/net/shadowmage/ancientwarfare/npc/gui/GuiTradeOrder.java,9,import:net.minecraft.item.ItemStack->net.minecraft.world.item.ItemStack=1; import:net.minecraft.util.EnumFacing->net.minecraft.core.Direction=1; import:net.minecraft.util.math.BlockPos->net.minecraft.core.BlockPos=1; type:EnumFacing->Direction=6
src/main/java/net/shadowmage/ancientwarfare/npc/gui/GuiUpkeepOrder.java,3,import:net.minecraft.util.EnumFacing->net.minecraft.core.Direction=1; import:net.minecraft.util.math.BlockPos->net.minecraft.core.BlockPos=1; type:EnumFacing->Direction=1
src/main/java/net/shadowmage/ancientwarfare/npc/gui/GuiWorkOrder.java,1,import:net.minecraft.item.ItemStack->net.minecraft.world.item.ItemStack=1
src/main/java/net/shadowmage/ancientwarfare/npc/init/AWNPCBlocks.java,6,import:net.minecraft.block.Block->net.minecraft.world.level.block.Block=1; import:net.minecraft.item.Item->net.minecraft.world.item.Item=1; import:net.minecraft.tileentity.TileEntity->net.minecraft.world.level.block.entity.BlockEntity=1; import:net.minecraft.util.ResourceLocation->net.minecraft.resources.ResourceLocation=1; import:net.minecraftforge.fml.common.eventhandler.SubscribeEvent->net.minecraftforge.eventbus.api.SubscribeEvent=1; type:TileEntity->BlockEntity=1
src/main/java/net/shadowmage/ancientwarfare/npc/init/AWNPCEntities.java,13,api:Loader.isModLoaded->ModList.get().isLoaded=1; import:net.minecraft.entity.Entity->net.minecraft.world.entity.Entity=1; import:net.minecraft.init.Items->net.minecraft.world.item.Items=1; import:net.minecraft.inventory.EntityEquipmentSlot->net.minecraft.world.entity.EquipmentSlot=1; import:net.minecraft.item.Item->net.minecraft.world.item.Item=1; import:net.minecraft.item.ItemStack->net.minecraft.world.item.ItemStack=1; import:net.minecraft.world.World->net.minecraft.world.level.Level=1; import:net.minecraftforge.fml.common.eventhandler.SubscribeEvent->net.minecraftforge.eventbus.api.SubscribeEvent=1; type:EntityEquipmentSlot->EquipmentSlot=1; type:World->Level=4
src/main/java/net/shadowmage/ancientwarfare/npc/init/AWNPCItems.java,11,import:net.minecraft.block.Block->net.minecraft.world.level.block.Block=1; import:net.minecraft.entity.EntityLivingBase->net.minecraft.world.entity.LivingEntity=1; import:net.minecraft.init.MobEffects->net.minecraft.world.effect.MobEffects=1; import:net.minecraft.item.Item->net.minecraft.world.item.Item=1; import:net.minecraft.nbt.NBTTagCompound->net.minecraft.nbt.CompoundTag=1; import:net.minecraft.potion.PotionEffect->net.minecraft.world.effect.MobEffectInstance=1; import:net.minecraft.util.ResourceLocation->net.minecraft.resources.ResourceLocation=1; import:net.minecraftforge.fml.common.eventhandler.SubscribeEvent->net.minecraftforge.eventbus.api.SubscribeEvent=1; import:net.minecraftforge.fml.common.registry.ForgeRegistries->net.minecraftforge.registries.ForgeRegistries=1; type:EntityLivingBase->LivingEntity=1; type:NBTTagCompound->CompoundTag=1
src/main/java/net/shadowmage/ancientwarfare/npc/init/AWNPCSounds.java,3,import:net.minecraft.util.ResourceLocation->net.minecraft.resources.ResourceLocation=1; import:net.minecraft.util.SoundEvent->net.minecraft.sounds.SoundEvent=1; import:net.minecraftforge.fml.common.eventhandler.SubscribeEvent->net.minecraftforge.eventbus.api.SubscribeEvent=1
src/main/java/net/shadowmage/ancientwarfare/npc/inventory/NpcEquipmentHandler.java,3,import:net.minecraft.inventory.EntityEquipmentSlot->net.minecraft.world.entity.EquipmentSlot=1; import:net.minecraft.item.ItemStack->net.minecraft.world.item.ItemStack=1; type:EntityEquipmentSlot->EquipmentSlot=1
src/main/java/net/shadowmage/ancientwarfare/npc/item/IExtendedReachWeapon.java,32,call:.getEntityBoundingBox()->.getBoundingBox()=2; call:.getEntityId()->.getId()=1; call:.getHeldItemMainhand()->.getMainHandItem()=2; import:net.minecraft.entity.Entity->net.minecraft.world.entity.Entity=1; import:net.minecraft.entity.player.EntityPlayer->net.minecraft.world.entity.player.Player=1; import:net.minecraft.util.math.AxisAlignedBB->net.minecraft.world.phys.AABB=1; import:net.minecraft.util.math.RayTraceResult->net.minecraft.world.phys.HitResult=1; import:net.minecraft.util.math.Vec3d->net.minecraft.world.phys.Vec3=1; import:net.minecraftforge.fml.common.eventhandler.EventPriority->net.minecraftforge.eventbus.api.EventPriority=1; import:net.minecraftforge.fml.common.eventhandler.SubscribeEvent->net.minecraftforge.eventbus.api.SubscribeEvent=1; import:net.minecraftforge.fml.relauncher.Side->net.minecraftforge.api.distmarker.Dist=1; import:net.minecraftforge.fml.relauncher.SideOnly->net.minecraftforge.api.distmarker.OnlyIn=1; type:AxisAlignedBB->AABB=1; type:EntityPlayer->Player=1; type:RayTraceResult->HitResult=7; type:Side->Dist=2; type:SideOnly->OnlyIn=2; type:Vec3d->Vec3=5
src/main/java/net/shadowmage/ancientwarfare/npc/item/ItemBardInstrument.java,26,call:.getItemDamage()->.getDamageValue()=2; call:.isRemote->.isClientSide=1; import:net.minecraft.entity.EntityLivingBase->net.minecraft.world.entity.LivingEntity=1; import:net.minecraft.entity.player.EntityPlayer->net.minecraft.world.entity.player.Player=1; import:net.minecraft.init.SoundEvents->net.minecraft.sounds.SoundEvents=1; import:net.minecraft.item.ItemStack->net.minecraft.world.item.ItemStack=1; import:net.minecraft.util.ActionResult->net.minecraft.world.InteractionResultHolder=1; import:net.minecraft.util.EnumActionResult->net.minecraft.world.InteractionResult=1; import:net.minecraft.util.EnumHand->net.minecraft.world.InteractionHand=1; import:net.minecraft.util.NonNullList->net.minecraft.core.NonNullList=1; import:net.minecraft.util.SoundCategory->net.minecraft.sounds.SoundSource=1; import:net.minecraft.util.SoundEvent->net.minecraft.sounds.SoundEvent=1; import:net.minecraft.world.World->net.minecraft.world.level.Level=1; import:net.minecraftforge.fml.relauncher.Side->net.minecraftforge.api.distmarker.Dist=1; import:net.minecraftforge.fml.relauncher.SideOnly->net.minecraftforge.api.distmarker.OnlyIn=1; type:ActionResult->InteractionResultHolder=2; type:EntityLivingBase->LivingEntity=1; type:EntityPlayer->Player=1; type:EnumActionResult->InteractionResult=1; type:EnumHand->InteractionHand=1; type:Side->Dist=1; type:SideOnly->OnlyIn=1; type:SoundCategory->SoundSource=1; type:World->Level=1
src/main/java/net/shadowmage/ancientwarfare/npc/item/ItemBaseNPC.java,4,import:net.minecraftforge.fml.relauncher.Side->net.minecraftforge.api.distmarker.Dist=1; import:net.minecraftforge.fml.relauncher.SideOnly->net.minecraftforge.api.distmarker.OnlyIn=1; type:Side->Dist=1; type:SideOnly->OnlyIn=1
src/main/java/net/shadowmage/ancientwarfare/npc/item/ItemClub.java,10,import:net.minecraft.enchantment.EnchantmentHelper->net.minecraft.world.item.enchantment.EnchantmentHelper=1; import:net.minecraft.entity.EntityLivingBase->net.minecraft.world.entity.LivingEntity=1; import:net.minecraft.init.Enchantments->net.minecraft.world.item.enchantment.Enchantments=1; import:net.minecraft.item.ItemStack->net.minecraft.world.item.ItemStack=1; import:net.minecraft.util.math.MathHelper->net.minecraft.util.Mth=1; type:EntityLivingBase->LivingEntity=4; type:MathHelper->Mth=1
src/main/java/net/shadowmage/ancientwarfare/npc/item/ItemCoin.java,35,call:.getDefaultState()->.defaultBlockState()=1; call:.getTagCompound()->.getTag()=1; call:.hasTagCompound()->.hasTag()=2; import:net.minecraft.block.Block->net.minecraft.world.level.block.Block=1; import:net.minecraft.block.state.IBlockState->net.minecraft.world.level.block.state.BlockState=1; import:net.minecraft.client.resources.I18n->net.minecraft.client.resources.language.I18n=1; import:net.minecraft.client.util.ITooltipFlag->net.minecraft.world.item.TooltipFlag=1; import:net.minecraft.entity.player.EntityPlayer->net.minecraft.world.entity.player.Player=1; import:net.minecraft.item.ItemStack->net.minecraft.world.item.ItemStack=1; import:net.minecraft.nbt.NBTTagString->net.minecraft.nbt.StringTag=1; import:net.minecraft.util.EnumActionResult->net.minecraft.world.InteractionResult=1; import:net.minecraft.util.EnumFacing->net.minecraft.core.Direction=1; import:net.minecraft.util.EnumHand->net.minecraft.world.InteractionHand=1; import:net.minecraft.util.NonNullList->net.minecraft.core.NonNullList=1; import:net.minecraft.util.SoundCategory->net.minecraft.sounds.SoundSource=1; import:net.minecraft.util.math.BlockPos->net.minecraft.core.BlockPos=1; import:net.minecraft.world.World->net.minecraft.world.level.Level=1; import:net.minecraftforge.fml.relauncher.Side->net.minecraftforge.api.distmarker.Dist=1; import:net.minecraftforge.fml.relauncher.SideOnly->net.minecraftforge.api.distmarker.OnlyIn=1; type:EntityPlayer->Player=1; type:EnumActionResult->InteractionResult=4; type:EnumFacing->Direction=1; type:EnumHand->InteractionHand=1; type:IBlockState->BlockState=1; type:ITooltipFlag->TooltipFlag=1; type:NBTTagString->StringTag=1; type:Side->Dist=1; type:SideOnly->OnlyIn=1; type:SoundCategory->SoundSource=1; type:World->Level=2
src/main/java/net/shadowmage/ancientwarfare/npc/item/ItemCombatOrder.java,15,call:.isRemote->.isClientSide=1; import:net.minecraft.entity.player.EntityPlayer->net.minecraft.world.entity.player.Player=1; import:net.minecraft.item.ItemStack->net.minecraft.world.item.ItemStack=1; import:net.minecraft.util.ActionResult->net.minecraft.world.InteractionResultHolder=1; import:net.minecraft.util.EnumActionResult->net.minecraft.world.InteractionResult=1; import:net.minecraft.util.EnumHand->net.minecraft.world.InteractionHand=1; import:net.minecraft.util.math.BlockPos->net.minecraft.core.BlockPos=1; import:net.minecraft.world.World->net.minecraft.world.level.Level=1; type:ActionResult->InteractionResultHolder=2; type:EntityPlayer->Player=2; type:EnumActionResult->InteractionResult=1; type:EnumHand->InteractionHand=1; type:World->Level=1
src/main/java/net/shadowmage/ancientwarfare/npc/item/ItemCommandBaton.java,89,call:.getTagCompound()->.getTag()=4; call:.getUniqueID()->.getUUID()=1; call:.hasTagCompound()->.hasTag()=3; call:.isRemote->.isClientSide=3; import:net.minecraft.block.state.IBlockState->net.minecraft.world.level.block.state.BlockState=1; import:net.minecraft.client.multiplayer.WorldClient->net.minecraft.client.multiplayer.ClientLevel=1; import:net.minecraft.client.resources.I18n->net.minecraft.client.resources.language.I18n=1; import:net.minecraft.client.util.ITooltipFlag->net.minecraft.world.item.TooltipFlag=1; import:net.minecraft.entity.Entity->net.minecraft.world.entity.Entity=1; import:net.minecraft.entity.EntityLivingBase->net.minecraft.world.entity.LivingEntity=1; import:net.minecraft.entity.ai.attributes.AttributeModifier->net.minecraft.world.entity.ai.attributes.AttributeModifier=1; import:net.minecraft.entity.player.EntityPlayer->net.minecraft.world.entity.player.Player=1; import:net.minecraft.inventory.EntityEquipmentSlot->net.minecraft.world.entity.EquipmentSlot=1; import:net.minecraft.item.ItemStack->net.minecraft.world.item.ItemStack=1; import:net.minecraft.nbt.NBTTagCompound->net.minecraft.nbt.CompoundTag=1; import:net.minecraft.nbt.NBTTagList->net.minecraft.nbt.ListTag=1; import:net.minecraft.nbt.NBTTagString->net.minecraft.nbt.StringTag=1; import:net.minecraft.util.ActionResult->net.minecraft.world.InteractionResultHolder=1; import:net.minecraft.util.EnumActionResult->net.minecraft.world.InteractionResult=1; import:net.minecraft.util.EnumHand->net.minecraft.world.InteractionHand=1; import:net.minecraft.util.math.BlockPos->net.minecraft.core.BlockPos=1; import:net.minecraft.util.math.RayTraceResult->net.minecraft.world.phys.HitResult=1; import:net.minecraft.world.World->net.minecraft.world.level.Level=1; import:net.minecraft.world.WorldServer->net.minecraft.server.level.ServerLevel=1; import:net.minecraftforge.fml.relauncher.Side->net.minecraftforge.api.distmarker.Dist=1; import:net.minecraftforge.fml.relauncher.SideOnly->net.minecraftforge.api.distmarker.OnlyIn=1; type:ActionResult->InteractionResultHolder=3; type:EntityEquipmentSlot->EquipmentSlot=2; type:EntityLivingBase->LivingEntity=3; type:EntityPlayer->Player=6; type:EnumActionResult->InteractionResult=2; type:EnumHand->InteractionHand=1; type:IBlockState->BlockState=1; type:ITooltipFlag->TooltipFlag=1; type:NBTTagCompound->CompoundTag=7; type:NBTTagList->ListTag=3; type:NBTTagString->StringTag=1; type:RayTraceResult->HitResult=9; type:Side->Dist=1; type:SideOnly->OnlyIn=1; type:World->Level=8; type:WorldClient->ClientLevel=1; type:WorldServer->ServerLevel=6
src/main/java/net/shadowmage/ancientwarfare/npc/item/ItemExtendedReachWeapon.java,10,import:net.minecraft.entity.ai.attributes.AttributeModifier->net.minecraft.world.entity.ai.attributes.AttributeModifier=1; import:net.minecraft.inventory.EntityEquipmentSlot->net.minecraft.world.entity.EquipmentSlot=1; import:net.minecraft.item.ItemStack->net.minecraft.world.item.ItemStack=1; import:net.minecraft.util.ResourceLocation->net.minecraft.resources.ResourceLocation=1; import:net.minecraftforge.fml.relauncher.Side->net.minecraftforge.api.distmarker.Dist=1; import:net.minecraftforge.fml.relauncher.SideOnly->net.minecraftforge.api.distmarker.OnlyIn=1; type:EntityEquipmentSlot->EquipmentSlot=2; type:Side->Dist=1; type:SideOnly->OnlyIn=1
src/main/java/net/shadowmage/ancientwarfare/npc/item/ItemFoodBundle.java,6,import:net.minecraft.item.ItemFood->net.minecraft.world.item.Item=1; import:net.minecraft.util.ResourceLocation->net.minecraft.resources.ResourceLocation=1; import:net.minecraftforge.fml.relauncher.Side->net.minecraftforge.api.distmarker.Dist=1; import:net.minecraftforge.fml.relauncher.SideOnly->net.minecraftforge.api.distmarker.OnlyIn=1; type:Side->Dist=1; type:SideOnly->OnlyIn=1
src/main/java/net/shadowmage/ancientwarfare/npc/item/ItemIceSpear.java,6,import:net.minecraft.entity.EntityLivingBase->net.minecraft.world.entity.LivingEntity=1; import:net.minecraft.init.MobEffects->net.minecraft.world.effect.MobEffects=1; import:net.minecraft.item.ItemStack->net.minecraft.world.item.ItemStack=1; import:net.minecraft.potion.PotionEffect->net.minecraft.world.effect.MobEffectInstance=1; type:EntityLivingBase->LivingEntity=2
src/main/java/net/shadowmage/ancientwarfare/npc/item/ItemMacuahuitl.java,15,import:net.minecraft.client.resources.I18n->net.minecraft.client.resources.language.I18n=1; import:net.minecraft.client.util.ITooltipFlag->net.minecraft.world.item.TooltipFlag=1; import:net.minecraft.init.Blocks->net.minecraft.world.level.block.Blocks=1; import:net.minecraft.item.Item->net.minecraft.world.item.Item=1; import:net.minecraft.item.ItemStack->net.minecraft.world.item.ItemStack=1; import:net.minecraft.util.ResourceLocation->net.minecraft.resources.ResourceLocation=1; import:net.minecraft.world.World->net.minecraft.world.level.Level=1; import:net.minecraftforge.fml.relauncher.Side->net.minecraftforge.api.distmarker.Dist=1; import:net.minecraftforge.fml.relauncher.SideOnly->net.minecraftforge.api.distmarker.OnlyIn=1; type:ITooltipFlag->TooltipFlag=1; type:Side->Dist=2; type:SideOnly->OnlyIn=2; type:World->Level=1
src/main/java/net/shadowmage/ancientwarfare/npc/item/ItemNpcSpawner.java,56,call:.getTagCompound()->.getTag()=9; call:.hasTagCompound()->.hasTag()=5; call:.isRemote->.isClientSide=1; call:.spawnEntity(->.addFreshEntity(=1; import:net.minecraft.client.resources.I18n->net.minecraft.client.resources.language.I18n=1; import:net.minecraft.client.util.ITooltipFlag->net.minecraft.world.item.TooltipFlag=1; import:net.minecraft.entity.player.EntityPlayer->net.minecraft.world.entity.player.Player=1; import:net.minecraft.inventory.EntityEquipmentSlot->net.minecraft.world.entity.EquipmentSlot=1; import:net.minecraft.item.ItemStack->net.minecraft.world.item.ItemStack=1; import:net.minecraft.nbt.NBTTagCompound->net.minecraft.nbt.CompoundTag=1; import:net.minecraft.nbt.NBTTagString->net.minecraft.nbt.StringTag=1; import:net.minecraft.util.ActionResult->net.minecraft.world.InteractionResultHolder=1; import:net.minecraft.util.EnumActionResult->net.minecraft.world.InteractionResult=1; import:net.minecraft.util.EnumHand->net.minecraft.world.InteractionHand=1; import:net.minecraft.util.NonNullList->net.minecraft.core.NonNullList=1; import:net.minecraft.util.math.BlockPos->net.minecraft.core.BlockPos=1; import:net.minecraft.world.World->net.minecraft.world.level.Level=1; import:net.minecraftforge.fml.relauncher.Side->net.minecraftforge.api.distmarker.Dist=1; import:net.minecraftforge.fml.relauncher.SideOnly->net.minecraftforge.api.distmarker.OnlyIn=1; type:ActionResult->InteractionResultHolder=4; type:EntityEquipmentSlot->EquipmentSlot=2; type:EntityPlayer->Player=1; type:EnumActionResult->InteractionResult=3; type:EnumHand->InteractionHand=1; type:ITooltipFlag->TooltipFlag=1; type:NBTTagCompound->CompoundTag=3; type:NBTTagString->StringTag=3; type:Side->Dist=2; type:SideOnly->OnlyIn=2; type:World->Level=3
src/main/java/net/shadowmage/ancientwarfare/npc/item/ItemOrders.java,14,import:net.minecraft.client.resources.I18n->net.minecraft.client.resources.language.I18n=1; import:net.minecraft.client.util.ITooltipFlag->net.minecraft.world.item.TooltipFlag=1; import:net.minecraft.entity.player.EntityPlayer->net.minecraft.world.entity.player.Player=1; import:net.minecraft.item.ItemStack->net.minecraft.world.item.ItemStack=1; import:net.minecraft.util.math.BlockPos->net.minecraft.core.BlockPos=1; import:net.minecraft.world.World->net.minecraft.world.level.Level=1; import:net.minecraftforge.fml.relauncher.Side->net.minecraftforge.api.distmarker.Dist=1; import:net.minecraftforge.fml.relauncher.SideOnly->net.minecraftforge.api.distmarker.OnlyIn=1; type:EntityPlayer->Player=2; type:ITooltipFlag->TooltipFlag=1; type:Side->Dist=1; type:SideOnly->OnlyIn=1; type:World->Level=1
src/main/java/net/shadowmage/ancientwarfare/npc/item/ItemPitchfork.java,5,import:net.minecraft.entity.ai.attributes.AttributeModifier->net.minecraft.world.entity.ai.attributes.AttributeModifier=1; import:net.minecraft.inventory.EntityEquipmentSlot->net.minecraft.world.entity.EquipmentSlot=1; import:net.minecraft.item.ItemStack->net.minecraft.world.item.ItemStack=1; type:EntityEquipmentSlot->EquipmentSlot=2
src/main/java/net/shadowmage/ancientwarfare/npc/item/ItemRoutingOrder.java,18,call:.isRemote->.isClientSide=1; import:net.minecraft.entity.player.EntityPlayer->net.minecraft.world.entity.player.Player=1; import:net.minecraft.item.ItemStack->net.minecraft.world.item.ItemStack=1; import:net.minecraft.util.ActionResult->net.minecraft.world.InteractionResultHolder=1; import:net.minecraft.util.EnumActionResult->net.minecraft.world.InteractionResult=1; import:net.minecraft.util.EnumHand->net.minecraft.world.InteractionHand=1; import:net.minecraft.util.math.BlockPos->net.minecraft.core.BlockPos=1; import:net.minecraft.util.math.RayTraceResult->net.minecraft.world.phys.HitResult=1; import:net.minecraft.world.World->net.minecraft.world.level.Level=1; type:ActionResult->InteractionResultHolder=2; type:EntityPlayer->Player=2; type:EnumActionResult->InteractionResult=1; type:EnumHand->InteractionHand=1; type:RayTraceResult->HitResult=2; type:World->Level=1
src/main/java/net/shadowmage/ancientwarfare/npc/item/ItemScythe.java,18,call:.getHeldItemMainhand()->.getMainHandItem()=1; import:net.minecraft.block.Block->net.minecraft.world.level.block.Block=1; import:net.minecraft.block.state.IBlockState->net.minecraft.world.level.block.state.BlockState=1; import:net.minecraft.entity.EntityLivingBase->net.minecraft.world.entity.LivingEntity=1; import:net.minecraft.entity.ai.attributes.AttributeModifier->net.minecraft.world.entity.ai.attributes.AttributeModifier=1; import:net.minecraft.entity.player.EntityPlayer->net.minecraft.world.entity.player.Player=1; import:net.minecraft.inventory.EntityEquipmentSlot->net.minecraft.world.entity.EquipmentSlot=1; import:net.minecraft.item.ItemStack->net.minecraft.world.item.ItemStack=1; import:net.minecraft.util.math.BlockPos->net.minecraft.core.BlockPos=1; import:net.minecraft.world.World->net.minecraft.world.level.Level=1; type:EntityEquipmentSlot->EquipmentSlot=2; type:EntityLivingBase->LivingEntity=3; type:EntityPlayer->Player=1; type:IBlockState->BlockState=1; type:World->Level=1
src/main/java/net/shadowmage/ancientwarfare/npc/item/ItemShield.java,28,import:net.minecraft.entity.EntityLivingBase->net.minecraft.world.entity.LivingEntity=1; import:net.minecraft.entity.player.EntityPlayer->net.minecraft.world.entity.player.Player=1; import:net.minecraft.item.EnumAction->net.minecraft.world.item.UseAnim=1; import:net.minecraft.item.ItemStack->net.minecraft.world.item.ItemStack=1; import:net.minecraft.util.ActionResult->net.minecraft.world.InteractionResultHolder=1; import:net.minecraft.util.EnumActionResult->net.minecraft.world.InteractionResult=1; import:net.minecraft.util.EnumHand->net.minecraft.world.InteractionHand=1; import:net.minecraft.util.ResourceLocation->net.minecraft.resources.ResourceLocation=1; import:net.minecraft.world.World->net.minecraft.world.level.Level=1; import:net.minecraftforge.fml.relauncher.Side->net.minecraftforge.api.distmarker.Dist=1; import:net.minecraftforge.fml.relauncher.SideOnly->net.minecraftforge.api.distmarker.OnlyIn=1; type:ActionResult->InteractionResultHolder=2; type:EntityLivingBase->LivingEntity=4; type:EntityPlayer->Player=1; type:EnumAction->UseAnim=2; type:EnumActionResult->InteractionResult=1; type:EnumHand->InteractionHand=1; type:Side->Dist=2; type:SideOnly->OnlyIn=2; type:World->Level=2
src/main/java/net/shadowmage/ancientwarfare/npc/item/ItemSickle.java,6,import:net.minecraft.entity.ai.attributes.AttributeModifier->net.minecraft.world.entity.ai.attributes.AttributeModifier=1; import:net.minecraft.inventory.EntityEquipmentSlot->net.minecraft.world.entity.EquipmentSlot=1; import:net.minecraft.item.Item->net.minecraft.world.item.Item=1; import:net.minecraft.item.ItemStack->net.minecraft.world.item.ItemStack=1; type:EntityEquipmentSlot->EquipmentSlot=2
src/main/java/net/shadowmage/ancientwarfare/npc/item/ItemTradeOrder.java,19,call:.isRemote->.isClientSide=1; import:net.minecraft.entity.player.EntityPlayer->net.minecraft.world.entity.player.Player=1; import:net.minecraft.item.ItemStack->net.minecraft.world.item.ItemStack=1; import:net.minecraft.util.ActionResult->net.minecraft.world.InteractionResultHolder=1; import:net.minecraft.util.EnumActionResult->net.minecraft.world.InteractionResult=1; import:net.minecraft.util.EnumHand->net.minecraft.world.InteractionHand=1; import:net.minecraft.util.math.BlockPos->net.minecraft.core.BlockPos=1; import:net.minecraft.util.math.RayTraceResult->net.minecraft.world.phys.HitResult=1; import:net.minecraft.world.World->net.minecraft.world.level.Level=1; type:ActionResult->InteractionResultHolder=2; type:EntityPlayer->Player=3; type:EnumActionResult->InteractionResult=1; type:EnumHand->InteractionHand=1; type:RayTraceResult->HitResult=2; type:World->Level=1
src/main/java/net/shadowmage/ancientwarfare/npc/item/ItemUpkeepOrder.java,15,call:.isRemote->.isClientSide=1; import:net.minecraft.entity.player.EntityPlayer->net.minecraft.world.entity.player.Player=1; import:net.minecraft.item.ItemStack->net.minecraft.world.item.ItemStack=1; import:net.minecraft.util.ActionResult->net.minecraft.world.InteractionResultHolder=1; import:net.minecraft.util.EnumActionResult->net.minecraft.world.InteractionResult=1; import:net.minecraft.util.EnumHand->net.minecraft.world.InteractionHand=1; import:net.minecraft.util.math.BlockPos->net.minecraft.core.BlockPos=1; import:net.minecraft.world.World->net.minecraft.world.level.Level=1; type:ActionResult->InteractionResultHolder=2; type:EntityPlayer->Player=2; type:EnumActionResult->InteractionResult=1; type:EnumHand->InteractionHand=1; type:World->Level=1
src/main/java/net/shadowmage/ancientwarfare/npc/item/ItemWorkOrder.java,15,call:.isRemote->.isClientSide=1; import:net.minecraft.entity.player.EntityPlayer->net.minecraft.world.entity.player.Player=1; import:net.minecraft.item.ItemStack->net.minecraft.world.item.ItemStack=1; import:net.minecraft.util.ActionResult->net.minecraft.world.InteractionResultHolder=1; import:net.minecraft.util.EnumActionResult->net.minecraft.world.InteractionResult=1; import:net.minecraft.util.EnumHand->net.minecraft.world.InteractionHand=1; import:net.minecraft.util.math.BlockPos->net.minecraft.core.BlockPos=1; import:net.minecraft.world.World->net.minecraft.world.level.Level=1; type:ActionResult->InteractionResultHolder=2; type:EntityPlayer->Player=2; type:EnumActionResult->InteractionResult=1; type:EnumHand->InteractionHand=1; type:World->Level=1
src/main/java/net/shadowmage/ancientwarfare/npc/network/PacketExtendedReachAttack.java,5,call:.getHeldItemMainhand()->.getMainHandItem()=1; import:net.minecraft.entity.Entity->net.minecraft.world.entity.Entity=1; import:net.minecraft.entity.player.EntityPlayer->net.minecraft.world.entity.player.Player=1; import:net.minecraft.item.Item->net.minecraft.world.item.Item=1; type:EntityPlayer->Player=1
src/main/java/net/shadowmage/ancientwarfare/npc/network/PacketFactionUpdate.java,8,import:net.minecraft.entity.player.EntityPlayer->net.minecraft.world.entity.player.Player=1; import:net.minecraft.nbt.CompressedStreamTools->net.minecraft.nbt.NbtIo=1; import:net.minecraft.nbt.NBTTagCompound->net.minecraft.nbt.CompoundTag=1; type:CompressedStreamTools->NbtIo=2; type:EntityPlayer->Player=1; type:NBTTagCompound->CompoundTag=2
src/main/java/net/shadowmage/ancientwarfare/npc/network/PacketNpcCommand.java,5,call:.getEntityId()->.getId()=1; import:net.minecraft.entity.Entity->net.minecraft.world.entity.Entity=1; import:net.minecraft.entity.player.EntityPlayer->net.minecraft.world.entity.player.Player=1; import:net.minecraft.util.math.BlockPos->net.minecraft.core.BlockPos=1; type:EntityPlayer->Player=1
src/main/java/net/shadowmage/ancientwarfare/npc/network/PacketTeamMembershipUpdate.java,9,call:.getTotalWorldTime()->.getGameTime()=1; import:net.minecraft.entity.player.EntityPlayer->net.minecraft.world.entity.player.Player=1; import:net.minecraft.network.PacketBuffer->net.minecraft.network.FriendlyByteBuf=1; import:net.minecraft.util.ResourceLocation->net.minecraft.resources.ResourceLocation=1; type:EntityPlayer->Player=1; type:PacketBuffer->FriendlyByteBuf=4
src/main/java/net/shadowmage/ancientwarfare/npc/network/PacketTeamStandingUpdate.java,8,import:net.minecraft.entity.player.EntityPlayer->net.minecraft.world.entity.player.Player=1; import:net.minecraft.network.PacketBuffer->net.minecraft.network.FriendlyByteBuf=1; import:net.minecraft.util.ResourceLocation->net.minecraft.resources.ResourceLocation=1; type:EntityPlayer->Player=1; type:PacketBuffer->FriendlyByteBuf=4
src/main/java/net/shadowmage/ancientwarfare/npc/network/PacketTeamStandingsUpdate.java,11,import:net.minecraft.entity.player.EntityPlayer->net.minecraft.world.entity.player.Player=1; import:net.minecraft.nbt.NBTTagCompound->net.minecraft.nbt.CompoundTag=1; import:net.minecraft.network.PacketBuffer->net.minecraft.network.FriendlyByteBuf=1; import:net.minecraft.util.ResourceLocation->net.minecraft.resources.ResourceLocation=1; type:EntityPlayer->Player=1; type:NBTTagCompound->CompoundTag=2; type:PacketBuffer->FriendlyByteBuf=4
src/main/java/net/shadowmage/ancientwarfare/npc/npc_command/NpcCommand.java,17,import:net.minecraft.entity.Entity->net.minecraft.world.entity.Entity=1; import:net.minecraft.entity.player.EntityPlayer->net.minecraft.world.entity.player.Player=1; import:net.minecraft.nbt.NBTTagCompound->net.minecraft.nbt.CompoundTag=1; import:net.minecraft.util.math.BlockPos->net.minecraft.core.BlockPos=1; import:net.minecraft.util.math.RayTraceResult->net.minecraft.world.phys.HitResult=1; import:net.minecraft.world.World->net.minecraft.world.level.Level=1; type:EntityPlayer->Player=1; type:NBTTagCompound->CompoundTag=4; type:RayTraceResult->HitResult=4; type:World->Level=2
src/main/java/net/shadowmage/ancientwarfare/npc/orders/CombatOrder.java,20,call:.getTagCompound()->.getTag()=2; call:.hasTagCompound()->.hasTag()=1; import:net.minecraft.item.ItemStack->net.minecraft.world.item.ItemStack=1; import:net.minecraft.nbt.NBTTagCompound->net.minecraft.nbt.CompoundTag=1; import:net.minecraft.nbt.NBTTagList->net.minecraft.nbt.ListTag=1; import:net.minecraft.nbt.NBTTagLong->net.minecraft.nbt.LongTag=1; import:net.minecraft.util.math.BlockPos->net.minecraft.core.BlockPos=1; import:net.minecraft.world.World->net.minecraft.world.level.Level=1; type:NBTTagCompound->CompoundTag=5; type:NBTTagList->ListTag=3; type:NBTTagLong->LongTag=2; type:World->Level=1
src/main/java/net/shadowmage/ancientwarfare/npc/orders/RoutingOrder.java,36,call:.getTagCompound()->.getTag()=2; call:.hasTagCompound()->.hasTag()=1; import:net.minecraft.item.ItemStack->net.minecraft.world.item.ItemStack=1; import:net.minecraft.nbt.NBTTagCompound->net.minecraft.nbt.CompoundTag=1; import:net.minecraft.nbt.NBTTagList->net.minecraft.nbt.ListTag=1; import:net.minecraft.util.EnumFacing->net.minecraft.core.Direction=1; import:net.minecraft.util.NonNullList->net.minecraft.core.NonNullList=1; import:net.minecraft.util.math.BlockPos->net.minecraft.core.BlockPos=1; type:EnumFacing->Direction=8; type:NBTTagCompound->CompoundTag=13; type:NBTTagList->ListTag=6
src/main/java/net/shadowmage/ancientwarfare/npc/orders/TradeOrder.java,12,call:.getTagCompound()->.getTag()=2; call:.hasTagCompound()->.hasTag()=1; import:net.minecraft.item.ItemStack->net.minecraft.world.item.ItemStack=1; import:net.minecraft.nbt.NBTTagCompound->net.minecraft.nbt.CompoundTag=1; type:NBTTagCompound->CompoundTag=7
src/main/java/net/shadowmage/ancientwarfare/npc/orders/UpkeepOrder.java,24,call:.getTagCompound()->.getTag()=2; call:.hasTagCompound()->.hasTag()=1; import:net.minecraft.item.ItemStack->net.minecraft.world.item.ItemStack=1; import:net.minecraft.nbt.NBTTagCompound->net.minecraft.nbt.CompoundTag=1; import:net.minecraft.tileentity.TileEntity->net.minecraft.world.level.block.entity.BlockEntity=1; import:net.minecraft.util.EnumFacing->net.minecraft.core.Direction=1; import:net.minecraft.util.math.BlockPos->net.minecraft.core.BlockPos=1; import:net.minecraft.world.World->net.minecraft.world.level.Level=1; type:EnumFacing->Direction=8; type:NBTTagCompound->CompoundTag=5; type:TileEntity->BlockEntity=1; type:World->Level=1
src/main/java/net/shadowmage/ancientwarfare/npc/orders/WorkOrder.java,24,call:.getTagCompound()->.getTag()=2; call:.hasTagCompound()->.hasTag()=1; import:net.minecraft.block.Block->net.minecraft.world.level.block.Block=1; import:net.minecraft.item.ItemStack->net.minecraft.world.item.ItemStack=1; import:net.minecraft.nbt.NBTTagCompound->net.minecraft.nbt.CompoundTag=1; import:net.minecraft.nbt.NBTTagList->net.minecraft.nbt.ListTag=1; import:net.minecraft.util.math.BlockPos->net.minecraft.core.BlockPos=1; import:net.minecraft.world.World->net.minecraft.world.level.Level=1; type:NBTTagCompound->CompoundTag=10; type:NBTTagList->ListTag=3; type:World->Level=2
src/main/java/net/shadowmage/ancientwarfare/npc/proxy/NpcClientProxy.java,7,api:Loader.isModLoaded->ModList.get().isLoaded=1; import:net.minecraft.util.ResourceLocation->net.minecraft.resources.ResourceLocation=1; import:net.minecraftforge.fml.common.eventhandler.SubscribeEvent->net.minecraftforge.eventbus.api.SubscribeEvent=1; import:net.minecraftforge.fml.relauncher.Side->net.minecraftforge.api.distmarker.Dist=1; import:net.minecraftforge.fml.relauncher.SideOnly->net.minecraftforge.api.distmarker.OnlyIn=1; type:Side->Dist=1; type:SideOnly->OnlyIn=1
src/main/java/net/shadowmage/ancientwarfare/npc/proxy/NpcCommonProxy.java,9,import:net.minecraft.nbt.NBTTagCompound->net.minecraft.nbt.CompoundTag=1; import:net.minecraft.nbt.NBTUtil->net.minecraft.nbt.NbtUtils=1; import:net.minecraft.util.ResourceLocation->net.minecraft.resources.ResourceLocation=1; import:net.minecraft.world.WorldServer->net.minecraft.server.level.ServerLevel=1; type:NBTTagCompound->CompoundTag=3; type:NBTUtil->NbtUtils=1; type:WorldServer->ServerLevel=1
src/main/java/net/shadowmage/ancientwarfare/npc/registry/FactionDefinition.java,8,import:net.minecraft.entity.Entity->net.minecraft.world.entity.Entity=1; import:net.minecraft.nbt.NBTTagCompound->net.minecraft.nbt.CompoundTag=1; type:NBTTagCompound->CompoundTag=6
src/main/java/net/shadowmage/ancientwarfare/npc/registry/FactionNpcDefault.java,2,import:net.minecraft.item.Item->net.minecraft.world.item.Item=1; import:net.minecraft.util.ResourceLocation->net.minecraft.resources.ResourceLocation=1
src/main/java/net/shadowmage/ancientwarfare/npc/registry/FactionRegistry.java,7,import:net.minecraft.nbt.JsonToNBT->net.minecraft.nbt.TagParser=1; import:net.minecraft.nbt.NBTTagCompound->net.minecraft.nbt.CompoundTag=1; type:JsonToNBT->TagParser=1; type:NBTTagCompound->CompoundTag=4
src/main/java/net/shadowmage/ancientwarfare/npc/registry/FactionSpellcasterDefault.java,2,import:net.minecraft.item.Item->net.minecraft.world.item.Item=1; import:net.minecraft.util.ResourceLocation->net.minecraft.resources.ResourceLocation=1
src/main/java/net/shadowmage/ancientwarfare/npc/registry/FactionTradeListRegistry.java,1,import:net.minecraft.item.ItemStack->net.minecraft.world.item.ItemStack=1
src/main/java/net/shadowmage/ancientwarfare/npc/registry/FactionTradeTemplate.java,1,import:net.minecraft.item.ItemStack->net.minecraft.world.item.ItemStack=1
src/main/java/net/shadowmage/ancientwarfare/npc/registry/NPCDialogue.java,4,import:net.minecraft.block.Block->net.minecraft.world.level.block.Block=1; import:net.minecraft.entity.player.EntityPlayer->net.minecraft.world.entity.player.Player=1; type:EntityPlayer->Player=2
src/main/java/net/shadowmage/ancientwarfare/npc/registry/NpcDefault.java,4,import:net.minecraft.entity.ai.attributes.IAttributeInstance->net.minecraft.world.entity.ai.attributes.AttributeInstance=1; import:net.minecraft.item.Item->net.minecraft.world.item.Item=1; import:net.minecraft.item.ItemStack->net.minecraft.world.item.ItemStack=1; type:IAttributeInstance->AttributeInstance=1
src/main/java/net/shadowmage/ancientwarfare/npc/registry/NpcDefaultsRegistry.java,5,import:net.minecraft.init.Items->net.minecraft.world.item.Items=1; import:net.minecraft.inventory.EntityEquipmentSlot->net.minecraft.world.entity.EquipmentSlot=1; import:net.minecraft.item.Item->net.minecraft.world.item.Item=1; import:net.minecraft.util.ResourceLocation->net.minecraft.resources.ResourceLocation=1; type:EntityEquipmentSlot->EquipmentSlot=1
src/main/java/net/shadowmage/ancientwarfare/npc/registry/OwnedNpcDefault.java,2,import:net.minecraft.entity.Entity->net.minecraft.world.entity.Entity=1; import:net.minecraft.item.Item->net.minecraft.world.item.Item=1
src/main/java/net/shadowmage/ancientwarfare/npc/render/ModelNpc.java,13,import:net.minecraft.entity.EntityLivingBase->net.minecraft.world.entity.LivingEntity=1; import:net.minecraft.item.EnumAction->net.minecraft.world.item.UseAnim=1; import:net.minecraft.item.ItemStack->net.minecraft.world.item.ItemStack=1; import:net.minecraft.util.EnumHand->net.minecraft.world.InteractionHand=1; import:net.minecraft.util.EnumHandSide->net.minecraft.world.entity.HumanoidArm=1; type:EntityLivingBase->LivingEntity=1; type:EnumAction->UseAnim=2; type:EnumHand->InteractionHand=4; type:EnumHandSide->HumanoidArm=1
src/main/java/net/shadowmage/ancientwarfare/npc/render/RenderCommandOverlay.java,24,call:.getEntityBoundingBox()->.getBoundingBox()=2; import:net.minecraft.client.resources.I18n->net.minecraft.client.resources.language.I18n=1; import:net.minecraft.entity.Entity->net.minecraft.world.entity.Entity=1; import:net.minecraft.entity.EntityLivingBase->net.minecraft.world.entity.LivingEntity=1; import:net.minecraft.item.ItemStack->net.minecraft.world.item.ItemStack=1; import:net.minecraft.util.math.AxisAlignedBB->net.minecraft.world.phys.AABB=1; import:net.minecraft.util.math.RayTraceResult->net.minecraft.world.phys.HitResult=1; import:net.minecraftforge.fml.common.eventhandler.SubscribeEvent->net.minecraftforge.eventbus.api.SubscribeEvent=1; import:net.minecraftforge.fml.common.gameevent.TickEvent->net.minecraftforge.event.TickEvent=1; import:net.minecraftforge.fml.relauncher.Side->net.minecraftforge.api.distmarker.Dist=1; import:net.minecraftforge.fml.relauncher.SideOnly->net.minecraftforge.api.distmarker.OnlyIn=1; type:AxisAlignedBB->AABB=3; type:EntityLivingBase->LivingEntity=1; type:RayTraceResult->HitResult=6; type:Side->Dist=1; type:SideOnly->OnlyIn=1
src/main/java/net/shadowmage/ancientwarfare/npc/render/RenderNpcBase.java,14,call:.getDistanceSq(->.distanceToSqr(=2; call:.getUniqueID()->.getUUID()=1; import:net.minecraft.client.gui.FontRenderer->net.minecraft.client.gui.Font=1; import:net.minecraft.client.renderer.BufferBuilder->com.mojang.blaze3d.vertex.BufferBuilder=1; import:net.minecraft.client.renderer.Tessellator->com.mojang.blaze3d.vertex.Tesselator=1; import:net.minecraft.entity.player.EntityPlayer->net.minecraft.world.entity.player.Player=1; import:net.minecraft.util.ResourceLocation->net.minecraft.resources.ResourceLocation=1; type:EntityPlayer->Player=1; type:FontRenderer->Font=1; type:Tessellator->Tesselator=4
src/main/java/net/shadowmage/ancientwarfare/npc/render/RenderWorkLines.java,18,call:.getHeldItemMainhand()->.getMainHandItem()=1; call:.getHeldItemOffhand()->.getOffhandItem()=1; import:net.minecraft.entity.player.EntityPlayer->net.minecraft.world.entity.player.Player=1; import:net.minecraft.item.Item->net.minecraft.world.item.Item=1; import:net.minecraft.item.ItemStack->net.minecraft.world.item.ItemStack=1; import:net.minecraft.util.math.AxisAlignedBB->net.minecraft.world.phys.AABB=1; import:net.minecraft.util.math.BlockPos->net.minecraft.core.BlockPos=1; import:net.minecraftforge.fml.common.eventhandler.SubscribeEvent->net.minecraftforge.eventbus.api.SubscribeEvent=1; import:net.minecraftforge.fml.relauncher.Side->net.minecraftforge.api.distmarker.Dist=1; import:net.minecraftforge.fml.relauncher.SideOnly->net.minecraftforge.api.distmarker.OnlyIn=1; type:AxisAlignedBB->AABB=2; type:EntityPlayer->Player=4; type:Side->Dist=1; type:SideOnly->OnlyIn=1
src/main/java/net/shadowmage/ancientwarfare/npc/skin/NpcSkinManager.java,1,import:net.minecraft.util.ResourceLocation->net.minecraft.resources.ResourceLocation=1
src/main/java/net/shadowmage/ancientwarfare/npc/skin/NpcSkinSettings.java,29,call:.isRemote->.isClientSide=1; import:net.minecraft.client.resources.I18n->net.minecraft.client.resources.language.I18n=1; import:net.minecraft.nbt.NBTTagCompound->net.minecraft.nbt.CompoundTag=1; import:net.minecraft.nbt.NBTUtil->net.minecraft.nbt.NbtUtils=1; import:net.minecraft.network.PacketBuffer->net.minecraft.network.FriendlyByteBuf=1; import:net.minecraft.util.IStringSerializable->net.minecraft.util.StringRepresentable=1; import:net.minecraft.util.ResourceLocation->net.minecraft.resources.ResourceLocation=1; import:net.minecraft.world.World->net.minecraft.world.level.Level=1; import:net.minecraft.world.WorldServer->net.minecraft.server.level.ServerLevel=1; import:net.minecraftforge.fml.relauncher.Side->net.minecraftforge.api.distmarker.Dist=1; import:net.minecraftforge.fml.relauncher.SideOnly->net.minecraftforge.api.distmarker.OnlyIn=1; type:IStringSerializable->StringRepresentable=1; type:NBTTagCompound->CompoundTag=8; type:NBTUtil->NbtUtils=1; type:PacketBuffer->FriendlyByteBuf=4; type:Side->Dist=1; type:SideOnly->OnlyIn=1; type:World->Level=1; type:WorldServer->ServerLevel=1
src/main/java/net/shadowmage/ancientwarfare/npc/tile/TileRecruitingStation.java,4,import:net.minecraft.entity.player.EntityPlayer->net.minecraft.world.entity.player.Player=1; import:net.minecraft.util.EnumHand->net.minecraft.world.InteractionHand=1; type:EntityPlayer->Player=1; type:EnumHand->InteractionHand=1
src/main/java/net/shadowmage/ancientwarfare/npc/tile/TileTownHall.java,34,call:.isRemote->.isClientSide=2; import:net.minecraft.block.state.IBlockState->net.minecraft.world.level.block.state.BlockState=1; import:net.minecraft.entity.Entity->net.minecraft.world.entity.Entity=1; import:net.minecraft.entity.player.EntityPlayer->net.minecraft.world.entity.player.Player=1; import:net.minecraft.item.ItemStack->net.minecraft.world.item.ItemStack=1; import:net.minecraft.nbt.NBTTagCompound->net.minecraft.nbt.CompoundTag=1; import:net.minecraft.nbt.NBTTagList->net.minecraft.nbt.ListTag=1; import:net.minecraft.util.EnumFacing->net.minecraft.core.Direction=1; import:net.minecraft.util.EnumHand->net.minecraft.world.InteractionHand=1; import:net.minecraft.util.math.AxisAlignedBB->net.minecraft.world.phys.AABB=1; import:net.minecraft.util.math.MathHelper->net.minecraft.util.Mth=1; type:AxisAlignedBB->AABB=2; type:EntityPlayer->Player=1; type:EnumFacing->Direction=2; type:EnumHand->InteractionHand=1; type:IBlockState->BlockState=1; type:MathHelper->Mth=3; type:NBTTagCompound->CompoundTag=9; type:NBTTagList->ListTag=3
src/main/java/net/shadowmage/ancientwarfare/npc/trade/FactionTrade.java,8,call:.getTotalWorldTime()->.getGameTime()=1; import:net.minecraft.entity.player.EntityPlayer->net.minecraft.world.entity.player.Player=1; import:net.minecraft.nbt.NBTTagCompound->net.minecraft.nbt.CompoundTag=1; type:EntityPlayer->Player=2; type:NBTTagCompound->CompoundTag=3
src/main/java/net/shadowmage/ancientwarfare/npc/trade/FactionTradeList.java,5,call:.getTotalWorldTime()->.getGameTime()=1; import:net.minecraft.entity.player.EntityPlayer->net.minecraft.world.entity.player.Player=1; import:net.minecraft.world.World->net.minecraft.world.level.Level=1; type:EntityPlayer->Player=1; type:World->Level=1
src/main/java/net/shadowmage/ancientwarfare/npc/trade/POTrade.java,4,import:net.minecraft.item.ItemStack->net.minecraft.world.item.ItemStack=1; import:net.minecraft.nbt.NBTTagCompound->net.minecraft.nbt.CompoundTag=1; import:net.minecraft.util.NonNullList->net.minecraft.core.NonNullList=1; type:NBTTagCompound->CompoundTag=1
src/main/java/net/shadowmage/ancientwarfare/npc/trade/POTradeDepositEntry.java,1,import:net.minecraft.item.ItemStack->net.minecraft.world.item.ItemStack=1
src/main/java/net/shadowmage/ancientwarfare/npc/trade/POTradePoint.java,5,import:net.minecraft.nbt.NBTTagCompound->net.minecraft.nbt.CompoundTag=1; import:net.minecraft.util.math.BlockPos->net.minecraft.core.BlockPos=1; type:NBTTagCompound->CompoundTag=3
src/main/java/net/shadowmage/ancientwarfare/npc/trade/POTradeRestockData.java,25,import:net.minecraft.nbt.NBTTagCompound->net.minecraft.nbt.CompoundTag=1; import:net.minecraft.nbt.NBTTagList->net.minecraft.nbt.ListTag=1; import:net.minecraft.util.EnumFacing->net.minecraft.core.Direction=1; import:net.minecraft.util.math.BlockPos->net.minecraft.core.BlockPos=1; type:EnumFacing->Direction=10; type:NBTTagCompound->CompoundTag=5; type:NBTTagList->ListTag=6
src/main/java/net/shadowmage/ancientwarfare/npc/trade/POTradeRoute.java,10,import:net.minecraft.nbt.NBTTagCompound->net.minecraft.nbt.CompoundTag=1; import:net.minecraft.nbt.NBTTagList->net.minecraft.nbt.ListTag=1; import:net.minecraft.util.math.BlockPos->net.minecraft.core.BlockPos=1; type:NBTTagCompound->CompoundTag=4; type:NBTTagList->ListTag=3
src/main/java/net/shadowmage/ancientwarfare/npc/trade/POTradeTransferEntry.java,6,import:net.minecraft.item.ItemStack->net.minecraft.world.item.ItemStack=1; import:net.minecraft.nbt.NBTTagCompound->net.minecraft.nbt.CompoundTag=1; type:NBTTagCompound->CompoundTag=4
src/main/java/net/shadowmage/ancientwarfare/npc/trade/POTradeWithdrawEntry.java,1,import:net.minecraft.item.ItemStack->net.minecraft.world.item.ItemStack=1
src/main/java/net/shadowmage/ancientwarfare/npc/trade/Trade.java,21,call:.isRemote->.isClientSide=1; import:net.minecraft.entity.player.EntityPlayer->net.minecraft.world.entity.player.Player=1; import:net.minecraft.item.ItemStack->net.minecraft.world.item.ItemStack=1; import:net.minecraft.nbt.NBTTagCompound->net.minecraft.nbt.CompoundTag=1; import:net.minecraft.nbt.NBTTagList->net.minecraft.nbt.ListTag=1; import:net.minecraft.util.NonNullList->net.minecraft.core.NonNullList=1; type:EntityPlayer->Player=3; type:NBTTagCompound->CompoundTag=7; type:NBTTagList->ListTag=5
src/main/java/net/shadowmage/ancientwarfare/npc/trade/TradeList.java,13,import:net.minecraft.entity.player.EntityPlayer->net.minecraft.world.entity.player.Player=1; import:net.minecraft.nbt.NBTTagCompound->net.minecraft.nbt.CompoundTag=1; import:net.minecraft.nbt.NBTTagList->net.minecraft.nbt.ListTag=1; type:EntityPlayer->Player=1; type:NBTTagCompound->CompoundTag=6; type:NBTTagList->ListTag=3
src/main/java/net/shadowmage/ancientwarfare/structure/AWStructureTab.java,1,import:net.minecraft.item.ItemStack->net.minecraft.world.item.ItemStack=1
src/main/java/net/shadowmage/ancientwarfare/structure/AncientWarfareStructure.java,11,call:.isRemote->.isClientSide=1; import:net.minecraft.entity.Entity->net.minecraft.world.entity.Entity=1; import:net.minecraft.entity.player.EntityPlayerMP->net.minecraft.server.level.ServerPlayer=1; import:net.minecraft.util.ResourceLocation->net.minecraft.resources.ResourceLocation=1; import:net.minecraft.world.World->net.minecraft.world.level.Level=1; import:net.minecraftforge.event.world.WorldEvent->net.minecraftforge.event.level.LevelEvent=1; import:net.minecraftforge.fml.common.eventhandler.SubscribeEvent->net.minecraftforge.eventbus.api.SubscribeEvent=1; import:net.minecraftforge.fml.common.gameevent.PlayerEvent->net.minecraftforge.event.entity.player.PlayerEvent=1; type:EntityPlayerMP->ServerPlayer=1; type:World->Level=1; type:WorldEvent->LevelEvent=1
src/main/java/net/shadowmage/ancientwarfare/structure/api/IStructureBuilder.java,3,import:net.minecraft.block.state.IBlockState->net.minecraft.world.level.block.state.BlockState=1; import:net.minecraft.util.math.BlockPos->net.minecraft.core.BlockPos=1; type:IBlockState->BlockState=1
src/main/java/net/shadowmage/ancientwarfare/structure/api/TemplateRule.java,11,import:net.minecraft.item.ItemStack->net.minecraft.world.item.ItemStack=1; import:net.minecraft.nbt.NBTTagCompound->net.minecraft.nbt.CompoundTag=1; import:net.minecraft.util.math.BlockPos->net.minecraft.core.BlockPos=1; import:net.minecraft.world.World->net.minecraft.world.level.Level=1; type:NBTTagCompound->CompoundTag=5; type:World->Level=2
src/main/java/net/shadowmage/ancientwarfare/structure/api/TemplateRuleBlock.java,25,call:.getDefaultState()->.defaultBlockState()=1; import:net.minecraft.block.state.IBlockState->net.minecraft.world.level.block.state.BlockState=1; import:net.minecraft.client.renderer.BufferBuilder->com.mojang.blaze3d.vertex.BufferBuilder=1; import:net.minecraft.init.Blocks->net.minecraft.world.level.block.Blocks=1; import:net.minecraft.item.ItemStack->net.minecraft.world.item.ItemStack=1; import:net.minecraft.nbt.NBTTagCompound->net.minecraft.nbt.CompoundTag=1; import:net.minecraft.tileentity.TileEntity->net.minecraft.world.level.block.entity.BlockEntity=1; import:net.minecraft.util.math.BlockPos->net.minecraft.core.BlockPos=1; import:net.minecraft.world.IBlockAccess->net.minecraft.world.level.BlockGetter=1; import:net.minecraft.world.World->net.minecraft.world.level.Level=1; import:net.minecraftforge.fml.relauncher.Side->net.minecraftforge.api.distmarker.Dist=1; import:net.minecraftforge.fml.relauncher.SideOnly->net.minecraftforge.api.distmarker.OnlyIn=1; type:IBlockAccess->BlockGetter=1; type:IBlockState->BlockState=4; type:NBTTagCompound->CompoundTag=2; type:Side->Dist=2; type:SideOnly->OnlyIn=2; type:TileEntity->BlockEntity=1; type:World->Level=1
src/main/java/net/shadowmage/ancientwarfare/structure/api/TemplateRuleEntityBase.java,5,import:net.minecraft.item.ItemStack->net.minecraft.world.item.ItemStack=1; import:net.minecraft.nbt.NBTTagCompound->net.minecraft.nbt.CompoundTag=1; import:net.minecraft.util.math.BlockPos->net.minecraft.core.BlockPos=1; type:NBTTagCompound->CompoundTag=2
src/main/java/net/shadowmage/ancientwarfare/structure/block/BlockAdvancedLootChest.java,28,call:.isRemote->.isClientSide=1; import:net.minecraft.block.SoundType->net.minecraft.world.level.block.SoundType=1; import:net.minecraft.block.state.IBlockState->net.minecraft.world.level.block.state.BlockState=1; import:net.minecraft.entity.player.EntityPlayer->net.minecraft.world.entity.player.Player=1; import:net.minecraft.init.Blocks->net.minecraft.world.level.block.Blocks=1; import:net.minecraft.item.Item->net.minecraft.world.item.Item=1; import:net.minecraft.tileentity.TileEntity->net.minecraft.world.level.block.entity.BlockEntity=1; import:net.minecraft.util.EnumFacing->net.minecraft.core.Direction=1; import:net.minecraft.util.EnumHand->net.minecraft.world.InteractionHand=1; import:net.minecraft.util.math.BlockPos->net.minecraft.core.BlockPos=1; import:net.minecraft.world.World->net.minecraft.world.level.Level=1; import:net.minecraftforge.fml.relauncher.Side->net.minecraftforge.api.distmarker.Dist=1; import:net.minecraftforge.fml.relauncher.SideOnly->net.minecraftforge.api.distmarker.OnlyIn=1; type:EntityPlayer->Player=1; type:EnumFacing->Direction=1; type:EnumHand->InteractionHand=1; type:IBlockState->BlockState=5; type:Side->Dist=2; type:SideOnly->OnlyIn=2; type:TileEntity->BlockEntity=1; type:World->Level=2
src/main/java/net/shadowmage/ancientwarfare/structure/block/BlockAdvancedSpawner.java,60,call:.isRemote->.isClientSide=1; import:net.minecraft.block.properties.PropertyBool->net.minecraft.world.level.block.state.properties.BooleanProperty=1; import:net.minecraft.block.state.IBlockState->net.minecraft.world.level.block.state.BlockState=1; import:net.minecraft.entity.Entity->net.minecraft.world.entity.Entity=1; import:net.minecraft.entity.player.EntityPlayer->net.minecraft.world.entity.player.Player=1; import:net.minecraft.item.ItemStack->net.minecraft.world.item.ItemStack=1; import:net.minecraft.nbt.NBTTagCompound->net.minecraft.nbt.CompoundTag=1; import:net.minecraft.tileentity.TileEntity->net.minecraft.world.level.block.entity.BlockEntity=1; import:net.minecraft.util.EnumFacing->net.minecraft.core.Direction=1; import:net.minecraft.util.EnumHand->net.minecraft.world.InteractionHand=1; import:net.minecraft.util.NonNullList->net.minecraft.core.NonNullList=1; import:net.minecraft.util.math.AxisAlignedBB->net.minecraft.world.phys.AABB=1; import:net.minecraft.util.math.BlockPos->net.minecraft.core.BlockPos=1; import:net.minecraft.util.math.RayTraceResult->net.minecraft.world.phys.HitResult=1; import:net.minecraft.world.IBlockAccess->net.minecraft.world.level.BlockGetter=1; import:net.minecraft.world.World->net.minecraft.world.level.Level=1; import:net.minecraftforge.fml.relauncher.Side->net.minecraftforge.api.distmarker.Dist=1; import:net.minecraftforge.fml.relauncher.SideOnly->net.minecraftforge.api.distmarker.OnlyIn=1; type:AxisAlignedBB->AABB=2; type:EntityPlayer->Player=2; type:EnumFacing->Direction=3; type:EnumHand->InteractionHand=1; type:IBlockAccess->BlockGetter=4; type:IBlockState->BlockState=13; type:NBTTagCompound->CompoundTag=4; type:PropertyBool->BooleanProperty=2; type:RayTraceResult->HitResult=1; type:Side->Dist=2; type:SideOnly->OnlyIn=2; type:TileEntity->BlockEntity=1; type:World->Level=5
src/main/java/net/shadowmage/ancientwarfare/structure/block/BlockBaseStructure.java,9,import:net.minecraft.block.state.IBlockState->net.minecraft.world.level.block.state.BlockState=1; import:net.minecraft.util.ResourceLocation->net.minecraft.resources.ResourceLocation=1; import:net.minecraftforge.fml.relauncher.Side->net.minecraftforge.api.distmarker.Dist=1; import:net.minecraftforge.fml.relauncher.SideOnly->net.minecraftforge.api.distmarker.OnlyIn=1; type:IBlockState->BlockState=1; type:Side->Dist=2; type:SideOnly->OnlyIn=2
src/main/java/net/shadowmage/ancientwarfare/structure/block/BlockBench.java,59,call:.hasTagCompound()->.hasTag()=1; import:net.minecraft.block.properties.PropertyEnum->net.minecraft.world.level.block.state.properties.EnumProperty=1; import:net.minecraft.block.state.IBlockState->net.minecraft.world.level.block.state.BlockState=1; import:net.minecraft.entity.EntityLivingBase->net.minecraft.world.entity.LivingEntity=1; import:net.minecraft.entity.player.EntityPlayer->net.minecraft.world.entity.player.Player=1; import:net.minecraft.item.ItemStack->net.minecraft.world.item.ItemStack=1; import:net.minecraft.util.EnumFacing->net.minecraft.core.Direction=1; import:net.minecraft.util.IStringSerializable->net.minecraft.util.StringRepresentable=1; import:net.minecraft.util.NonNullList->net.minecraft.core.NonNullList=1; import:net.minecraft.util.math.AxisAlignedBB->net.minecraft.world.phys.AABB=1; import:net.minecraft.util.math.BlockPos->net.minecraft.core.BlockPos=1; import:net.minecraft.util.math.RayTraceResult->net.minecraft.world.phys.HitResult=1; import:net.minecraft.util.math.Vec3d->net.minecraft.world.phys.Vec3=1; import:net.minecraft.world.IBlockAccess->net.minecraft.world.level.BlockGetter=1; import:net.minecraft.world.World->net.minecraft.world.level.Level=1; import:net.minecraftforge.fml.relauncher.Side->net.minecraftforge.api.distmarker.Dist=1; import:net.minecraftforge.fml.relauncher.SideOnly->net.minecraftforge.api.distmarker.OnlyIn=1; type:AxisAlignedBB->AABB=3; type:EntityLivingBase->LivingEntity=1; type:EntityPlayer->Player=1; type:EnumFacing->Direction=10; type:IBlockAccess->BlockGetter=4; type:IBlockState->BlockState=11; type:IStringSerializable->StringRepresentable=1; type:PropertyEnum->EnumProperty=2; type:RayTraceResult->HitResult=1; type:Side->Dist=1; type:SideOnly->OnlyIn=1; type:Vec3d->Vec3=3; type:World->Level=3
src/main/java/net/shadowmage/ancientwarfare/structure/block/BlockBrazierEmber.java,81,call:.getTagCompound()->.getTag()=2; call:.hasTagCompound()->.hasTag()=2; call:.isRemote->.isClientSide=2; call:.setTagCompound(->.setTag(=4; import:net.minecraft.block.properties.PropertyBool->net.minecraft.world.level.block.state.properties.BooleanProperty=1; import:net.minecraft.block.state.IBlockState->net.minecraft.world.level.block.state.BlockState=1; import:net.minecraft.entity.EntityLivingBase->net.minecraft.world.entity.LivingEntity=1; import:net.minecraft.entity.player.EntityPlayer->net.minecraft.world.entity.player.Player=1; import:net.minecraft.init.Blocks->net.minecraft.world.level.block.Blocks=1; import:net.minecraft.init.Items->net.minecraft.world.item.Items=1; import:net.minecraft.init.SoundEvents->net.minecraft.sounds.SoundEvents=1; import:net.minecraft.item.Item->net.minecraft.world.item.Item=1; import:net.minecraft.item.ItemStack->net.minecraft.world.item.ItemStack=1; import:net.minecraft.nbt.NBTTagCompound->net.minecraft.nbt.CompoundTag=1; import:net.minecraft.util.EnumFacing->net.minecraft.core.Direction=1; import:net.minecraft.util.EnumHand->net.minecraft.world.InteractionHand=1; import:net.minecraft.util.NonNullList->net.minecraft.core.NonNullList=1; import:net.minecraft.util.ResourceLocation->net.minecraft.resources.ResourceLocation=1; import:net.minecraft.util.SoundCategory->net.minecraft.sounds.SoundSource=1; import:net.minecraft.util.math.AxisAlignedBB->net.minecraft.world.phys.AABB=1; import:net.minecraft.util.math.BlockPos->net.minecraft.core.BlockPos=1; import:net.minecraft.util.math.RayTraceResult->net.minecraft.world.phys.HitResult=1; import:net.minecraft.world.IBlockAccess->net.minecraft.world.level.BlockGetter=1; import:net.minecraft.world.World->net.minecraft.world.level.Level=1; import:net.minecraftforge.fml.relauncher.Side->net.minecraftforge.api.distmarker.Dist=1; import:net.minecraftforge.fml.relauncher.SideOnly->net.minecraftforge.api.distmarker.OnlyIn=1; type:AxisAlignedBB->AABB=3; type:EntityLivingBase->LivingEntity=1; type:EntityPlayer->Player=2; type:EnumFacing->Direction=3; type:EnumHand->InteractionHand=1; type:IBlockAccess->BlockGetter=4; type:IBlockState->BlockState=14; type:NBTTagCompound->CompoundTag=1; type:PropertyBool->BooleanProperty=2; type:RayTraceResult->HitResult=1; type:Side->Dist=4; type:SideOnly->OnlyIn=4; type:SoundCategory->SoundSource=3; type:World->Level=6
src/main/java/net/shadowmage/ancientwarfare/structure/block/BlockBrazierFlame.java,81,call:.getTagCompound()->.getTag()=2; call:.hasTagCompound()->.hasTag()=2; call:.isRemote->.isClientSide=2; call:.setTagCompound(->.setTag(=4; import:net.minecraft.block.properties.PropertyBool->net.minecraft.world.level.block.state.properties.BooleanProperty=1; import:net.minecraft.block.state.IBlockState->net.minecraft.world.level.block.state.BlockState=1; import:net.minecraft.entity.EntityLivingBase->net.minecraft.world.entity.LivingEntity=1; import:net.minecraft.entity.player.EntityPlayer->net.minecraft.world.entity.player.Player=1; import:net.minecraft.init.Blocks->net.minecraft.world.level.block.Blocks=1; import:net.minecraft.init.Items->net.minecraft.world.item.Items=1; import:net.minecraft.init.SoundEvents->net.minecraft.sounds.SoundEvents=1; import:net.minecraft.item.Item->net.minecraft.world.item.Item=1; import:net.minecraft.item.ItemStack->net.minecraft.world.item.ItemStack=1; import:net.minecraft.nbt.NBTTagCompound->net.minecraft.nbt.CompoundTag=1; import:net.minecraft.util.EnumFacing->net.minecraft.core.Direction=1; import:net.minecraft.util.EnumHand->net.minecraft.world.InteractionHand=1; import:net.minecraft.util.NonNullList->net.minecraft.core.NonNullList=1; import:net.minecraft.util.ResourceLocation->net.minecraft.resources.ResourceLocation=1; import:net.minecraft.util.SoundCategory->net.minecraft.sounds.SoundSource=1; import:net.minecraft.util.math.AxisAlignedBB->net.minecraft.world.phys.AABB=1; import:net.minecraft.util.math.BlockPos->net.minecraft.core.BlockPos=1; import:net.minecraft.util.math.RayTraceResult->net.minecraft.world.phys.HitResult=1; import:net.minecraft.world.IBlockAccess->net.minecraft.world.level.BlockGetter=1; import:net.minecraft.world.World->net.minecraft.world.level.Level=1; import:net.minecraftforge.fml.relauncher.Side->net.minecraftforge.api.distmarker.Dist=1; import:net.minecraftforge.fml.relauncher.SideOnly->net.minecraftforge.api.distmarker.OnlyIn=1; type:AxisAlignedBB->AABB=3; type:EntityLivingBase->LivingEntity=1; type:EntityPlayer->Player=2; type:EnumFacing->Direction=3; type:EnumHand->InteractionHand=1; type:IBlockAccess->BlockGetter=4; type:IBlockState->BlockState=14; type:NBTTagCompound->CompoundTag=1; type:PropertyBool->BooleanProperty=2; type:RayTraceResult->HitResult=1; type:Side->Dist=4; type:SideOnly->OnlyIn=4; type:SoundCategory->SoundSource=3; type:World->Level=6
src/main/java/net/shadowmage/ancientwarfare/structure/block/BlockChair.java,101,call:.hasTagCompound()->.hasTag()=1; import:net.minecraft.block.state.IBlockState->net.minecraft.world.level.block.state.BlockState=1; import:net.minecraft.client.entity.EntityPlayerSP->net.minecraft.client.player.LocalPlayer=1; import:net.minecraft.entity.EntityLivingBase->net.minecraft.world.entity.LivingEntity=1; import:net.minecraft.entity.player.EntityPlayer->net.minecraft.world.entity.player.Player=1; import:net.minecraft.item.ItemStack->net.minecraft.world.item.ItemStack=1; import:net.minecraft.tileentity.TileEntity->net.minecraft.world.level.block.entity.BlockEntity=1; import:net.minecraft.util.EnumFacing->net.minecraft.core.Direction=1; import:net.minecraft.util.EnumHand->net.minecraft.world.InteractionHand=1; import:net.minecraft.util.NonNullList->net.minecraft.core.NonNullList=1; import:net.minecraft.util.math.AxisAlignedBB->net.minecraft.world.phys.AABB=1; import:net.minecraft.util.math.BlockPos->net.minecraft.core.BlockPos=1; import:net.minecraft.util.math.RayTraceResult->net.minecraft.world.phys.HitResult=1; import:net.minecraft.util.math.Vec3d->net.minecraft.world.phys.Vec3=1; import:net.minecraft.world.IBlockAccess->net.minecraft.world.level.BlockGetter=1; import:net.minecraft.world.World->net.minecraft.world.level.Level=1; import:net.minecraftforge.fml.relauncher.Side->net.minecraftforge.api.distmarker.Dist=1; import:net.minecraftforge.fml.relauncher.SideOnly->net.minecraftforge.api.distmarker.OnlyIn=1; type:AxisAlignedBB->AABB=22; type:EntityLivingBase->LivingEntity=1; type:EntityPlayer->Player=2; type:EntityPlayerSP->LocalPlayer=1; type:EnumFacing->Direction=18; type:EnumHand->InteractionHand=1; type:IBlockAccess->BlockGetter=3; type:IBlockState->BlockState=16; type:RayTraceResult->HitResult=2; type:Side->Dist=2; type:SideOnly->OnlyIn=2; type:TileEntity->BlockEntity=1; type:Vec3d->Vec3=5; type:World->Level=7
src/main/java/net/shadowmage/ancientwarfare/structure/block/BlockCoffin.java,53,import:net.minecraft.block.state.IBlockState->net.minecraft.world.level.block.state.BlockState=1; import:net.minecraft.entity.player.EntityPlayer->net.minecraft.world.entity.player.Player=1; import:net.minecraft.item.ItemStack->net.minecraft.world.item.ItemStack=1; import:net.minecraft.util.EnumFacing->net.minecraft.core.Direction=1; import:net.minecraft.util.EnumHand->net.minecraft.world.InteractionHand=1; import:net.minecraft.util.IStringSerializable->net.minecraft.util.StringRepresentable=1; import:net.minecraft.util.NonNullList->net.minecraft.core.NonNullList=1; import:net.minecraft.util.math.BlockPos->net.minecraft.core.BlockPos=1; import:net.minecraft.util.math.RayTraceResult->net.minecraft.world.phys.HitResult=1; import:net.minecraft.world.IBlockAccess->net.minecraft.world.level.BlockGetter=1; import:net.minecraft.world.World->net.minecraft.world.level.Level=1; import:net.minecraftforge.fml.relauncher.Side->net.minecraftforge.api.distmarker.Dist=1; import:net.minecraftforge.fml.relauncher.SideOnly->net.minecraftforge.api.distmarker.OnlyIn=1; type:EntityPlayer->Player=3; type:EnumFacing->Direction=15; type:EnumHand->InteractionHand=1; type:IBlockAccess->BlockGetter=3; type:IBlockState->BlockState=10; type:IStringSerializable->StringRepresentable=2; type:RayTraceResult->HitResult=1; type:Side->Dist=1; type:SideOnly->OnlyIn=1; type:World->Level=3
src/main/java/net/shadowmage/ancientwarfare/structure/block/BlockCoinStack.java,74,call:.getTagCompound()->.getTag()=2; call:.hasTagCompound()->.hasTag()=3; call:.isRemote->.isClientSide=1; call:.setTagCompound(->.setTag(=1; import:net.minecraft.block.SoundType->net.minecraft.world.level.block.SoundType=1; import:net.minecraft.block.state.IBlockState->net.minecraft.world.level.block.state.BlockState=1; import:net.minecraft.client.resources.I18n->net.minecraft.client.resources.language.I18n=1; import:net.minecraft.client.util.ITooltipFlag->net.minecraft.world.item.TooltipFlag=1; import:net.minecraft.entity.Entity->net.minecraft.world.entity.Entity=1; import:net.minecraft.entity.EntityLivingBase->net.minecraft.world.entity.LivingEntity=1; import:net.minecraft.entity.player.EntityPlayer->net.minecraft.world.entity.player.Player=1; import:net.minecraft.item.Item->net.minecraft.world.item.Item=1; import:net.minecraft.item.ItemStack->net.minecraft.world.item.ItemStack=1; import:net.minecraft.util.EnumFacing->net.minecraft.core.Direction=1; import:net.minecraft.util.EnumHand->net.minecraft.world.InteractionHand=1; import:net.minecraft.util.NonNullList->net.minecraft.core.NonNullList=1; import:net.minecraft.util.ResourceLocation->net.minecraft.resources.ResourceLocation=1; import:net.minecraft.util.SoundCategory->net.minecraft.sounds.SoundSource=1; import:net.minecraft.util.math.AxisAlignedBB->net.minecraft.world.phys.AABB=1; import:net.minecraft.util.math.BlockPos->net.minecraft.core.BlockPos=1; import:net.minecraft.world.IBlockAccess->net.minecraft.world.level.BlockGetter=1; import:net.minecraft.world.World->net.minecraft.world.level.Level=1; import:net.minecraftforge.fml.relauncher.Side->net.minecraftforge.api.distmarker.Dist=1; import:net.minecraftforge.fml.relauncher.SideOnly->net.minecraftforge.api.distmarker.OnlyIn=1; type:AxisAlignedBB->AABB=11; type:EntityLivingBase->LivingEntity=1; type:EntityPlayer->Player=3; type:EnumFacing->Direction=1; type:EnumHand->InteractionHand=1; type:IBlockAccess->BlockGetter=2; type:IBlockState->BlockState=13; type:ITooltipFlag->TooltipFlag=1; type:Side->Dist=3; type:SideOnly->OnlyIn=3; type:SoundCategory->SoundSource=2; type:World->Level=6
src/main/java/net/shadowmage/ancientwarfare/structure/block/BlockDecorativeFlag.java,14,import:net.minecraft.block.state.IBlockState->net.minecraft.world.level.block.state.BlockState=1; import:net.minecraft.item.Item->net.minecraft.world.item.Item=1; import:net.minecraft.tileentity.TileEntity->net.minecraft.world.level.block.entity.BlockEntity=1; import:net.minecraft.world.World->net.minecraft.world.level.Level=1; import:net.minecraftforge.fml.relauncher.Side->net.minecraftforge.api.distmarker.Dist=1; import:net.minecraftforge.fml.relauncher.SideOnly->net.minecraftforge.api.distmarker.OnlyIn=1; type:IBlockState->BlockState=2; type:Side->Dist=2; type:SideOnly->OnlyIn=2; type:TileEntity->BlockEntity=1; type:World->Level=1
src/main/java/net/shadowmage/ancientwarfare/structure/block/BlockDraftingStation.java,32,call:.isRemote->.isClientSide=1; import:net.minecraft.block.state.IBlockState->net.minecraft.world.level.block.state.BlockState=1; import:net.minecraft.entity.EntityLivingBase->net.minecraft.world.entity.LivingEntity=1; import:net.minecraft.entity.player.EntityPlayer->net.minecraft.world.entity.player.Player=1; import:net.minecraft.tileentity.TileEntity->net.minecraft.world.level.block.entity.BlockEntity=1; import:net.minecraft.util.EnumFacing->net.minecraft.core.Direction=1; import:net.minecraft.util.EnumHand->net.minecraft.world.InteractionHand=1; import:net.minecraft.util.math.BlockPos->net.minecraft.core.BlockPos=1; import:net.minecraft.world.World->net.minecraft.world.level.Level=1; import:net.minecraftforge.fml.relauncher.Side->net.minecraftforge.api.distmarker.Dist=1; import:net.minecraftforge.fml.relauncher.SideOnly->net.minecraftforge.api.distmarker.OnlyIn=1; type:EntityLivingBase->LivingEntity=1; type:EntityPlayer->Player=1; type:EnumFacing->Direction=3; type:EnumHand->InteractionHand=1; type:IBlockState->BlockState=9; type:Side->Dist=1; type:SideOnly->OnlyIn=1; type:TileEntity->BlockEntity=1; type:World->Level=3
src/main/java/net/shadowmage/ancientwarfare/structure/block/BlockFirePit.java,92,call:.getTagCompound()->.getTag()=3; call:.hasTagCompound()->.hasTag()=2; call:.isRemote->.isClientSide=2; call:.setTagCompound(->.setTag(=4; import:net.minecraft.block.properties.PropertyBool->net.minecraft.world.level.block.state.properties.BooleanProperty=1; import:net.minecraft.block.properties.PropertyEnum->net.minecraft.world.level.block.state.properties.EnumProperty=1; import:net.minecraft.block.state.IBlockState->net.minecraft.world.level.block.state.BlockState=1; import:net.minecraft.entity.EntityLivingBase->net.minecraft.world.entity.LivingEntity=1; import:net.minecraft.entity.player.EntityPlayer->net.minecraft.world.entity.player.Player=1; import:net.minecraft.init.Blocks->net.minecraft.world.level.block.Blocks=1; import:net.minecraft.init.Items->net.minecraft.world.item.Items=1; import:net.minecraft.init.SoundEvents->net.minecraft.sounds.SoundEvents=1; import:net.minecraft.item.Item->net.minecraft.world.item.Item=1; import:net.minecraft.item.ItemStack->net.minecraft.world.item.ItemStack=1; import:net.minecraft.nbt.NBTTagCompound->net.minecraft.nbt.CompoundTag=1; import:net.minecraft.util.EnumFacing->net.minecraft.core.Direction=1; import:net.minecraft.util.EnumHand->net.minecraft.world.InteractionHand=1; import:net.minecraft.util.IStringSerializable->net.minecraft.util.StringRepresentable=1; import:net.minecraft.util.NonNullList->net.minecraft.core.NonNullList=1; import:net.minecraft.util.ResourceLocation->net.minecraft.resources.ResourceLocation=1; import:net.minecraft.util.SoundCategory->net.minecraft.sounds.SoundSource=1; import:net.minecraft.util.math.AxisAlignedBB->net.minecraft.world.phys.AABB=1; import:net.minecraft.util.math.BlockPos->net.minecraft.core.BlockPos=1; import:net.minecraft.util.math.RayTraceResult->net.minecraft.world.phys.HitResult=1; import:net.minecraft.world.IBlockAccess->net.minecraft.world.level.BlockGetter=1; import:net.minecraft.world.World->net.minecraft.world.level.Level=1; import:net.minecraftforge.fml.relauncher.Side->net.minecraftforge.api.distmarker.Dist=1; import:net.minecraftforge.fml.relauncher.SideOnly->net.minecraftforge.api.distmarker.OnlyIn=1; type:AxisAlignedBB->AABB=4; type:EntityLivingBase->LivingEntity=1; type:EntityPlayer->Player=2; type:EnumFacing->Direction=3; type:EnumHand->InteractionHand=1; type:IBlockAccess->BlockGetter=6; type:IBlockState->BlockState=16; type:IStringSerializable->StringRepresentable=1; type:NBTTagCompound->CompoundTag=1; type:PropertyBool->BooleanProperty=2; type:PropertyEnum->EnumProperty=2; type:RayTraceResult->HitResult=1; type:Side->Dist=4; type:SideOnly->OnlyIn=4; type:SoundCategory->SoundSource=3; type:World->Level=6
src/main/java/net/shadowmage/ancientwarfare/structure/block/BlockFlag.java,60,call:.setTagCompound(->.setTag(=1; import:net.minecraft.block.SoundType->net.minecraft.world.level.block.SoundType=1; import:net.minecraft.block.properties.PropertyInteger->net.minecraft.world.level.block.state.properties.IntegerProperty=1; import:net.minecraft.block.state.IBlockState->net.minecraft.world.level.block.state.BlockState=1; import:net.minecraft.entity.EntityLivingBase->net.minecraft.world.entity.LivingEntity=1; import:net.minecraft.entity.player.EntityPlayer->net.minecraft.world.entity.player.Player=1; import:net.minecraft.item.ItemStack->net.minecraft.world.item.ItemStack=1; import:net.minecraft.tileentity.TileEntity->net.minecraft.world.level.block.entity.BlockEntity=1; import:net.minecraft.util.EnumFacing->net.minecraft.core.Direction=1; import:net.minecraft.util.Mirror->net.minecraft.world.level.block.Mirror=1; import:net.minecraft.util.NonNullList->net.minecraft.core.NonNullList=1; import:net.minecraft.util.Rotation->net.minecraft.world.level.block.Rotation=1; import:net.minecraft.util.math.AxisAlignedBB->net.minecraft.world.phys.AABB=1; import:net.minecraft.util.math.BlockPos->net.minecraft.core.BlockPos=1; import:net.minecraft.util.math.MathHelper->net.minecraft.util.Mth=1; import:net.minecraft.util.math.RayTraceResult->net.minecraft.world.phys.HitResult=1; import:net.minecraft.world.IBlockAccess->net.minecraft.world.level.BlockGetter=1; import:net.minecraft.world.World->net.minecraft.world.level.Level=1; type:AxisAlignedBB->AABB=4; type:EntityLivingBase->LivingEntity=2; type:EntityPlayer->Player=2; type:EnumFacing->Direction=2; type:IBlockAccess->BlockGetter=5; type:IBlockState->BlockState=18; type:MathHelper->Mth=1; type:PropertyInteger->IntegerProperty=2; type:RayTraceResult->HitResult=1; type:TileEntity->BlockEntity=1; type:World->Level=4
src/main/java/net/shadowmage/ancientwarfare/structure/block/BlockGateProxy.java,52,import:net.minecraft.block.state.IBlockState->net.minecraft.world.level.block.state.BlockState=1; import:net.minecraft.entity.Entity->net.minecraft.world.entity.Entity=1; import:net.minecraft.item.ItemStack->net.minecraft.world.item.ItemStack=1; import:net.minecraft.tileentity.TileEntity->net.minecraft.world.level.block.entity.BlockEntity=1; import:net.minecraft.util.EnumFacing->net.minecraft.core.Direction=1; import:net.minecraft.util.NonNullList->net.minecraft.core.NonNullList=1; import:net.minecraft.util.ResourceLocation->net.minecraft.resources.ResourceLocation=1; import:net.minecraft.util.math.AxisAlignedBB->net.minecraft.world.phys.AABB=1; import:net.minecraft.util.math.BlockPos->net.minecraft.core.BlockPos=1; import:net.minecraft.world.IBlockAccess->net.minecraft.world.level.BlockGetter=1; import:net.minecraft.world.World->net.minecraft.world.level.Level=1; import:net.minecraftforge.fml.relauncher.Side->net.minecraftforge.api.distmarker.Dist=1; import:net.minecraftforge.fml.relauncher.SideOnly->net.minecraftforge.api.distmarker.OnlyIn=1; type:AxisAlignedBB->AABB=12; type:EnumFacing->Direction=6; type:IBlockAccess->BlockGetter=6; type:IBlockState->BlockState=10; type:Side->Dist=1; type:SideOnly->OnlyIn=1; type:TileEntity->BlockEntity=1; type:World->Level=2
src/main/java/net/shadowmage/ancientwarfare/structure/block/BlockGibbet.java,84,import:net.minecraft.block.properties.PropertyEnum->net.minecraft.world.level.block.state.properties.EnumProperty=1; import:net.minecraft.block.state.IBlockState->net.minecraft.world.level.block.state.BlockState=1; import:net.minecraft.client.entity.EntityPlayerSP->net.minecraft.client.player.LocalPlayer=1; import:net.minecraft.entity.Entity->net.minecraft.world.entity.Entity=1; import:net.minecraft.entity.EntityLivingBase->net.minecraft.world.entity.LivingEntity=1; import:net.minecraft.item.ItemStack->net.minecraft.world.item.ItemStack=1; import:net.minecraft.util.EnumFacing->net.minecraft.core.Direction=1; import:net.minecraft.util.IStringSerializable->net.minecraft.util.StringRepresentable=1; import:net.minecraft.util.ResourceLocation->net.minecraft.resources.ResourceLocation=1; import:net.minecraft.util.math.AxisAlignedBB->net.minecraft.world.phys.AABB=1; import:net.minecraft.util.math.BlockPos->net.minecraft.core.BlockPos=1; import:net.minecraft.util.math.RayTraceResult->net.minecraft.world.phys.HitResult=1; import:net.minecraft.util.math.Vec3d->net.minecraft.world.phys.Vec3=1; import:net.minecraft.world.IBlockAccess->net.minecraft.world.level.BlockGetter=1; import:net.minecraft.world.World->net.minecraft.world.level.Level=1; import:net.minecraftforge.fml.relauncher.Side->net.minecraftforge.api.distmarker.Dist=1; import:net.minecraftforge.fml.relauncher.SideOnly->net.minecraftforge.api.distmarker.OnlyIn=1; type:AxisAlignedBB->AABB=19; type:EntityLivingBase->LivingEntity=1; type:EntityPlayerSP->LocalPlayer=2; type:EnumFacing->Direction=12; type:IBlockAccess->BlockGetter=1; type:IBlockState->BlockState=15; type:IStringSerializable->StringRepresentable=1; type:PropertyEnum->EnumProperty=2; type:RayTraceResult->HitResult=1; type:Side->Dist=3; type:SideOnly->OnlyIn=3; type:Vec3d->Vec3=2; type:World->Level=5
src/main/java/net/shadowmage/ancientwarfare/structure/block/BlockGoldenIdol.java,31,import:net.minecraft.block.Block->net.minecraft.world.level.block.Block=1; import:net.minecraft.block.properties.PropertyBool->net.minecraft.world.level.block.state.properties.BooleanProperty=1; import:net.minecraft.block.state.IBlockState->net.minecraft.world.level.block.state.BlockState=1; import:net.minecraft.entity.EntityLivingBase->net.minecraft.world.entity.LivingEntity=1; import:net.minecraft.item.ItemStack->net.minecraft.world.item.ItemStack=1; import:net.minecraft.util.EnumFacing->net.minecraft.core.Direction=1; import:net.minecraft.util.math.BlockPos->net.minecraft.core.BlockPos=1; import:net.minecraft.world.IBlockAccess->net.minecraft.world.level.BlockGetter=1; import:net.minecraft.world.World->net.minecraft.world.level.Level=1; type:EntityLivingBase->LivingEntity=2; type:EnumFacing->Direction=3; type:IBlockAccess->BlockGetter=1; type:IBlockState->BlockState=10; type:PropertyBool->BooleanProperty=2; type:World->Level=4
src/main/java/net/shadowmage/ancientwarfare/structure/block/BlockGoldenThrone.java,57,import:net.minecraft.block.state.IBlockState->net.minecraft.world.level.block.state.BlockState=1; import:net.minecraft.entity.EntityLivingBase->net.minecraft.world.entity.LivingEntity=1; import:net.minecraft.entity.player.EntityPlayer->net.minecraft.world.entity.player.Player=1; import:net.minecraft.item.ItemStack->net.minecraft.world.item.ItemStack=1; import:net.minecraft.util.EnumFacing->net.minecraft.core.Direction=1; import:net.minecraft.util.EnumHand->net.minecraft.world.InteractionHand=1; import:net.minecraft.util.ResourceLocation->net.minecraft.resources.ResourceLocation=1; import:net.minecraft.util.math.AxisAlignedBB->net.minecraft.world.phys.AABB=1; import:net.minecraft.util.math.BlockPos->net.minecraft.core.BlockPos=1; import:net.minecraft.world.IBlockAccess->net.minecraft.world.level.BlockGetter=1; import:net.minecraft.world.World->net.minecraft.world.level.Level=1; import:net.minecraftforge.fml.relauncher.Side->net.minecraftforge.api.distmarker.Dist=1; import:net.minecraftforge.fml.relauncher.SideOnly->net.minecraftforge.api.distmarker.OnlyIn=1; type:AxisAlignedBB->AABB=11; type:EntityLivingBase->LivingEntity=1; type:EntityPlayer->Player=1; type:EnumFacing->Direction=12; type:EnumHand->InteractionHand=1; type:IBlockAccess->BlockGetter=1; type:IBlockState->BlockState=9; type:Side->Dist=2; type:SideOnly->OnlyIn=2; type:World->Level=4
src/main/java/net/shadowmage/ancientwarfare/structure/block/BlockGravestone.java,69,call:.hasTagCompound()->.hasTag()=2; import:net.minecraft.block.SoundType->net.minecraft.world.level.block.SoundType=1; import:net.minecraft.block.properties.PropertyInteger->net.minecraft.world.level.block.state.properties.IntegerProperty=1; import:net.minecraft.block.state.IBlockState->net.minecraft.world.level.block.state.BlockState=1; import:net.minecraft.entity.EntityLivingBase->net.minecraft.world.entity.LivingEntity=1; import:net.minecraft.entity.player.EntityPlayer->net.minecraft.world.entity.player.Player=1; import:net.minecraft.item.Item->net.minecraft.world.item.Item=1; import:net.minecraft.item.ItemStack->net.minecraft.world.item.ItemStack=1; import:net.minecraft.tileentity.TileEntity->net.minecraft.world.level.block.entity.BlockEntity=1; import:net.minecraft.util.EnumFacing->net.minecraft.core.Direction=1; import:net.minecraft.util.EnumHand->net.minecraft.world.InteractionHand=1; import:net.minecraft.util.NonNullList->net.minecraft.core.NonNullList=1; import:net.minecraft.util.ResourceLocation->net.minecraft.resources.ResourceLocation=1; import:net.minecraft.util.math.AxisAlignedBB->net.minecraft.world.phys.AABB=1; import:net.minecraft.util.math.BlockPos->net.minecraft.core.BlockPos=1; import:net.minecraft.world.IBlockAccess->net.minecraft.world.level.BlockGetter=1; import:net.minecraft.world.World->net.minecraft.world.level.Level=1; import:net.minecraftforge.fml.relauncher.Side->net.minecraftforge.api.distmarker.Dist=1; import:net.minecraftforge.fml.relauncher.SideOnly->net.minecraftforge.api.distmarker.OnlyIn=1; type:AxisAlignedBB->AABB=10; type:EntityLivingBase->LivingEntity=2; type:EntityPlayer->Player=2; type:EnumFacing->Direction=3; type:EnumHand->InteractionHand=1; type:IBlockAccess->BlockGetter=3; type:IBlockState->BlockState=16; type:PropertyInteger->IntegerProperty=2; type:Side->Dist=2; type:SideOnly->OnlyIn=2; type:TileEntity->BlockEntity=1; type:World->Level=5
src/main/java/net/shadowmage/ancientwarfare/structure/block/BlockIronCage.java,82,import:net.minecraft.block.properties.PropertyEnum->net.minecraft.world.level.block.state.properties.EnumProperty=1; import:net.minecraft.block.state.IBlockState->net.minecraft.world.level.block.state.BlockState=1; import:net.minecraft.client.entity.EntityPlayerSP->net.minecraft.client.player.LocalPlayer=1; import:net.minecraft.entity.EntityLivingBase->net.minecraft.world.entity.LivingEntity=1; import:net.minecraft.item.ItemStack->net.minecraft.world.item.ItemStack=1; import:net.minecraft.util.EnumFacing->net.minecraft.core.Direction=1; import:net.minecraft.util.IStringSerializable->net.minecraft.util.StringRepresentable=1; import:net.minecraft.util.ResourceLocation->net.minecraft.resources.ResourceLocation=1; import:net.minecraft.util.math.AxisAlignedBB->net.minecraft.world.phys.AABB=1; import:net.minecraft.util.math.BlockPos->net.minecraft.core.BlockPos=1; import:net.minecraft.util.math.RayTraceResult->net.minecraft.world.phys.HitResult=1; import:net.minecraft.util.math.Vec3d->net.minecraft.world.phys.Vec3=1; import:net.minecraft.world.IBlockAccess->net.minecraft.world.level.BlockGetter=1; import:net.minecraft.world.World->net.minecraft.world.level.Level=1; import:net.minecraftforge.fml.relauncher.Side->net.minecraftforge.api.distmarker.Dist=1; import:net.minecraftforge.fml.relauncher.SideOnly->net.minecraftforge.api.distmarker.OnlyIn=1; type:AxisAlignedBB->AABB=18; type:EntityLivingBase->LivingEntity=1; type:EntityPlayerSP->LocalPlayer=2; type:EnumFacing->Direction=12; type:IBlockAccess->BlockGetter=2; type:IBlockState->BlockState=15; type:IStringSerializable->StringRepresentable=1; type:PropertyEnum->EnumProperty=2; type:RayTraceResult->HitResult=1; type:Side->Dist=3; type:SideOnly->OnlyIn=3; type:Vec3d->Vec3=2; type:World->Level=4
src/main/java/net/shadowmage/ancientwarfare/structure/block/BlockLootBasket.java,73,call:.isRemote->.isClientSide=1; import:net.minecraft.block.properties.PropertyBool->net.minecraft.world.level.block.state.properties.BooleanProperty=1; import:net.minecraft.block.state.IBlockState->net.minecraft.world.level.block.state.BlockState=1; import:net.minecraft.entity.EntityLivingBase->net.minecraft.world.entity.LivingEntity=1; import:net.minecraft.entity.player.EntityPlayer->net.minecraft.world.entity.player.Player=1; import:net.minecraft.tileentity.TileEntity->net.minecraft.world.level.block.entity.BlockEntity=1; import:net.minecraft.util.EnumFacing->net.minecraft.core.Direction=1; import:net.minecraft.util.EnumHand->net.minecraft.world.InteractionHand=1; import:net.minecraft.util.math.AxisAlignedBB->net.minecraft.world.phys.AABB=1; import:net.minecraft.util.math.BlockPos->net.minecraft.core.BlockPos=1; import:net.minecraft.world.IBlockAccess->net.minecraft.world.level.BlockGetter=1; import:net.minecraft.world.World->net.minecraft.world.level.Level=1; import:net.minecraftforge.fml.relauncher.Side->net.minecraftforge.api.distmarker.Dist=1; import:net.minecraftforge.fml.relauncher.SideOnly->net.minecraftforge.api.distmarker.OnlyIn=1; type:AxisAlignedBB->AABB=13; type:EntityLivingBase->LivingEntity=1; type:EntityPlayer->Player=1; type:EnumFacing->Direction=12; type:EnumHand->InteractionHand=2; type:IBlockAccess->BlockGetter=4; type:IBlockState->BlockState=14; type:PropertyBool->BooleanProperty=4; type:Side->Dist=1; type:SideOnly->OnlyIn=1; type:TileEntity->BlockEntity=1; type:World->Level=5
src/main/java/net/shadowmage/ancientwarfare/structure/block/BlockMulti.java,28,import:net.minecraft.block.properties.IProperty->net.minecraft.world.level.block.state.properties.Property=1; import:net.minecraft.block.properties.PropertyBool->net.minecraft.world.level.block.state.properties.BooleanProperty=1; import:net.minecraft.block.state.IBlockState->net.minecraft.world.level.block.state.BlockState=1; import:net.minecraft.entity.EntityLivingBase->net.minecraft.world.entity.LivingEntity=1; import:net.minecraft.item.ItemStack->net.minecraft.world.item.ItemStack=1; import:net.minecraft.tileentity.TileEntity->net.minecraft.world.level.block.entity.BlockEntity=1; import:net.minecraft.util.math.BlockPos->net.minecraft.core.BlockPos=1; import:net.minecraft.world.World->net.minecraft.world.level.Level=1; type:EntityLivingBase->LivingEntity=2; type:IBlockState->BlockState=6; type:IProperty->Property=5; type:PropertyBool->BooleanProperty=2; type:TileEntity->BlockEntity=1; type:World->Level=4
src/main/java/net/shadowmage/ancientwarfare/structure/block/BlockProtectionFlag.java,35,import:net.minecraft.block.state.IBlockState->net.minecraft.world.level.block.state.BlockState=1; import:net.minecraft.entity.EntityLivingBase->net.minecraft.world.entity.LivingEntity=1; import:net.minecraft.entity.player.EntityPlayer->net.minecraft.world.entity.player.Player=1; import:net.minecraft.item.Item->net.minecraft.world.item.Item=1; import:net.minecraft.item.ItemStack->net.minecraft.world.item.ItemStack=1; import:net.minecraft.tileentity.TileEntity->net.minecraft.world.level.block.entity.BlockEntity=1; import:net.minecraft.util.EnumFacing->net.minecraft.core.Direction=1; import:net.minecraft.util.EnumHand->net.minecraft.world.InteractionHand=1; import:net.minecraft.util.NonNullList->net.minecraft.core.NonNullList=1; import:net.minecraft.util.math.BlockPos->net.minecraft.core.BlockPos=1; import:net.minecraft.util.math.RayTraceResult->net.minecraft.world.phys.HitResult=1; import:net.minecraft.world.IBlockAccess->net.minecraft.world.level.BlockGetter=1; import:net.minecraft.world.World->net.minecraft.world.level.Level=1; import:net.minecraftforge.fml.relauncher.Side->net.minecraftforge.api.distmarker.Dist=1; import:net.minecraftforge.fml.relauncher.SideOnly->net.minecraftforge.api.distmarker.OnlyIn=1; type:EntityPlayer->Player=2; type:EnumFacing->Direction=1; type:EnumHand->InteractionHand=1; type:IBlockState->BlockState=5; type:Side->Dist=3; type:SideOnly->OnlyIn=3; type:TileEntity->BlockEntity=1; type:World->Level=4
src/main/java/net/shadowmage/ancientwarfare/structure/block/BlockScissorSeat.java,66,import:net.minecraft.block.state.IBlockState->net.minecraft.world.level.block.state.BlockState=1; import:net.minecraft.client.entity.EntityPlayerSP->net.minecraft.client.player.LocalPlayer=1; import:net.minecraft.entity.Entity->net.minecraft.world.entity.Entity=1; import:net.minecraft.entity.EntityLivingBase->net.minecraft.world.entity.LivingEntity=1; import:net.minecraft.item.ItemStack->net.minecraft.world.item.ItemStack=1; import:net.minecraft.util.EnumFacing->net.minecraft.core.Direction=1; import:net.minecraft.util.math.AxisAlignedBB->net.minecraft.world.phys.AABB=1; import:net.minecraft.util.math.BlockPos->net.minecraft.core.BlockPos=1; import:net.minecraft.util.math.RayTraceResult->net.minecraft.world.phys.HitResult=1; import:net.minecraft.util.math.Vec3d->net.minecraft.world.phys.Vec3=1; import:net.minecraft.world.World->net.minecraft.world.level.Level=1; import:net.minecraftforge.fml.relauncher.Side->net.minecraftforge.api.distmarker.Dist=1; import:net.minecraftforge.fml.relauncher.SideOnly->net.minecraftforge.api.distmarker.OnlyIn=1; type:AxisAlignedBB->AABB=24; type:EntityLivingBase->LivingEntity=1; type:EntityPlayerSP->LocalPlayer=1; type:EnumFacing->Direction=8; type:IBlockState->BlockState=7; type:RayTraceResult->HitResult=1; type:Side->Dist=1; type:SideOnly->OnlyIn=1; type:Vec3d->Vec3=4; type:World->Level=5
src/main/java/net/shadowmage/ancientwarfare/structure/block/BlockSeat.java,30,call:.isRemote->.isClientSide=1; call:.spawnEntity(->.addFreshEntity(=1; import:net.minecraft.block.state.IBlockState->net.minecraft.world.level.block.state.BlockState=1; import:net.minecraft.entity.player.EntityPlayer->net.minecraft.world.entity.player.Player=1; import:net.minecraft.util.EnumFacing->net.minecraft.core.Direction=1; import:net.minecraft.util.EnumHand->net.minecraft.world.InteractionHand=1; import:net.minecraft.util.math.AxisAlignedBB->net.minecraft.world.phys.AABB=1; import:net.minecraft.util.math.BlockPos->net.minecraft.core.BlockPos=1; import:net.minecraft.util.math.Vec3d->net.minecraft.world.phys.Vec3=1; import:net.minecraft.world.IBlockAccess->net.minecraft.world.level.BlockGetter=1; import:net.minecraft.world.World->net.minecraft.world.level.Level=1; type:AxisAlignedBB->AABB=1; type:EntityPlayer->Player=1; type:EnumFacing->Direction=2; type:EnumHand->InteractionHand=1; type:IBlockAccess->BlockGetter=1; type:IBlockState->BlockState=6; type:Vec3d->Vec3=4; type:World->Level=3
src/main/java/net/shadowmage/ancientwarfare/structure/block/BlockSoundBlock.java,36,call:.isRemote->.isClientSide=1; import:net.minecraft.block.state.IBlockState->net.minecraft.world.level.block.state.BlockState=1; import:net.minecraft.client.renderer.texture.TextureAtlasSprite->net.minecraft.client.renderer.texture.TextureAtlasSprite=1; import:net.minecraft.entity.player.EntityPlayer->net.minecraft.world.entity.player.Player=1; import:net.minecraft.item.ItemBlock->net.minecraft.world.item.BlockItem=1; import:net.minecraft.item.ItemStack->net.minecraft.world.item.ItemStack=1; import:net.minecraft.tileentity.TileEntity->net.minecraft.world.level.block.entity.BlockEntity=1; import:net.minecraft.util.EnumFacing->net.minecraft.core.Direction=1; import:net.minecraft.util.EnumHand->net.minecraft.world.InteractionHand=1; import:net.minecraft.util.math.BlockPos->net.minecraft.core.BlockPos=1; import:net.minecraft.world.IBlockAccess->net.minecraft.world.level.BlockGetter=1; import:net.minecraft.world.World->net.minecraft.world.level.Level=1; import:net.minecraftforge.fml.relauncher.Side->net.minecraftforge.api.distmarker.Dist=1; import:net.minecraftforge.fml.relauncher.SideOnly->net.minecraftforge.api.distmarker.OnlyIn=1; type:EntityPlayer->Player=1; type:EnumFacing->Direction=1; type:EnumHand->InteractionHand=1; type:IBlockAccess->BlockGetter=1; type:IBlockState->BlockState=6; type:ItemBlock->BlockItem=1; type:Side->Dist=4; type:SideOnly->OnlyIn=4; type:TileEntity->BlockEntity=1; type:World->Level=2
src/main/java/net/shadowmage/ancientwarfare/structure/block/BlockStake.java,68,call:.isRemote->.isClientSide=1; import:net.minecraft.block.properties.PropertyBool->net.minecraft.world.level.block.state.properties.BooleanProperty=1; import:net.minecraft.block.state.IBlockState->net.minecraft.world.level.block.state.BlockState=1; import:net.minecraft.entity.EntityLivingBase->net.minecraft.world.entity.LivingEntity=1; import:net.minecraft.entity.player.EntityPlayer->net.minecraft.world.entity.player.Player=1; import:net.minecraft.item.ItemStack->net.minecraft.world.item.ItemStack=1; import:net.minecraft.tileentity.TileEntity->net.minecraft.world.level.block.entity.BlockEntity=1; import:net.minecraft.util.EnumFacing->net.minecraft.core.Direction=1; import:net.minecraft.util.EnumHand->net.minecraft.world.InteractionHand=1; import:net.minecraft.util.ResourceLocation->net.minecraft.resources.ResourceLocation=1; import:net.minecraft.util.math.AxisAlignedBB->net.minecraft.world.phys.AABB=1; import:net.minecraft.util.math.BlockPos->net.minecraft.core.BlockPos=1; import:net.minecraft.world.IBlockAccess->net.minecraft.world.level.BlockGetter=1; import:net.minecraft.world.World->net.minecraft.world.level.Level=1; import:net.minecraftforge.fml.relauncher.Side->net.minecraftforge.api.distmarker.Dist=1; import:net.minecraftforge.fml.relauncher.SideOnly->net.minecraftforge.api.distmarker.OnlyIn=1; type:AxisAlignedBB->AABB=8; type:EntityLivingBase->LivingEntity=1; type:EntityPlayer->Player=1; type:EnumFacing->Direction=8; type:EnumHand->InteractionHand=1; type:IBlockAccess->BlockGetter=4; type:IBlockState->BlockState=18; type:PropertyBool->BooleanProperty=2; type:Side->Dist=2; type:SideOnly->OnlyIn=2; type:TileEntity->BlockEntity=1; type:World->Level=4
src/main/java/net/shadowmage/ancientwarfare/structure/block/BlockStatue.java,38,call:.isRemote->.isClientSide=1; import:net.minecraft.block.state.IBlockState->net.minecraft.world.level.block.state.BlockState=1; import:net.minecraft.entity.EntityLivingBase->net.minecraft.world.entity.LivingEntity=1; import:net.minecraft.entity.player.EntityPlayer->net.minecraft.world.entity.player.Player=1; import:net.minecraft.item.ItemStack->net.minecraft.world.item.ItemStack=1; import:net.minecraft.tileentity.TileEntity->net.minecraft.world.level.block.entity.BlockEntity=1; import:net.minecraft.util.EnumFacing->net.minecraft.core.Direction=1; import:net.minecraft.util.EnumHand->net.minecraft.world.InteractionHand=1; import:net.minecraft.util.math.AxisAlignedBB->net.minecraft.world.phys.AABB=1; import:net.minecraft.util.math.BlockPos->net.minecraft.core.BlockPos=1; import:net.minecraft.world.IBlockAccess->net.minecraft.world.level.BlockGetter=1; import:net.minecraft.world.World->net.minecraft.world.level.Level=1; import:net.minecraftforge.fml.relauncher.Side->net.minecraftforge.api.distmarker.Dist=1; import:net.minecraftforge.fml.relauncher.SideOnly->net.minecraftforge.api.distmarker.OnlyIn=1; type:AxisAlignedBB->AABB=1; type:EntityLivingBase->LivingEntity=1; type:EntityPlayer->Player=1; type:EnumFacing->Direction=2; type:EnumHand->InteractionHand=1; type:IBlockAccess->BlockGetter=2; type:IBlockState->BlockState=10; type:Side->Dist=1; type:SideOnly->OnlyIn=1; type:TileEntity->BlockEntity=1; type:World->Level=3
src/main/java/net/shadowmage/ancientwarfare/structure/block/BlockStoneCoffin.java,31,import:net.minecraft.block.properties.IProperty->net.minecraft.world.level.block.state.properties.Property=1; import:net.minecraft.block.properties.PropertyEnum->net.minecraft.world.level.block.state.properties.EnumProperty=1; import:net.minecraft.block.state.IBlockState->net.minecraft.world.level.block.state.BlockState=1; import:net.minecraft.entity.EntityLivingBase->net.minecraft.world.entity.LivingEntity=1; import:net.minecraft.item.Item->net.minecraft.world.item.Item=1; import:net.minecraft.item.ItemStack->net.minecraft.world.item.ItemStack=1; import:net.minecraft.util.NonNullList->net.minecraft.core.NonNullList=1; import:net.minecraft.util.math.AxisAlignedBB->net.minecraft.world.phys.AABB=1; import:net.minecraft.util.math.BlockPos->net.minecraft.core.BlockPos=1; import:net.minecraft.world.IBlockAccess->net.minecraft.world.level.BlockGetter=1; import:net.minecraft.world.World->net.minecraft.world.level.Level=1; import:net.minecraftforge.fml.relauncher.Side->net.minecraftforge.api.distmarker.Dist=1; import:net.minecraftforge.fml.relauncher.SideOnly->net.minecraftforge.api.distmarker.OnlyIn=1; type:AxisAlignedBB->AABB=3; type:EntityLivingBase->LivingEntity=1; type:IBlockAccess->BlockGetter=2; type:IBlockState->BlockState=4; type:IProperty->Property=1; type:PropertyEnum->EnumProperty=2; type:Side->Dist=2; type:SideOnly->OnlyIn=2; type:World->Level=1
src/main/java/net/shadowmage/ancientwarfare/structure/block/BlockStool.java,37,call:.hasTagCompound()->.hasTag()=1; import:net.minecraft.block.state.IBlockState->net.minecraft.world.level.block.state.BlockState=1; import:net.minecraft.entity.EntityLivingBase->net.minecraft.world.entity.LivingEntity=1; import:net.minecraft.entity.player.EntityPlayer->net.minecraft.world.entity.player.Player=1; import:net.minecraft.item.ItemStack->net.minecraft.world.item.ItemStack=1; import:net.minecraft.util.NonNullList->net.minecraft.core.NonNullList=1; import:net.minecraft.util.math.AxisAlignedBB->net.minecraft.world.phys.AABB=1; import:net.minecraft.util.math.BlockPos->net.minecraft.core.BlockPos=1; import:net.minecraft.util.math.RayTraceResult->net.minecraft.world.phys.HitResult=1; import:net.minecraft.util.math.Vec3d->net.minecraft.world.phys.Vec3=1; import:net.minecraft.world.IBlockAccess->net.minecraft.world.level.BlockGetter=1; import:net.minecraft.world.World->net.minecraft.world.level.Level=1; import:net.minecraftforge.fml.relauncher.Side->net.minecraftforge.api.distmarker.Dist=1; import:net.minecraftforge.fml.relauncher.SideOnly->net.minecraftforge.api.distmarker.OnlyIn=1; type:AxisAlignedBB->AABB=3; type:EntityLivingBase->LivingEntity=1; type:EntityPlayer->Player=1; type:IBlockAccess->BlockGetter=2; type:IBlockState->BlockState=7; type:RayTraceResult->HitResult=1; type:Side->Dist=1; type:SideOnly->OnlyIn=1; type:Vec3d->Vec3=3; type:World->Level=3
src/main/java/net/shadowmage/ancientwarfare/structure/block/BlockStretchingRack.java,92,import:net.minecraft.block.properties.PropertyEnum->net.minecraft.world.level.block.state.properties.EnumProperty=1; import:net.minecraft.block.state.IBlockState->net.minecraft.world.level.block.state.BlockState=1; import:net.minecraft.client.entity.EntityPlayerSP->net.minecraft.client.player.LocalPlayer=1; import:net.minecraft.entity.Entity->net.minecraft.world.entity.Entity=1; import:net.minecraft.entity.EntityLivingBase->net.minecraft.world.entity.LivingEntity=1; import:net.minecraft.item.ItemStack->net.minecraft.world.item.ItemStack=1; import:net.minecraft.util.EnumFacing->net.minecraft.core.Direction=1; import:net.minecraft.util.IStringSerializable->net.minecraft.util.StringRepresentable=1; import:net.minecraft.util.ResourceLocation->net.minecraft.resources.ResourceLocation=1; import:net.minecraft.util.math.AxisAlignedBB->net.minecraft.world.phys.AABB=1; import:net.minecraft.util.math.BlockPos->net.minecraft.core.BlockPos=1; import:net.minecraft.util.math.RayTraceResult->net.minecraft.world.phys.HitResult=1; import:net.minecraft.util.math.Vec3d->net.minecraft.world.phys.Vec3=1; import:net.minecraft.world.IBlockAccess->net.minecraft.world.level.BlockGetter=1; import:net.minecraft.world.World->net.minecraft.world.level.Level=1; import:net.minecraftforge.fml.relauncher.Side->net.minecraftforge.api.distmarker.Dist=1; import:net.minecraftforge.fml.relauncher.SideOnly->net.minecraftforge.api.distmarker.OnlyIn=1; type:AxisAlignedBB->AABB=18; type:EntityLivingBase->LivingEntity=1; type:EntityPlayerSP->LocalPlayer=4; type:EnumFacing->Direction=19; type:IBlockAccess->BlockGetter=1; type:IBlockState->BlockState=15; type:IStringSerializable->StringRepresentable=1; type:PropertyEnum->EnumProperty=2; type:RayTraceResult->HitResult=1; type:Side->Dist=3; type:SideOnly->OnlyIn=3; type:Vec3d->Vec3=2; type:World->Level=5
src/main/java/net/shadowmage/ancientwarfare/structure/block/BlockStructureBuilder.java,36,call:.isRemote->.isClientSide=1; call:.setTagCompound(->.setTag(=1; import:net.minecraft.block.state.IBlockState->net.minecraft.world.level.block.state.BlockState=1; import:net.minecraft.entity.player.EntityPlayer->net.minecraft.world.entity.player.Player=1; import:net.minecraft.item.ItemStack->net.minecraft.world.item.ItemStack=1; import:net.minecraft.nbt.NBTTagString->net.minecraft.nbt.StringTag=1; import:net.minecraft.tileentity.TileEntity->net.minecraft.world.level.block.entity.BlockEntity=1; import:net.minecraft.util.EnumFacing->net.minecraft.core.Direction=1; import:net.minecraft.util.EnumHand->net.minecraft.world.InteractionHand=1; import:net.minecraft.util.NonNullList->net.minecraft.core.NonNullList=1; import:net.minecraft.util.math.BlockPos->net.minecraft.core.BlockPos=1; import:net.minecraft.world.IBlockAccess->net.minecraft.world.level.BlockGetter=1; import:net.minecraft.world.World->net.minecraft.world.level.Level=1; import:net.minecraftforge.fml.relauncher.Side->net.minecraftforge.api.distmarker.Dist=1; import:net.minecraftforge.fml.relauncher.SideOnly->net.minecraftforge.api.distmarker.OnlyIn=1; type:EntityPlayer->Player=3; type:EnumFacing->Direction=1; type:EnumHand->InteractionHand=1; type:IBlockAccess->BlockGetter=1; type:IBlockState->BlockState=6; type:NBTTagString->StringTag=1; type:Side->Dist=1; type:SideOnly->OnlyIn=1; type:TileEntity->BlockEntity=2; type:World->Level=4
src/main/java/net/shadowmage/ancientwarfare/structure/block/BlockStructureScanner.java,33,call:.isRemote->.isClientSide=1; import:net.minecraft.block.properties.PropertyDirection->net.minecraft.world.level.block.state.properties.DirectionProperty=1; import:net.minecraft.block.state.IBlockState->net.minecraft.world.level.block.state.BlockState=1; import:net.minecraft.entity.EntityLivingBase->net.minecraft.world.entity.LivingEntity=1; import:net.minecraft.entity.player.EntityPlayer->net.minecraft.world.entity.player.Player=1; import:net.minecraft.item.ItemStack->net.minecraft.world.item.ItemStack=1; import:net.minecraft.tileentity.TileEntity->net.minecraft.world.level.block.entity.BlockEntity=1; import:net.minecraft.util.EnumFacing->net.minecraft.core.Direction=1; import:net.minecraft.util.EnumHand->net.minecraft.world.InteractionHand=1; import:net.minecraft.util.math.BlockPos->net.minecraft.core.BlockPos=1; import:net.minecraft.world.IBlockAccess->net.minecraft.world.level.BlockGetter=1; import:net.minecraft.world.World->net.minecraft.world.level.Level=1; import:net.minecraftforge.fml.relauncher.Side->net.minecraftforge.api.distmarker.Dist=1; import:net.minecraftforge.fml.relauncher.SideOnly->net.minecraftforge.api.distmarker.OnlyIn=1; type:EntityLivingBase->LivingEntity=1; type:EntityPlayer->Player=1; type:EnumFacing->Direction=1; type:EnumHand->InteractionHand=1; type:IBlockAccess->BlockGetter=1; type:IBlockState->BlockState=7; type:PropertyDirection->DirectionProperty=1; type:Side->Dist=1; type:SideOnly->OnlyIn=1; type:TileEntity->BlockEntity=1; type:World->Level=3
src/main/java/net/shadowmage/ancientwarfare/structure/block/BlockTable.java,73,call:.hasTagCompound()->.hasTag()=1; import:net.minecraft.block.properties.PropertyBool->net.minecraft.world.level.block.state.properties.BooleanProperty=1; import:net.minecraft.block.state.IBlockState->net.minecraft.world.level.block.state.BlockState=1; import:net.minecraft.client.entity.EntityPlayerSP->net.minecraft.client.player.LocalPlayer=1; import:net.minecraft.entity.EntityLivingBase->net.minecraft.world.entity.LivingEntity=1; import:net.minecraft.entity.player.EntityPlayer->net.minecraft.world.entity.player.Player=1; import:net.minecraft.item.ItemStack->net.minecraft.world.item.ItemStack=1; import:net.minecraft.util.EnumFacing->net.minecraft.core.Direction=1; import:net.minecraft.util.NonNullList->net.minecraft.core.NonNullList=1; import:net.minecraft.util.math.AxisAlignedBB->net.minecraft.world.phys.AABB=1; import:net.minecraft.util.math.BlockPos->net.minecraft.core.BlockPos=1; import:net.minecraft.util.math.RayTraceResult->net.minecraft.world.phys.HitResult=1; import:net.minecraft.util.math.Vec3d->net.minecraft.world.phys.Vec3=1; import:net.minecraft.world.IBlockAccess->net.minecraft.world.level.BlockGetter=1; import:net.minecraft.world.World->net.minecraft.world.level.Level=1; import:net.minecraftforge.fml.relauncher.Side->net.minecraftforge.api.distmarker.Dist=1; import:net.minecraftforge.fml.relauncher.SideOnly->net.minecraftforge.api.distmarker.OnlyIn=1; type:AxisAlignedBB->AABB=13; type:EntityLivingBase->LivingEntity=1; type:EntityPlayer->Player=1; type:EntityPlayerSP->LocalPlayer=1; type:EnumFacing->Direction=2; type:IBlockAccess->BlockGetter=4; type:IBlockState->BlockState=13; type:PropertyBool->BooleanProperty=8; type:RayTraceResult->HitResult=2; type:Side->Dist=2; type:SideOnly->OnlyIn=2; type:Vec3d->Vec3=2; type:World->Level=5
src/main/java/net/shadowmage/ancientwarfare/structure/block/BlockTotemCube.java,20,import:net.minecraft.block.state.IBlockState->net.minecraft.world.level.block.state.BlockState=1; import:net.minecraft.entity.EntityLivingBase->net.minecraft.world.entity.LivingEntity=1; import:net.minecraft.init.SoundEvents->net.minecraft.sounds.SoundEvents=1; import:net.minecraft.util.EnumFacing->net.minecraft.core.Direction=1; import:net.minecraft.util.SoundCategory->net.minecraft.sounds.SoundSource=1; import:net.minecraft.util.math.BlockPos->net.minecraft.core.BlockPos=1; import:net.minecraft.world.World->net.minecraft.world.level.Level=1; type:EntityLivingBase->LivingEntity=1; type:EnumFacing->Direction=4; type:IBlockState->BlockState=4; type:SoundCategory->SoundSource=1; type:World->Level=3
src/main/java/net/shadowmage/ancientwarfare/structure/block/BlockTotemPart.java,164,call:.getDefaultState()->.defaultBlockState()=4; call:.getTagCompound()->.getTag()=1; call:.hasTagCompound()->.hasTag()=1; call:.setTagCompound(->.setTag(=1; import:net.minecraft.block.properties.PropertyBool->net.minecraft.world.level.block.state.properties.BooleanProperty=1; import:net.minecraft.block.properties.PropertyEnum->net.minecraft.world.level.block.state.properties.EnumProperty=1; import:net.minecraft.block.state.IBlockState->net.minecraft.world.level.block.state.BlockState=1; import:net.minecraft.entity.EntityLivingBase->net.minecraft.world.entity.LivingEntity=1; import:net.minecraft.entity.player.EntityPlayer->net.minecraft.world.entity.player.Player=1; import:net.minecraft.item.Item->net.minecraft.world.item.Item=1; import:net.minecraft.item.ItemStack->net.minecraft.world.item.ItemStack=1; import:net.minecraft.nbt.NBTTagCompound->net.minecraft.nbt.CompoundTag=1; import:net.minecraft.tileentity.TileEntity->net.minecraft.world.level.block.entity.BlockEntity=1; import:net.minecraft.util.EnumFacing->net.minecraft.core.Direction=1; import:net.minecraft.util.IStringSerializable->net.minecraft.util.StringRepresentable=1; import:net.minecraft.util.NonNullList->net.minecraft.core.NonNullList=1; import:net.minecraft.util.ResourceLocation->net.minecraft.resources.ResourceLocation=1; import:net.minecraft.util.math.AxisAlignedBB->net.minecraft.world.phys.AABB=1; import:net.minecraft.util.math.BlockPos->net.minecraft.core.BlockPos=1; import:net.minecraft.util.math.RayTraceResult->net.minecraft.world.phys.HitResult=1; import:net.minecraft.world.IBlockAccess->net.minecraft.world.level.BlockGetter=1; import:net.minecraft.world.World->net.minecraft.world.level.Level=1; import:net.minecraftforge.fml.relauncher.Side->net.minecraftforge.api.distmarker.Dist=1; import:net.minecraftforge.fml.relauncher.SideOnly->net.minecraftforge.api.distmarker.OnlyIn=1; type:AxisAlignedBB->AABB=41; type:EntityLivingBase->LivingEntity=2; type:EntityPlayer->Player=4; type:EnumFacing->Direction=38; type:IBlockAccess->BlockGetter=4; type:IBlockState->BlockState=18; type:IStringSerializable->StringRepresentable=1; type:NBTTagCompound->CompoundTag=1; type:PropertyBool->BooleanProperty=2; type:PropertyEnum->EnumProperty=2; type:RayTraceResult->HitResult=1; type:Side->Dist=2; type:SideOnly->OnlyIn=2; type:TileEntity->BlockEntity=2; type:World->Level=17
src/main/java/net/shadowmage/ancientwarfare/structure/block/BlockTribalChair.java,87,import:net.minecraft.block.state.IBlockState->net.minecraft.world.level.block.state.BlockState=1; import:net.minecraft.client.entity.EntityPlayerSP->net.minecraft.client.player.LocalPlayer=1; import:net.minecraft.entity.Entity->net.minecraft.world.entity.Entity=1; import:net.minecraft.entity.EntityLivingBase->net.minecraft.world.entity.LivingEntity=1; import:net.minecraft.entity.player.EntityPlayer->net.minecraft.world.entity.player.Player=1; import:net.minecraft.item.ItemStack->net.minecraft.world.item.ItemStack=1; import:net.minecraft.util.EnumFacing->net.minecraft.core.Direction=1; import:net.minecraft.util.EnumHand->net.minecraft.world.InteractionHand=1; import:net.minecraft.util.math.AxisAlignedBB->net.minecraft.world.phys.AABB=1; import:net.minecraft.util.math.BlockPos->net.minecraft.core.BlockPos=1; import:net.minecraft.util.math.RayTraceResult->net.minecraft.world.phys.HitResult=1; import:net.minecraft.util.math.Vec3d->net.minecraft.world.phys.Vec3=1; import:net.minecraft.world.World->net.minecraft.world.level.Level=1; import:net.minecraftforge.fml.relauncher.Side->net.minecraftforge.api.distmarker.Dist=1; import:net.minecraftforge.fml.relauncher.SideOnly->net.minecraftforge.api.distmarker.OnlyIn=1; type:AxisAlignedBB->AABB=29; type:EntityLivingBase->LivingEntity=1; type:EntityPlayer->Player=1; type:EntityPlayerSP->LocalPlayer=1; type:EnumFacing->Direction=14; type:EnumHand->InteractionHand=1; type:IBlockState->BlockState=11; type:RayTraceResult->HitResult=1; type:Side->Dist=1; type:SideOnly->OnlyIn=1; type:Vec3d->Vec3=4; type:World->Level=7
src/main/java/net/shadowmage/ancientwarfare/structure/block/BlockTribalStool.java,28,import:net.minecraft.block.state.IBlockState->net.minecraft.world.level.block.state.BlockState=1; import:net.minecraft.entity.EntityLivingBase->net.minecraft.world.entity.LivingEntity=1; import:net.minecraft.item.ItemStack->net.minecraft.world.item.ItemStack=1; import:net.minecraft.util.EnumFacing->net.minecraft.core.Direction=1; import:net.minecraft.util.math.AxisAlignedBB->net.minecraft.world.phys.AABB=1; import:net.minecraft.util.math.BlockPos->net.minecraft.core.BlockPos=1; import:net.minecraft.util.math.Vec3d->net.minecraft.world.phys.Vec3=1; import:net.minecraft.world.IBlockAccess->net.minecraft.world.level.BlockGetter=1; import:net.minecraft.world.World->net.minecraft.world.level.Level=1; type:AxisAlignedBB->AABB=5; type:EntityLivingBase->LivingEntity=1; type:EnumFacing->Direction=2; type:IBlockAccess->BlockGetter=1; type:IBlockState->BlockState=5; type:Vec3d->Vec3=3; type:World->Level=2
src/main/java/net/shadowmage/ancientwarfare/structure/block/BlockUrn.java,29,import:net.minecraft.block.SoundType->net.minecraft.world.level.block.SoundType=1; import:net.minecraft.block.state.IBlockState->net.minecraft.world.level.block.state.BlockState=1; import:net.minecraft.entity.Entity->net.minecraft.world.entity.Entity=1; import:net.minecraft.tileentity.TileEntity->net.minecraft.world.level.block.entity.BlockEntity=1; import:net.minecraft.util.EnumFacing->net.minecraft.core.Direction=1; import:net.minecraft.util.math.AxisAlignedBB->net.minecraft.world.phys.AABB=1; import:net.minecraft.util.math.BlockPos->net.minecraft.core.BlockPos=1; import:net.minecraft.world.IBlockAccess->net.minecraft.world.level.BlockGetter=1; import:net.minecraft.world.World->net.minecraft.world.level.Level=1; import:net.minecraftforge.fml.relauncher.Side->net.minecraftforge.api.distmarker.Dist=1; import:net.minecraftforge.fml.relauncher.SideOnly->net.minecraftforge.api.distmarker.OnlyIn=1; type:AxisAlignedBB->AABB=2; type:EnumFacing->Direction=1; type:IBlockAccess->BlockGetter=2; type:IBlockState->BlockState=8; type:Side->Dist=1; type:SideOnly->OnlyIn=1; type:TileEntity->BlockEntity=1; type:World->Level=2
src/main/java/net/shadowmage/ancientwarfare/structure/block/BlockWoodenCoffin.java,25,import:net.minecraft.block.properties.IProperty->net.minecraft.world.level.block.state.properties.Property=1; import:net.minecraft.block.properties.PropertyEnum->net.minecraft.world.level.block.state.properties.EnumProperty=1; import:net.minecraft.block.state.IBlockState->net.minecraft.world.level.block.state.BlockState=1; import:net.minecraft.entity.EntityLivingBase->net.minecraft.world.entity.LivingEntity=1; import:net.minecraft.item.Item->net.minecraft.world.item.Item=1; import:net.minecraft.item.ItemStack->net.minecraft.world.item.ItemStack=1; import:net.minecraft.util.NonNullList->net.minecraft.core.NonNullList=1; import:net.minecraft.util.math.BlockPos->net.minecraft.core.BlockPos=1; import:net.minecraft.world.IBlockAccess->net.minecraft.world.level.BlockGetter=1; import:net.minecraft.world.World->net.minecraft.world.level.Level=1; import:net.minecraftforge.fml.relauncher.Side->net.minecraftforge.api.distmarker.Dist=1; import:net.minecraftforge.fml.relauncher.SideOnly->net.minecraftforge.api.distmarker.OnlyIn=1; type:EntityLivingBase->LivingEntity=1; type:IBlockAccess->BlockGetter=1; type:IBlockState->BlockState=3; type:IProperty->Property=1; type:PropertyEnum->EnumProperty=2; type:Side->Dist=2; type:SideOnly->OnlyIn=2; type:World->Level=1
src/main/java/net/shadowmage/ancientwarfare/structure/block/BlockWoodenPost.java,75,import:net.minecraft.block.properties.PropertyEnum->net.minecraft.world.level.block.state.properties.EnumProperty=1; import:net.minecraft.block.state.IBlockState->net.minecraft.world.level.block.state.BlockState=1; import:net.minecraft.client.entity.EntityPlayerSP->net.minecraft.client.player.LocalPlayer=1; import:net.minecraft.entity.EntityLivingBase->net.minecraft.world.entity.LivingEntity=1; import:net.minecraft.item.ItemStack->net.minecraft.world.item.ItemStack=1; import:net.minecraft.util.EnumFacing->net.minecraft.core.Direction=1; import:net.minecraft.util.IStringSerializable->net.minecraft.util.StringRepresentable=1; import:net.minecraft.util.ResourceLocation->net.minecraft.resources.ResourceLocation=1; import:net.minecraft.util.math.AxisAlignedBB->net.minecraft.world.phys.AABB=1; import:net.minecraft.util.math.BlockPos->net.minecraft.core.BlockPos=1; import:net.minecraft.util.math.RayTraceResult->net.minecraft.world.phys.HitResult=1; import:net.minecraft.util.math.Vec3d->net.minecraft.world.phys.Vec3=1; import:net.minecraft.world.IBlockAccess->net.minecraft.world.level.BlockGetter=1; import:net.minecraft.world.World->net.minecraft.world.level.Level=1; import:net.minecraftforge.fml.relauncher.Side->net.minecraftforge.api.distmarker.Dist=1; import:net.minecraftforge.fml.relauncher.SideOnly->net.minecraftforge.api.distmarker.OnlyIn=1; type:AxisAlignedBB->AABB=16; type:EntityLivingBase->LivingEntity=1; type:EntityPlayerSP->LocalPlayer=2; type:EnumFacing->Direction=7; type:IBlockAccess->BlockGetter=2; type:IBlockState->BlockState=15; type:IStringSerializable->StringRepresentable=1; type:PropertyEnum->EnumProperty=2; type:RayTraceResult->HitResult=1; type:Side->Dist=3; type:SideOnly->OnlyIn=3; type:Vec3d->Vec3=2; type:World->Level=4
src/main/java/net/shadowmage/ancientwarfare/structure/block/BlockWoodenThrone.java,50,import:net.minecraft.block.state.IBlockState->net.minecraft.world.level.block.state.BlockState=1; import:net.minecraft.entity.EntityLivingBase->net.minecraft.world.entity.LivingEntity=1; import:net.minecraft.entity.player.EntityPlayer->net.minecraft.world.entity.player.Player=1; import:net.minecraft.item.ItemStack->net.minecraft.world.item.ItemStack=1; import:net.minecraft.util.EnumFacing->net.minecraft.core.Direction=1; import:net.minecraft.util.EnumHand->net.minecraft.world.InteractionHand=1; import:net.minecraft.util.math.AxisAlignedBB->net.minecraft.world.phys.AABB=1; import:net.minecraft.util.math.BlockPos->net.minecraft.core.BlockPos=1; import:net.minecraft.world.IBlockAccess->net.minecraft.world.level.BlockGetter=1; import:net.minecraft.world.World->net.minecraft.world.level.Level=1; type:AxisAlignedBB->AABB=11; type:EntityLivingBase->LivingEntity=1; type:EntityPlayer->Player=1; type:EnumFacing->Direction=12; type:EnumHand->InteractionHand=1; type:IBlockAccess->BlockGetter=1; type:IBlockState->BlockState=9; type:World->Level=4
src/main/java/net/shadowmage/ancientwarfare/structure/block/WoodVariant.java,2,import:net.minecraft.util.IStringSerializable->net.minecraft.util.StringRepresentable=1; type:IStringSerializable->StringRepresentable=1
src/main/java/net/shadowmage/ancientwarfare/structure/block/altar/BlockAltarCandle.java,34,import:net.minecraft.block.state.IBlockState->net.minecraft.world.level.block.state.BlockState=1; import:net.minecraft.entity.player.EntityPlayer->net.minecraft.world.entity.player.Player=1; import:net.minecraft.item.ItemStack->net.minecraft.world.item.ItemStack=1; import:net.minecraft.tileentity.TileEntity->net.minecraft.world.level.block.entity.BlockEntity=1; import:net.minecraft.util.NonNullList->net.minecraft.core.NonNullList=1; import:net.minecraft.util.math.AxisAlignedBB->net.minecraft.world.phys.AABB=1; import:net.minecraft.util.math.BlockPos->net.minecraft.core.BlockPos=1; import:net.minecraft.util.math.RayTraceResult->net.minecraft.world.phys.HitResult=1; import:net.minecraft.world.IBlockAccess->net.minecraft.world.level.BlockGetter=1; import:net.minecraft.world.World->net.minecraft.world.level.Level=1; import:net.minecraftforge.fml.relauncher.Side->net.minecraftforge.api.distmarker.Dist=1; import:net.minecraftforge.fml.relauncher.SideOnly->net.minecraftforge.api.distmarker.OnlyIn=1; type:AxisAlignedBB->AABB=4; type:EntityPlayer->Player=1; type:IBlockAccess->BlockGetter=3; type:IBlockState->BlockState=7; type:RayTraceResult->HitResult=1; type:Side->Dist=1; type:SideOnly->OnlyIn=1; type:TileEntity->BlockEntity=1; type:World->Level=3
src/main/java/net/shadowmage/ancientwarfare/structure/block/altar/BlockAltarLectern.java,26,import:net.minecraft.block.state.IBlockState->net.minecraft.world.level.block.state.BlockState=1; import:net.minecraft.entity.EntityLivingBase->net.minecraft.world.entity.LivingEntity=1; import:net.minecraft.util.EnumFacing->net.minecraft.core.Direction=1; import:net.minecraft.util.math.AxisAlignedBB->net.minecraft.world.phys.AABB=1; import:net.minecraft.util.math.BlockPos->net.minecraft.core.BlockPos=1; import:net.minecraft.world.IBlockAccess->net.minecraft.world.level.BlockGetter=1; import:net.minecraft.world.World->net.minecraft.world.level.Level=1; type:AxisAlignedBB->AABB=10; type:EntityLivingBase->LivingEntity=1; type:EnumFacing->Direction=2; type:IBlockAccess->BlockGetter=1; type:IBlockState->BlockState=4; type:World->Level=1
src/main/java/net/shadowmage/ancientwarfare/structure/block/altar/BlockAltarLongCloth.java,20,import:net.minecraft.block.state.IBlockState->net.minecraft.world.level.block.state.BlockState=1; import:net.minecraft.entity.player.EntityPlayer->net.minecraft.world.entity.player.Player=1; import:net.minecraft.item.ItemStack->net.minecraft.world.item.ItemStack=1; import:net.minecraft.tileentity.TileEntity->net.minecraft.world.level.block.entity.BlockEntity=1; import:net.minecraft.util.NonNullList->net.minecraft.core.NonNullList=1; import:net.minecraft.util.math.BlockPos->net.minecraft.core.BlockPos=1; import:net.minecraft.util.math.RayTraceResult->net.minecraft.world.phys.HitResult=1; import:net.minecraft.world.IBlockAccess->net.minecraft.world.level.BlockGetter=1; import:net.minecraft.world.World->net.minecraft.world.level.Level=1; type:EntityPlayer->Player=1; type:IBlockAccess->BlockGetter=1; type:IBlockState->BlockState=5; type:RayTraceResult->HitResult=1; type:TileEntity->BlockEntity=1; type:World->Level=2
src/main/java/net/shadowmage/ancientwarfare/structure/block/altar/BlockAltarShortCloth.java,20,import:net.minecraft.block.state.IBlockState->net.minecraft.world.level.block.state.BlockState=1; import:net.minecraft.entity.player.EntityPlayer->net.minecraft.world.entity.player.Player=1; import:net.minecraft.item.ItemStack->net.minecraft.world.item.ItemStack=1; import:net.minecraft.tileentity.TileEntity->net.minecraft.world.level.block.entity.BlockEntity=1; import:net.minecraft.util.NonNullList->net.minecraft.core.NonNullList=1; import:net.minecraft.util.math.BlockPos->net.minecraft.core.BlockPos=1; import:net.minecraft.util.math.RayTraceResult->net.minecraft.world.phys.HitResult=1; import:net.minecraft.world.IBlockAccess->net.minecraft.world.level.BlockGetter=1; import:net.minecraft.world.World->net.minecraft.world.level.Level=1; type:EntityPlayer->Player=1; type:IBlockAccess->BlockGetter=1; type:IBlockState->BlockState=5; type:RayTraceResult->HitResult=1; type:TileEntity->BlockEntity=1; type:World->Level=2
src/main/java/net/shadowmage/ancientwarfare/structure/block/altar/BlockAltarSun.java,33,import:net.minecraft.block.state.IBlockState->net.minecraft.world.level.block.state.BlockState=1; import:net.minecraft.entity.EntityLivingBase->net.minecraft.world.entity.LivingEntity=1; import:net.minecraft.util.EnumFacing->net.minecraft.core.Direction=1; import:net.minecraft.util.math.AxisAlignedBB->net.minecraft.world.phys.AABB=1; import:net.minecraft.util.math.BlockPos->net.minecraft.core.BlockPos=1; import:net.minecraft.world.IBlockAccess->net.minecraft.world.level.BlockGetter=1; import:net.minecraft.world.World->net.minecraft.world.level.Level=1; import:net.minecraftforge.fml.relauncher.Side->net.minecraftforge.api.distmarker.Dist=1; import:net.minecraftforge.fml.relauncher.SideOnly->net.minecraftforge.api.distmarker.OnlyIn=1; type:AxisAlignedBB->AABB=5; type:EntityLivingBase->LivingEntity=1; type:EnumFacing->Direction=5; type:IBlockAccess->BlockGetter=1; type:IBlockState->BlockState=6; type:Side->Dist=2; type:SideOnly->OnlyIn=2; type:World->Level=2
src/main/java/net/shadowmage/ancientwarfare/structure/block/altar/BlockAltarTop.java,18,import:net.minecraft.block.Block->net.minecraft.world.level.block.Block=1; import:net.minecraft.block.state.IBlockState->net.minecraft.world.level.block.state.BlockState=1; import:net.minecraft.util.EnumFacing->net.minecraft.core.Direction=1; import:net.minecraft.util.math.BlockPos->net.minecraft.core.BlockPos=1; import:net.minecraft.world.IBlockAccess->net.minecraft.world.level.BlockGetter=1; import:net.minecraft.world.World->net.minecraft.world.level.Level=1; type:EnumFacing->Direction=3; type:IBlockAccess->BlockGetter=1; type:IBlockState->BlockState=6; type:World->Level=2
src/main/java/net/shadowmage/ancientwarfare/structure/client/AWStructureBlockColors.java,8,call:.getDefaultState()->.defaultBlockState()=1; import:net.minecraft.block.state.IBlockState->net.minecraft.world.level.block.state.BlockState=1; import:net.minecraft.init.Blocks->net.minecraft.world.level.block.Blocks=1; import:net.minecraftforge.fml.relauncher.Side->net.minecraftforge.api.distmarker.Dist=1; import:net.minecraftforge.fml.relauncher.SideOnly->net.minecraftforge.api.distmarker.OnlyIn=1; type:IBlockState->BlockState=1; type:Side->Dist=1; type:SideOnly->OnlyIn=1
src/main/java/net/shadowmage/ancientwarfare/structure/client/AWStructureItemColors.java,4,import:net.minecraftforge.fml.relauncher.Side->net.minecraftforge.api.distmarker.Dist=1; import:net.minecraftforge.fml.relauncher.SideOnly->net.minecraftforge.api.distmarker.OnlyIn=1; type:Side->Dist=1; type:SideOnly->OnlyIn=1
src/main/java/net/shadowmage/ancientwarfare/structure/command/CommandStructure.java,23,call:.getHeldItemMainhand()->.getMainHandItem()=1; import:net.minecraft.entity.EntityLivingBase->net.minecraft.world.entity.LivingEntity=1; import:net.minecraft.entity.player.EntityPlayer->net.minecraft.world.entity.player.Player=1; import:net.minecraft.entity.player.EntityPlayerMP->net.minecraft.server.level.ServerPlayer=1; import:net.minecraft.item.ItemStack->net.minecraft.world.item.ItemStack=1; import:net.minecraft.util.EnumFacing->net.minecraft.core.Direction=1; import:net.minecraft.util.math.BlockPos->net.minecraft.core.BlockPos=1; type:EntityLivingBase->LivingEntity=2; type:EntityPlayer->Player=4; type:EntityPlayerMP->ServerPlayer=6; type:EnumFacing->Direction=4
src/main/java/net/shadowmage/ancientwarfare/structure/command/StatsCommand.java,1,import:net.minecraft.util.math.BlockPos->net.minecraft.core.BlockPos=1
src/main/java/net/shadowmage/ancientwarfare/structure/config/AWStructureStatics.java,8,call:.getDefaultState()->.defaultBlockState()=1; import:net.minecraft.block.Block->net.minecraft.world.level.block.Block=1; import:net.minecraft.block.state.IBlockState->net.minecraft.world.level.block.state.BlockState=1; import:net.minecraft.init.Blocks->net.minecraft.world.level.block.Blocks=1; import:net.minecraft.util.ResourceLocation->net.minecraft.resources.ResourceLocation=1; import:net.minecraftforge.fml.common.registry.ForgeRegistries->net.minecraftforge.registries.ForgeRegistries=1; type:IBlockState->BlockState=2
src/main/java/net/shadowmage/ancientwarfare/structure/container/ContainerDraftingStation.java,35,call:.getDistanceSq(->.distanceToSqr(=1; call:.isRemote->.isClientSide=1; import:net.minecraft.entity.player.EntityPlayer->net.minecraft.world.entity.player.Player=1; import:net.minecraft.inventory.Slot->net.minecraft.world.inventory.Slot=1; import:net.minecraft.item.ItemStack->net.minecraft.world.item.ItemStack=1; import:net.minecraft.nbt.NBTTagCompound->net.minecraft.nbt.CompoundTag=1; import:net.minecraft.nbt.NBTTagList->net.minecraft.nbt.ListTag=1; import:net.minecraft.util.NonNullList->net.minecraft.core.NonNullList=1; import:net.minecraft.util.math.BlockPos->net.minecraft.core.BlockPos=1; type:EntityPlayer->Player=3; type:NBTTagCompound->CompoundTag=18; type:NBTTagList->ListTag=5
src/main/java/net/shadowmage/ancientwarfare/structure/container/ContainerGateControl.java,10,import:net.minecraft.entity.player.EntityPlayer->net.minecraft.world.entity.player.Player=1; import:net.minecraft.nbt.NBTTagCompound->net.minecraft.nbt.CompoundTag=1; type:EntityPlayer->Player=1; type:NBTTagCompound->CompoundTag=7
src/main/java/net/shadowmage/ancientwarfare/structure/container/ContainerLootBasket.java,5,import:net.minecraft.entity.player.EntityPlayer->net.minecraft.world.entity.player.Player=1; import:net.minecraft.inventory.Slot->net.minecraft.world.inventory.Slot=1; import:net.minecraft.item.ItemStack->net.minecraft.world.item.ItemStack=1; type:EntityPlayer->Player=2
src/main/java/net/shadowmage/ancientwarfare/structure/container/ContainerLootChestPlacer.java,8,call:.isRemote->.isClientSide=2; import:net.minecraft.entity.player.EntityPlayer->net.minecraft.world.entity.player.Player=1; import:net.minecraft.item.ItemStack->net.minecraft.world.item.ItemStack=1; import:net.minecraft.nbt.NBTTagCompound->net.minecraft.nbt.CompoundTag=1; import:net.minecraft.util.ResourceLocation->net.minecraft.resources.ResourceLocation=1; type:EntityPlayer->Player=1; type:NBTTagCompound->CompoundTag=1
src/main/java/net/shadowmage/ancientwarfare/structure/container/ContainerSoundBlock.java,14,call:.isRemote->.isClientSide=2; call:.markDirty()->.setChanged()=1; import:net.minecraft.entity.player.EntityPlayer->net.minecraft.world.entity.player.Player=1; import:net.minecraft.nbt.NBTTagCompound->net.minecraft.nbt.CompoundTag=1; type:EntityPlayer->Player=2; type:NBTTagCompound->CompoundTag=7
src/main/java/net/shadowmage/ancientwarfare/structure/container/ContainerSpawnerAdvanced.java,8,call:.getTagCompound()->.getTag()=2; call:.hasTagCompound()->.hasTag()=1; import:net.minecraft.entity.player.EntityPlayer->net.minecraft.world.entity.player.Player=1; import:net.minecraft.item.ItemStack->net.minecraft.world.item.ItemStack=1; import:net.minecraft.nbt.NBTTagCompound->net.minecraft.nbt.CompoundTag=1; type:EntityPlayer->Player=1; type:NBTTagCompound->CompoundTag=1
src/main/java/net/shadowmage/ancientwarfare/structure/container/ContainerSpawnerAdvancedBase.java,5,import:net.minecraft.entity.player.EntityPlayer->net.minecraft.world.entity.player.Player=1; import:net.minecraft.nbt.NBTTagCompound->net.minecraft.nbt.CompoundTag=1; type:EntityPlayer->Player=1; type:NBTTagCompound->CompoundTag=2
src/main/java/net/shadowmage/ancientwarfare/structure/container/ContainerSpawnerAdvancedBlock.java,10,call:.isRemote->.isClientSide=2; call:.markDirty()->.setChanged()=1; import:net.minecraft.entity.player.EntityPlayer->net.minecraft.world.entity.player.Player=1; import:net.minecraft.entity.player.EntityPlayerMP->net.minecraft.server.level.ServerPlayer=1; import:net.minecraft.nbt.NBTTagCompound->net.minecraft.nbt.CompoundTag=1; import:net.minecraft.util.math.BlockPos->net.minecraft.core.BlockPos=1; type:EntityPlayer->Player=1; type:EntityPlayerMP->ServerPlayer=1; type:NBTTagCompound->CompoundTag=1
src/main/java/net/shadowmage/ancientwarfare/structure/container/ContainerSpawnerAdvancedInventoryBase.java,12,import:net.minecraft.entity.player.EntityPlayer->net.minecraft.world.entity.player.Player=1; import:net.minecraft.inventory.Slot->net.minecraft.world.inventory.Slot=1; import:net.minecraft.item.ItemBlock->net.minecraft.world.item.BlockItem=1; import:net.minecraft.item.ItemStack->net.minecraft.world.item.ItemStack=1; import:net.minecraft.nbt.NBTTagCompound->net.minecraft.nbt.CompoundTag=1; type:EntityPlayer->Player=2; type:ItemBlock->BlockItem=3; type:NBTTagCompound->CompoundTag=2
src/main/java/net/shadowmage/ancientwarfare/structure/container/ContainerSpawnerAdvancedInventoryBlock.java,14,call:.getDistanceSq(->.distanceToSqr(=1; call:.isRemote->.isClientSide=3; import:net.minecraft.entity.player.EntityPlayer->net.minecraft.world.entity.player.Player=1; import:net.minecraft.entity.player.EntityPlayerMP->net.minecraft.server.level.ServerPlayer=1; import:net.minecraft.nbt.NBTTagCompound->net.minecraft.nbt.CompoundTag=1; import:net.minecraft.util.math.BlockPos->net.minecraft.core.BlockPos=1; type:EntityPlayer->Player=2; type:EntityPlayerMP->ServerPlayer=1; type:NBTTagCompound->CompoundTag=3
src/main/java/net/shadowmage/ancientwarfare/structure/container/ContainerSpawnerAdvancedInventoryItem.java,8,call:.getTagCompound()->.getTag()=2; call:.hasTagCompound()->.hasTag()=1; import:net.minecraft.entity.player.EntityPlayer->net.minecraft.world.entity.player.Player=1; import:net.minecraft.item.ItemStack->net.minecraft.world.item.ItemStack=1; import:net.minecraft.nbt.NBTTagCompound->net.minecraft.nbt.CompoundTag=1; type:EntityPlayer->Player=1; type:NBTTagCompound->CompoundTag=1
src/main/java/net/shadowmage/ancientwarfare/structure/container/ContainerStake.java,6,import:net.minecraft.entity.player.EntityPlayer->net.minecraft.world.entity.player.Player=1; import:net.minecraft.nbt.NBTTagCompound->net.minecraft.nbt.CompoundTag=1; import:net.minecraft.util.math.BlockPos->net.minecraft.core.BlockPos=1; type:EntityPlayer->Player=1; type:NBTTagCompound->CompoundTag=2
src/main/java/net/shadowmage/ancientwarfare/structure/container/ContainerStatue.java,7,call:.markDirty()->.setChanged()=1; import:net.minecraft.entity.player.EntityPlayer->net.minecraft.world.entity.player.Player=1; import:net.minecraft.nbt.NBTTagCompound->net.minecraft.nbt.CompoundTag=1; import:net.minecraft.util.math.BlockPos->net.minecraft.core.BlockPos=1; type:EntityPlayer->Player=1; type:NBTTagCompound->CompoundTag=2
src/main/java/net/shadowmage/ancientwarfare/structure/container/ContainerStructureScanner.java,31,call:.isRemote->.isClientSide=6; call:.markDirty()->.setChanged()=1; import:net.minecraft.entity.player.EntityPlayer->net.minecraft.world.entity.player.Player=1; import:net.minecraft.inventory.Slot->net.minecraft.world.inventory.Slot=1; import:net.minecraft.item.ItemStack->net.minecraft.world.item.ItemStack=1; import:net.minecraft.nbt.NBTBase->net.minecraft.nbt.Tag=1; import:net.minecraft.nbt.NBTTagByte->net.minecraft.nbt.ByteTag=1; import:net.minecraft.nbt.NBTTagCompound->net.minecraft.nbt.CompoundTag=1; import:net.minecraft.nbt.NBTTagString->net.minecraft.nbt.StringTag=1; import:net.minecraft.util.EnumHand->net.minecraft.world.InteractionHand=1; import:net.minecraft.util.math.BlockPos->net.minecraft.core.BlockPos=1; type:EntityPlayer->Player=2; type:EnumHand->InteractionHand=1; type:NBTBase->Tag=1; type:NBTTagByte->ByteTag=2; type:NBTTagCompound->CompoundTag=8; type:NBTTagString->StringTag=1
src/main/java/net/shadowmage/ancientwarfare/structure/container/ContainerStructureSelection.java,6,call:.isRemote->.isClientSide=1; import:net.minecraft.entity.player.EntityPlayer->net.minecraft.world.entity.player.Player=1; import:net.minecraft.item.ItemStack->net.minecraft.world.item.ItemStack=1; import:net.minecraft.nbt.NBTTagCompound->net.minecraft.nbt.CompoundTag=1; type:EntityPlayer->Player=1; type:NBTTagCompound->CompoundTag=1
src/main/java/net/shadowmage/ancientwarfare/structure/container/ContainerStructureSelectionBase.java,5,import:net.minecraft.entity.player.EntityPlayer->net.minecraft.world.entity.player.Player=1; import:net.minecraft.nbt.NBTTagCompound->net.minecraft.nbt.CompoundTag=1; type:EntityPlayer->Player=1; type:NBTTagCompound->CompoundTag=2
src/main/java/net/shadowmage/ancientwarfare/structure/container/ContainerTownSelection.java,11,call:.isRemote->.isClientSide=1; import:net.minecraft.entity.player.EntityPlayer->net.minecraft.world.entity.player.Player=1; import:net.minecraft.item.ItemStack->net.minecraft.world.item.ItemStack=1; import:net.minecraft.nbt.NBTTagCompound->net.minecraft.nbt.CompoundTag=1; import:net.minecraft.nbt.NBTTagInt->net.minecraft.nbt.IntTag=1; import:net.minecraft.nbt.NBTTagString->net.minecraft.nbt.StringTag=1; type:EntityPlayer->Player=1; type:NBTTagCompound->CompoundTag=1; type:NBTTagInt->IntTag=2; type:NBTTagString->StringTag=1
src/main/java/net/shadowmage/ancientwarfare/structure/datafixes/LootSettingsPotionRegistryNameFixer.java,10,import:net.minecraft.nbt.NBTTagCompound->net.minecraft.nbt.CompoundTag=1; import:net.minecraft.nbt.NBTTagList->net.minecraft.nbt.ListTag=1; import:net.minecraft.potion.Potion->net.minecraft.world.effect.MobEffect=1; type:NBTTagCompound->CompoundTag=6; type:NBTTagList->ListTag=1
src/main/java/net/shadowmage/ancientwarfare/structure/datafixes/TileLootFixer.java,6,import:net.minecraft.nbt.NBTTagCompound->net.minecraft.nbt.CompoundTag=1; import:net.minecraft.util.ResourceLocation->net.minecraft.resources.ResourceLocation=1; type:NBTTagCompound->CompoundTag=4
src/main/java/net/shadowmage/ancientwarfare/structure/datafixes/WoodenCoffinFixer.java,10,import:net.minecraft.block.Block->net.minecraft.world.level.block.Block=1; import:net.minecraft.item.Item->net.minecraft.world.item.Item=1; import:net.minecraft.nbt.NBTTagCompound->net.minecraft.nbt.CompoundTag=1; import:net.minecraftforge.fml.common.eventhandler.SubscribeEvent->net.minecraftforge.eventbus.api.SubscribeEvent=1; type:NBTTagCompound->CompoundTag=6
src/main/java/net/shadowmage/ancientwarfare/structure/entity/DualBoundingBox.java,24,import:net.minecraft.util.math.AxisAlignedBB->net.minecraft.world.phys.AABB=1; import:net.minecraft.util.math.BlockPos->net.minecraft.core.BlockPos=1; import:net.minecraft.util.math.RayTraceResult->net.minecraft.world.phys.HitResult=1; import:net.minecraft.util.math.Vec3d->net.minecraft.world.phys.Vec3=1; type:AxisAlignedBB->AABB=16; type:RayTraceResult->HitResult=1; type:Vec3d->Vec3=3
src/main/java/net/shadowmage/ancientwarfare/structure/entity/EntityGate.java,64,call:.getEntityBoundingBox()->.getBoundingBox()=1; call:.isRemote->.isClientSide=7; call:.setDead()->.discard()=1; call:.spawnEntity(->.addFreshEntity(=1; import:net.minecraft.entity.Entity->net.minecraft.world.entity.Entity=1; import:net.minecraft.entity.EntityLivingBase->net.minecraft.world.entity.LivingEntity=1; import:net.minecraft.entity.item.EntityItem->net.minecraft.world.entity.item.ItemEntity=1; import:net.minecraft.entity.player.EntityPlayer->net.minecraft.world.entity.player.Player=1; import:net.minecraft.item.Item->net.minecraft.world.item.Item=1; import:net.minecraft.item.ItemStack->net.minecraft.world.item.ItemStack=1; import:net.minecraft.nbt.NBTTagCompound->net.minecraft.nbt.CompoundTag=1; import:net.minecraft.util.EnumFacing->net.minecraft.core.Direction=1; import:net.minecraft.util.EnumHand->net.minecraft.world.InteractionHand=1; import:net.minecraft.util.SoundCategory->net.minecraft.sounds.SoundSource=1; import:net.minecraft.util.math.AxisAlignedBB->net.minecraft.world.phys.AABB=1; import:net.minecraft.util.math.BlockPos->net.minecraft.core.BlockPos=1; import:net.minecraft.util.math.MathHelper->net.minecraft.util.Mth=1; import:net.minecraft.util.math.RayTraceResult->net.minecraft.world.phys.HitResult=1; import:net.minecraft.world.World->net.minecraft.world.level.Level=1; import:net.minecraftforge.fml.common.registry.IEntityAdditionalSpawnData->net.minecraftforge.entity.IEntityAdditionalSpawnData=1; import:net.minecraftforge.fml.relauncher.Side->net.minecraftforge.api.distmarker.Dist=1; import:net.minecraftforge.fml.relauncher.SideOnly->net.minecraftforge.api.distmarker.OnlyIn=1; type:AxisAlignedBB->AABB=5; type:EntityItem->ItemEntity=2; type:EntityLivingBase->LivingEntity=3; type:EntityPlayer->Player=3; type:EnumFacing->Direction=4; type:EnumHand->InteractionHand=3; type:MathHelper->Mth=3; type:NBTTagCompound->CompoundTag=3; type:RayTraceResult->HitResult=1; type:Side->Dist=2; type:SideOnly->OnlyIn=2; type:SoundCategory->SoundSource=1; type:World->Level=4
src/main/java/net/shadowmage/ancientwarfare/structure/entity/EntitySeat.java,20,call:.isRemote->.isClientSide=2; import:net.minecraft.block.Block->net.minecraft.world.level.block.Block=1; import:net.minecraft.block.state.IBlockState->net.minecraft.world.level.block.state.BlockState=1; import:net.minecraft.entity.Entity->net.minecraft.world.entity.Entity=1; import:net.minecraft.entity.player.EntityPlayer->net.minecraft.world.entity.player.Player=1; import:net.minecraft.nbt.NBTTagCompound->net.minecraft.nbt.CompoundTag=1; import:net.minecraft.util.math.BlockPos->net.minecraft.core.BlockPos=1; import:net.minecraft.util.math.Vec3d->net.minecraft.world.phys.Vec3=1; import:net.minecraft.world.World->net.minecraft.world.level.Level=1; import:net.minecraftforge.fml.common.registry.IEntityAdditionalSpawnData->net.minecraftforge.entity.IEntityAdditionalSpawnData=1; type:EntityPlayer->Player=3; type:IBlockState->BlockState=1; type:NBTTagCompound->CompoundTag=2; type:Vec3d->Vec3=1; type:World->Level=2
src/main/java/net/shadowmage/ancientwarfare/structure/entity/RotateBoundingBox.java,12,import:net.minecraft.util.EnumFacing->net.minecraft.core.Direction=1; import:net.minecraft.util.math.AxisAlignedBB->net.minecraft.world.phys.AABB=1; import:net.minecraft.util.math.BlockPos->net.minecraft.core.BlockPos=1; import:net.minecraft.util.math.MathHelper->net.minecraft.util.Mth=1; type:AxisAlignedBB->AABB=2; type:EnumFacing->Direction=4; type:MathHelper->Mth=2
src/main/java/net/shadowmage/ancientwarfare/structure/event/EventHandler.java,4,import:net.minecraft.entity.player.EntityPlayerMP->net.minecraft.server.level.ServerPlayer=1; import:net.minecraft.world.chunk.Chunk->net.minecraft.world.level.chunk.LevelChunk=1; import:net.minecraftforge.fml.common.eventhandler.SubscribeEvent->net.minecraftforge.eventbus.api.SubscribeEvent=1; type:EntityPlayerMP->ServerPlayer=1
src/main/java/net/shadowmage/ancientwarfare/structure/event/IBoxRenderer.java,29,import:net.minecraft.entity.player.EntityPlayer->net.minecraft.world.entity.player.Player=1; import:net.minecraft.item.ItemStack->net.minecraft.world.item.ItemStack=1; import:net.minecraft.util.EnumHand->net.minecraft.world.InteractionHand=1; import:net.minecraft.util.math.AxisAlignedBB->net.minecraft.world.phys.AABB=1; import:net.minecraft.util.math.BlockPos->net.minecraft.core.BlockPos=1; import:net.minecraftforge.fml.relauncher.Side->net.minecraftforge.api.distmarker.Dist=1; import:net.minecraftforge.fml.relauncher.SideOnly->net.minecraftforge.api.distmarker.OnlyIn=1; type:AxisAlignedBB->AABB=8; type:EntityPlayer->Player=5; type:EnumHand->InteractionHand=1; type:Side->Dist=4; type:SideOnly->OnlyIn=4
src/main/java/net/shadowmage/ancientwarfare/structure/event/OneShotEntityDespawnListener.java,15,import:net.minecraft.block.state.IBlockState->net.minecraft.world.level.block.state.BlockState=1; import:net.minecraft.entity.Entity->net.minecraft.world.entity.Entity=1; import:net.minecraft.entity.EntityLivingBase->net.minecraft.world.entity.LivingEntity=1; import:net.minecraft.entity.player.EntityPlayer->net.minecraft.world.entity.player.Player=1; import:net.minecraft.util.SoundCategory->net.minecraft.sounds.SoundSource=1; import:net.minecraft.util.SoundEvent->net.minecraft.sounds.SoundEvent=1; import:net.minecraft.util.math.BlockPos->net.minecraft.core.BlockPos=1; import:net.minecraft.world.World->net.minecraft.world.level.Level=1; type:EntityLivingBase->LivingEntity=1; type:EntityPlayer->Player=2; type:IBlockState->BlockState=2; type:SoundCategory->SoundSource=1; type:World->Level=1
src/main/java/net/shadowmage/ancientwarfare/structure/gamedata/StructureEntry.java,7,call:.markDirty()->.setChanged()=1; import:net.minecraft.nbt.NBTTagCompound->net.minecraft.nbt.CompoundTag=1; import:net.minecraft.util.EnumFacing->net.minecraft.core.Direction=1; import:net.minecraft.util.math.BlockPos->net.minecraft.core.BlockPos=1; type:EnumFacing->Direction=1; type:NBTTagCompound->CompoundTag=2
src/main/java/net/shadowmage/ancientwarfare/structure/gamedata/StructureMap.java,42,import:net.minecraft.nbt.NBTTagCompound->net.minecraft.nbt.CompoundTag=1; import:net.minecraft.nbt.NBTTagList->net.minecraft.nbt.ListTag=1; import:net.minecraft.nbt.NBTTagString->net.minecraft.nbt.StringTag=1; import:net.minecraft.util.math.BlockPos->net.minecraft.core.BlockPos=1; import:net.minecraft.util.math.ChunkPos->net.minecraft.world.level.ChunkPos=1; import:net.minecraft.world.World->net.minecraft.world.level.Level=1; import:net.minecraft.world.storage.WorldSavedData->net.minecraft.world.level.saveddata.SavedData=1; type:NBTTagCompound->CompoundTag=18; type:NBTTagList->ListTag=9; type:NBTTagString->StringTag=1; type:World->Level=7
src/main/java/net/shadowmage/ancientwarfare/structure/gamedata/TownEntry.java,7,call:.markDirty()->.setChanged()=1; import:net.minecraft.nbt.NBTTagCompound->net.minecraft.nbt.CompoundTag=1; import:net.minecraft.util.math.BlockPos->net.minecraft.core.BlockPos=1; type:NBTTagCompound->CompoundTag=4
src/main/java/net/shadowmage/ancientwarfare/structure/gamedata/TownMap.java,18,import:net.minecraft.nbt.NBTBase->net.minecraft.nbt.Tag=1; import:net.minecraft.nbt.NBTTagCompound->net.minecraft.nbt.CompoundTag=1; import:net.minecraft.nbt.NBTTagList->net.minecraft.nbt.ListTag=1; import:net.minecraft.util.math.BlockPos->net.minecraft.core.BlockPos=1; import:net.minecraft.util.math.ChunkPos->net.minecraft.world.level.ChunkPos=1; import:net.minecraft.world.World->net.minecraft.world.level.Level=1; import:net.minecraft.world.storage.WorldSavedData->net.minecraft.world.level.saveddata.SavedData=1; type:NBTBase->Tag=1; type:NBTTagCompound->CompoundTag=5; type:NBTTagList->ListTag=4; type:World->Level=1
src/main/java/net/shadowmage/ancientwarfare/structure/gates/IGateType.java,3,import:net.minecraft.item.ItemStack->net.minecraft.world.item.ItemStack=1; import:net.minecraft.util.ResourceLocation->net.minecraft.resources.ResourceLocation=1; import:net.minecraft.util.math.BlockPos->net.minecraft.core.BlockPos=1
src/main/java/net/shadowmage/ancientwarfare/structure/gates/types/Gate.java,26,call:.getDefaultState()->.defaultBlockState()=1; call:.getEntityBoundingBox()->.getBoundingBox()=1; call:.isRemote->.isClientSide=1; import:net.minecraft.block.Block->net.minecraft.world.level.block.Block=1; import:net.minecraft.block.state.IBlockState->net.minecraft.world.level.block.state.BlockState=1; import:net.minecraft.entity.Entity->net.minecraft.world.entity.Entity=1; import:net.minecraft.init.SoundEvents->net.minecraft.sounds.SoundEvents=1; import:net.minecraft.item.ItemStack->net.minecraft.world.item.ItemStack=1; import:net.minecraft.util.EnumFacing->net.minecraft.core.Direction=1; import:net.minecraft.util.ResourceLocation->net.minecraft.resources.ResourceLocation=1; import:net.minecraft.util.SoundEvent->net.minecraft.sounds.SoundEvent=1; import:net.minecraft.util.math.AxisAlignedBB->net.minecraft.world.phys.AABB=1; import:net.minecraft.util.math.BlockPos->net.minecraft.core.BlockPos=1; import:net.minecraft.world.World->net.minecraft.world.level.Level=1; type:AxisAlignedBB->AABB=4; type:EnumFacing->Direction=6; type:IBlockState->BlockState=1; type:World->Level=1
src/main/java/net/shadowmage/ancientwarfare/structure/gates/types/GateDouble.java,4,import:net.minecraft.util.SoundEvent->net.minecraft.sounds.SoundEvent=1; import:net.minecraft.util.math.AxisAlignedBB->net.minecraft.world.phys.AABB=1; import:net.minecraft.util.math.BlockPos->net.minecraft.core.BlockPos=1; type:AxisAlignedBB->AABB=1
src/main/java/net/shadowmage/ancientwarfare/structure/gates/types/GateRotatingBridge.java,12,call:.getEntityBoundingBox()->.getBoundingBox()=3; import:net.minecraft.block.Block->net.minecraft.world.level.block.Block=1; import:net.minecraft.entity.Entity->net.minecraft.world.entity.Entity=1; import:net.minecraft.util.SoundEvent->net.minecraft.sounds.SoundEvent=1; import:net.minecraft.util.math.AxisAlignedBB->net.minecraft.world.phys.AABB=1; import:net.minecraft.util.math.BlockPos->net.minecraft.core.BlockPos=1; type:AxisAlignedBB->AABB=4
src/main/java/net/shadowmage/ancientwarfare/structure/gates/types/GateSingle.java,4,import:net.minecraft.util.SoundEvent->net.minecraft.sounds.SoundEvent=1; import:net.minecraft.util.math.AxisAlignedBB->net.minecraft.world.phys.AABB=1; import:net.minecraft.util.math.BlockPos->net.minecraft.core.BlockPos=1; type:AxisAlignedBB->AABB=1
src/main/java/net/shadowmage/ancientwarfare/structure/gui/GuiDimensionSelection.java,1,import:net.minecraft.client.resources.I18n->net.minecraft.client.resources.language.I18n=1
src/main/java/net/shadowmage/ancientwarfare/structure/gui/GuiDraftingStation.java,1,import:net.minecraft.item.ItemStack->net.minecraft.world.item.ItemStack=1
src/main/java/net/shadowmage/ancientwarfare/structure/gui/GuiLootChestPlacer.java,10,import:net.minecraft.init.MobEffects->net.minecraft.world.effect.MobEffects=1; import:net.minecraft.item.ItemStack->net.minecraft.world.item.ItemStack=1; import:net.minecraft.nbt.JsonToNBT->net.minecraft.nbt.TagParser=1; import:net.minecraft.nbt.NBTTagCompound->net.minecraft.nbt.CompoundTag=1; import:net.minecraft.potion.Potion->net.minecraft.world.effect.MobEffect=1; import:net.minecraft.potion.PotionEffect->net.minecraft.world.effect.MobEffectInstance=1; import:net.minecraft.util.ResourceLocation->net.minecraft.resources.ResourceLocation=1; import:net.minecraftforge.fml.common.registry.ForgeRegistries->net.minecraftforge.registries.ForgeRegistries=1; type:JsonToNBT->TagParser=1; type:NBTTagCompound->CompoundTag=1
src/main/java/net/shadowmage/ancientwarfare/structure/gui/GuiModSelection.java,1,import:net.minecraft.client.resources.I18n->net.minecraft.client.resources.language.I18n=1
src/main/java/net/shadowmage/ancientwarfare/structure/gui/GuiSoundSelect.java,2,import:net.minecraft.util.ResourceLocation->net.minecraft.resources.ResourceLocation=1; import:net.minecraftforge.fml.common.registry.ForgeRegistries->net.minecraftforge.registries.ForgeRegistries=1
src/main/java/net/shadowmage/ancientwarfare/structure/gui/GuiSpawnerAdvancedAddEntity.java,5,import:net.minecraft.nbt.JsonToNBT->net.minecraft.nbt.TagParser=1; import:net.minecraft.nbt.NBTTagCompound->net.minecraft.nbt.CompoundTag=1; type:JsonToNBT->TagParser=1; type:NBTTagCompound->CompoundTag=2
src/main/java/net/shadowmage/ancientwarfare/structure/gui/GuiSpawnerAdvancedEntitySelection.java,3,import:net.minecraft.client.resources.I18n->net.minecraft.client.resources.language.I18n=1; import:net.minecraft.util.ResourceLocation->net.minecraft.resources.ResourceLocation=1; import:net.minecraftforge.fml.common.registry.ForgeRegistries->net.minecraftforge.registries.ForgeRegistries=1
src/main/java/net/shadowmage/ancientwarfare/structure/gui/GuiStake.java,2,import:net.minecraft.util.ResourceLocation->net.minecraft.resources.ResourceLocation=1; import:net.minecraftforge.fml.common.registry.ForgeRegistries->net.minecraftforge.registries.ForgeRegistries=1
src/main/java/net/shadowmage/ancientwarfare/structure/gui/GuiStructureBiomeSelection.java,2,import:net.minecraft.client.resources.I18n->net.minecraft.client.resources.language.I18n=1; import:net.minecraft.world.biome.Biome->net.minecraft.world.level.biome.Biome=1
src/main/java/net/shadowmage/ancientwarfare/structure/gui/GuiStructureScanner.java,10,import:net.minecraft.client.resources.I18n->net.minecraft.client.resources.language.I18n=1; import:net.minecraft.inventory.Container->net.minecraft.world.inventory.AbstractContainerMenu=1; import:net.minecraft.inventory.IInventory->net.minecraft.world.Container=1; import:net.minecraft.item.ItemStack->net.minecraft.world.item.ItemStack=1; import:net.minecraft.util.NonNullList->net.minecraft.core.NonNullList=1; type:Container->AbstractContainerMenu=4; type:IInventory->Container=1
src/main/java/net/shadowmage/ancientwarfare/structure/gui/GuiStructureValidationSettings.java,3,import:net.minecraft.client.resources.I18n->net.minecraft.client.resources.language.I18n=1; import:net.minecraft.util.ResourceLocation->net.minecraft.resources.ResourceLocation=1; import:net.minecraftforge.fml.common.registry.ForgeRegistries->net.minecraftforge.registries.ForgeRegistries=1
src/main/java/net/shadowmage/ancientwarfare/structure/init/AWStructureBlocks.java,9,import:net.minecraft.block.Block->net.minecraft.world.level.block.Block=1; import:net.minecraft.item.Item->net.minecraft.world.item.Item=1; import:net.minecraft.item.ItemStack->net.minecraft.world.item.ItemStack=1; import:net.minecraft.tileentity.TileEntity->net.minecraft.world.level.block.entity.BlockEntity=1; import:net.minecraft.util.NonNullList->net.minecraft.core.NonNullList=1; import:net.minecraft.util.ResourceLocation->net.minecraft.resources.ResourceLocation=1; import:net.minecraft.util.math.Vec3i->net.minecraft.core.Vec3i=1; import:net.minecraftforge.fml.common.eventhandler.SubscribeEvent->net.minecraftforge.eventbus.api.SubscribeEvent=1; type:TileEntity->BlockEntity=1
src/main/java/net/shadowmage/ancientwarfare/structure/init/AWStructureItems.java,2,import:net.minecraft.item.Item->net.minecraft.world.item.Item=1; import:net.minecraftforge.fml.common.eventhandler.SubscribeEvent->net.minecraftforge.eventbus.api.SubscribeEvent=1
src/main/java/net/shadowmage/ancientwarfare/structure/init/AWStructureSoundTypes.java,2,import:net.minecraft.block.SoundType->net.minecraft.world.level.block.SoundType=1; import:net.minecraft.init.SoundEvents->net.minecraft.sounds.SoundEvents=1
src/main/java/net/shadowmage/ancientwarfare/structure/init/AWStructureSounds.java,3,import:net.minecraft.util.ResourceLocation->net.minecraft.resources.ResourceLocation=1; import:net.minecraft.util.SoundEvent->net.minecraft.sounds.SoundEvent=1; import:net.minecraftforge.fml.common.eventhandler.SubscribeEvent->net.minecraftforge.eventbus.api.SubscribeEvent=1
src/main/java/net/shadowmage/ancientwarfare/structure/item/FloodFillPathfinder.java,9,import:net.minecraft.block.Block->net.minecraft.world.level.block.Block=1; import:net.minecraft.block.state.IBlockState->net.minecraft.world.level.block.state.BlockState=1; import:net.minecraft.util.math.BlockPos->net.minecraft.core.BlockPos=1; import:net.minecraft.world.World->net.minecraft.world.level.Level=1; type:IBlockState->BlockState=3; type:World->Level=2
src/main/java/net/shadowmage/ancientwarfare/structure/item/ItemBaseStructure.java,4,import:net.minecraftforge.fml.relauncher.Side->net.minecraftforge.api.distmarker.Dist=1; import:net.minecraftforge.fml.relauncher.SideOnly->net.minecraftforge.api.distmarker.OnlyIn=1; type:Side->Dist=1; type:SideOnly->OnlyIn=1
src/main/java/net/shadowmage/ancientwarfare/structure/item/ItemBlockAdvancedSpawner.java,31,call:.getTagCompound()->.getTag()=4; call:.hasTagCompound()->.hasTag()=2; call:.isRemote->.isClientSide=1; import:net.minecraft.block.Block->net.minecraft.world.level.block.Block=1; import:net.minecraft.block.state.IBlockState->net.minecraft.world.level.block.state.BlockState=1; import:net.minecraft.client.resources.I18n->net.minecraft.client.resources.language.I18n=1; import:net.minecraft.client.util.ITooltipFlag->net.minecraft.world.item.TooltipFlag=1; import:net.minecraft.entity.player.EntityPlayer->net.minecraft.world.entity.player.Player=1; import:net.minecraft.item.ItemStack->net.minecraft.world.item.ItemStack=1; import:net.minecraft.nbt.NBTTagCompound->net.minecraft.nbt.CompoundTag=1; import:net.minecraft.util.EnumFacing->net.minecraft.core.Direction=1; import:net.minecraft.util.math.BlockPos->net.minecraft.core.BlockPos=1; import:net.minecraft.world.World->net.minecraft.world.level.Level=1; import:net.minecraftforge.fml.relauncher.Side->net.minecraftforge.api.distmarker.Dist=1; import:net.minecraftforge.fml.relauncher.SideOnly->net.minecraftforge.api.distmarker.OnlyIn=1; type:EntityPlayer->Player=3; type:EnumFacing->Direction=1; type:IBlockState->BlockState=1; type:ITooltipFlag->TooltipFlag=1; type:NBTTagCompound->CompoundTag=2; type:Side->Dist=1; type:SideOnly->OnlyIn=1; type:World->Level=2
src/main/java/net/shadowmage/ancientwarfare/structure/item/ItemBlockBrazierEmber.java,4,call:.getTagCompound()->.getTag()=1; call:.hasTagCompound()->.hasTag()=1; import:net.minecraft.block.Block->net.minecraft.world.level.block.Block=1; import:net.minecraft.item.ItemStack->net.minecraft.world.item.ItemStack=1
src/main/java/net/shadowmage/ancientwarfare/structure/item/ItemBlockBrazierFlame.java,4,call:.getTagCompound()->.getTag()=1; call:.hasTagCompound()->.hasTag()=1; import:net.minecraft.block.Block->net.minecraft.world.level.block.Block=1; import:net.minecraft.item.ItemStack->net.minecraft.world.item.ItemStack=1
src/main/java/net/shadowmage/ancientwarfare/structure/item/ItemBlockChair.java,12,import:net.minecraft.block.Block->net.minecraft.world.level.block.Block=1; import:net.minecraft.entity.player.EntityPlayer->net.minecraft.world.entity.player.Player=1; import:net.minecraft.util.EnumActionResult->net.minecraft.world.InteractionResult=1; import:net.minecraft.util.EnumFacing->net.minecraft.core.Direction=1; import:net.minecraft.util.EnumHand->net.minecraft.world.InteractionHand=1; import:net.minecraft.util.math.BlockPos->net.minecraft.core.BlockPos=1; import:net.minecraft.world.World->net.minecraft.world.level.Level=1; type:EntityPlayer->Player=1; type:EnumActionResult->InteractionResult=1; type:EnumFacing->Direction=1; type:EnumHand->InteractionHand=1; type:World->Level=1
src/main/java/net/shadowmage/ancientwarfare/structure/item/ItemBlockCoffin.java,23,call:.getDefaultState()->.defaultBlockState()=1; import:net.minecraft.block.Block->net.minecraft.world.level.block.Block=1; import:net.minecraft.block.state.IBlockState->net.minecraft.world.level.block.state.BlockState=1; import:net.minecraft.entity.player.EntityPlayer->net.minecraft.world.entity.player.Player=1; import:net.minecraft.init.Blocks->net.minecraft.world.level.block.Blocks=1; import:net.minecraft.util.EnumActionResult->net.minecraft.world.InteractionResult=1; import:net.minecraft.util.EnumFacing->net.minecraft.core.Direction=1; import:net.minecraft.util.EnumHand->net.minecraft.world.InteractionHand=1; import:net.minecraft.util.math.AxisAlignedBB->net.minecraft.world.phys.AABB=1; import:net.minecraft.util.math.BlockPos->net.minecraft.core.BlockPos=1; import:net.minecraft.world.World->net.minecraft.world.level.Level=1; type:AxisAlignedBB->AABB=1; type:EntityPlayer->Player=2; type:EnumActionResult->InteractionResult=1; type:EnumFacing->Direction=3; type:EnumHand->InteractionHand=1; type:IBlockState->BlockState=1; type:World->Level=3
src/main/java/net/shadowmage/ancientwarfare/structure/item/ItemBlockColored.java,32,call:.getTagCompound()->.getTag()=4; call:.hasTagCompound()->.hasTag()=3; call:.setTagCompound(->.setTag(=1; import:net.minecraft.block.Block->net.minecraft.world.level.block.Block=1; import:net.minecraft.block.state.IBlockState->net.minecraft.world.level.block.state.BlockState=1; import:net.minecraft.entity.player.EntityPlayer->net.minecraft.world.entity.player.Player=1; import:net.minecraft.item.ItemStack->net.minecraft.world.item.ItemStack=1; import:net.minecraft.nbt.NBTTagCompound->net.minecraft.nbt.CompoundTag=1; import:net.minecraft.nbt.NBTTagInt->net.minecraft.nbt.IntTag=1; import:net.minecraft.util.EnumFacing->net.minecraft.core.Direction=1; import:net.minecraft.util.NonNullList->net.minecraft.core.NonNullList=1; import:net.minecraft.util.math.BlockPos->net.minecraft.core.BlockPos=1; import:net.minecraft.world.World->net.minecraft.world.level.Level=1; import:net.minecraftforge.fml.relauncher.Side->net.minecraftforge.api.distmarker.Dist=1; import:net.minecraftforge.fml.relauncher.SideOnly->net.minecraftforge.api.distmarker.OnlyIn=1; type:EntityPlayer->Player=1; type:EnumFacing->Direction=1; type:IBlockState->BlockState=1; type:NBTTagCompound->CompoundTag=5; type:NBTTagInt->IntTag=1; type:Side->Dist=1; type:SideOnly->OnlyIn=1; type:World->Level=1
src/main/java/net/shadowmage/ancientwarfare/structure/item/ItemBlockFirePit.java,5,call:.getTagCompound()->.getTag()=2; call:.hasTagCompound()->.hasTag()=1; import:net.minecraft.block.Block->net.minecraft.world.level.block.Block=1; import:net.minecraft.item.ItemStack->net.minecraft.world.item.ItemStack=1
src/main/java/net/shadowmage/ancientwarfare/structure/item/ItemBlockFlag.java,4,call:.getTagCompound()->.getTag()=1; call:.hasTagCompound()->.hasTag()=1; import:net.minecraft.block.Block->net.minecraft.world.level.block.Block=1; import:net.minecraft.item.ItemStack->net.minecraft.world.item.ItemStack=1
src/main/java/net/shadowmage/ancientwarfare/structure/item/ItemBlockGravestone.java,6,call:.getTagCompound()->.getTag()=1; call:.hasTagCompound()->.hasTag()=2; call:.setTagCompound(->.setTag(=1; import:net.minecraft.block.Block->net.minecraft.world.level.block.Block=1; import:net.minecraft.item.ItemStack->net.minecraft.world.item.ItemStack=1
src/main/java/net/shadowmage/ancientwarfare/structure/item/ItemBlockInfo.java,17,call:.isRemote->.isClientSide=1; import:net.minecraft.block.Block->net.minecraft.world.level.block.Block=1; import:net.minecraft.block.state.IBlockState->net.minecraft.world.level.block.state.BlockState=1; import:net.minecraft.entity.player.EntityPlayer->net.minecraft.world.entity.player.Player=1; import:net.minecraft.item.ItemStack->net.minecraft.world.item.ItemStack=1; import:net.minecraft.util.ActionResult->net.minecraft.world.InteractionResultHolder=1; import:net.minecraft.util.EnumActionResult->net.minecraft.world.InteractionResult=1; import:net.minecraft.util.EnumHand->net.minecraft.world.InteractionHand=1; import:net.minecraft.util.math.BlockPos->net.minecraft.core.BlockPos=1; import:net.minecraft.world.World->net.minecraft.world.level.Level=1; type:ActionResult->InteractionResultHolder=2; type:EntityPlayer->Player=1; type:EnumActionResult->InteractionResult=1; type:EnumHand->InteractionHand=1; type:IBlockState->BlockState=1; type:World->Level=1
src/main/java/net/shadowmage/ancientwarfare/structure/item/ItemBlockPosts.java,26,call:.getDefaultState()->.defaultBlockState()=1; import:net.minecraft.block.Block->net.minecraft.world.level.block.Block=1; import:net.minecraft.block.state.IBlockState->net.minecraft.world.level.block.state.BlockState=1; import:net.minecraft.entity.player.EntityPlayer->net.minecraft.world.entity.player.Player=1; import:net.minecraft.init.Blocks->net.minecraft.world.level.block.Blocks=1; import:net.minecraft.util.EnumActionResult->net.minecraft.world.InteractionResult=1; import:net.minecraft.util.EnumFacing->net.minecraft.core.Direction=1; import:net.minecraft.util.EnumHand->net.minecraft.world.InteractionHand=1; import:net.minecraft.util.math.AxisAlignedBB->net.minecraft.world.phys.AABB=1; import:net.minecraft.util.math.BlockPos->net.minecraft.core.BlockPos=1; import:net.minecraft.world.World->net.minecraft.world.level.Level=1; type:AxisAlignedBB->AABB=1; type:EntityPlayer->Player=2; type:EnumActionResult->InteractionResult=1; type:EnumFacing->Direction=5; type:EnumHand->InteractionHand=1; type:IBlockState->BlockState=1; type:World->Level=4
src/main/java/net/shadowmage/ancientwarfare/structure/item/ItemBlockStoneCoffin.java,18,call:.getTagCompound()->.getTag()=2; call:.hasTagCompound()->.hasTag()=2; call:.setTagCompound(->.setTag(=1; import:net.minecraft.block.Block->net.minecraft.world.level.block.Block=1; import:net.minecraft.entity.player.EntityPlayer->net.minecraft.world.entity.player.Player=1; import:net.minecraft.item.ItemStack->net.minecraft.world.item.ItemStack=1; import:net.minecraft.util.EnumFacing->net.minecraft.core.Direction=1; import:net.minecraft.util.math.BlockPos->net.minecraft.core.BlockPos=1; import:net.minecraft.world.World->net.minecraft.world.level.Level=1; type:EntityPlayer->Player=2; type:EnumFacing->Direction=3; type:World->Level=2
src/main/java/net/shadowmage/ancientwarfare/structure/item/ItemBlockStretchingRack.java,28,call:.getDefaultState()->.defaultBlockState()=1; import:net.minecraft.block.Block->net.minecraft.world.level.block.Block=1; import:net.minecraft.block.state.IBlockState->net.minecraft.world.level.block.state.BlockState=1; import:net.minecraft.entity.EntityLivingBase->net.minecraft.world.entity.LivingEntity=1; import:net.minecraft.entity.player.EntityPlayer->net.minecraft.world.entity.player.Player=1; import:net.minecraft.init.Blocks->net.minecraft.world.level.block.Blocks=1; import:net.minecraft.util.EnumActionResult->net.minecraft.world.InteractionResult=1; import:net.minecraft.util.EnumFacing->net.minecraft.core.Direction=1; import:net.minecraft.util.EnumHand->net.minecraft.world.InteractionHand=1; import:net.minecraft.util.math.AxisAlignedBB->net.minecraft.world.phys.AABB=1; import:net.minecraft.util.math.BlockPos->net.minecraft.core.BlockPos=1; import:net.minecraft.world.World->net.minecraft.world.level.Level=1; type:AxisAlignedBB->AABB=1; type:EntityLivingBase->LivingEntity=1; type:EntityPlayer->Player=2; type:EnumActionResult->InteractionResult=1; type:EnumFacing->Direction=5; type:EnumHand->InteractionHand=1; type:IBlockState->BlockState=1; type:World->Level=4
src/main/java/net/shadowmage/ancientwarfare/structure/item/ItemBlockStructureBuilder.java,42,call:.getTagCompound()->.getTag()=6; call:.hasTagCompound()->.hasTag()=3; call:.isRemote->.isClientSide=1; import:net.minecraft.block.Block->net.minecraft.world.level.block.Block=1; import:net.minecraft.block.state.IBlockState->net.minecraft.world.level.block.state.BlockState=1; import:net.minecraft.client.resources.I18n->net.minecraft.client.resources.language.I18n=1; import:net.minecraft.client.util.ITooltipFlag->net.minecraft.world.item.TooltipFlag=1; import:net.minecraft.entity.player.EntityPlayer->net.minecraft.world.entity.player.Player=1; import:net.minecraft.item.ItemStack->net.minecraft.world.item.ItemStack=1; import:net.minecraft.nbt.NBTTagCompound->net.minecraft.nbt.CompoundTag=1; import:net.minecraft.util.EnumFacing->net.minecraft.core.Direction=1; import:net.minecraft.util.EnumHand->net.minecraft.world.InteractionHand=1; import:net.minecraft.util.math.BlockPos->net.minecraft.core.BlockPos=1; import:net.minecraft.world.World->net.minecraft.world.level.Level=1; import:net.minecraftforge.fml.relauncher.Side->net.minecraftforge.api.distmarker.Dist=1; import:net.minecraftforge.fml.relauncher.SideOnly->net.minecraftforge.api.distmarker.OnlyIn=1; type:EntityPlayer->Player=3; type:EnumFacing->Direction=4; type:EnumHand->InteractionHand=1; type:IBlockState->BlockState=1; type:ITooltipFlag->TooltipFlag=1; type:NBTTagCompound->CompoundTag=1; type:Side->Dist=2; type:SideOnly->OnlyIn=2; type:World->Level=4
src/main/java/net/shadowmage/ancientwarfare/structure/item/ItemBlockTotemPart.java,17,call:.getTagCompound()->.getTag()=2; call:.hasTagCompound()->.hasTag()=2; import:net.minecraft.block.Block->net.minecraft.world.level.block.Block=1; import:net.minecraft.entity.player.EntityPlayer->net.minecraft.world.entity.player.Player=1; import:net.minecraft.item.ItemStack->net.minecraft.world.item.ItemStack=1; import:net.minecraft.util.EnumFacing->net.minecraft.core.Direction=1; import:net.minecraft.util.math.BlockPos->net.minecraft.core.BlockPos=1; import:net.minecraft.world.World->net.minecraft.world.level.Level=1; import:net.minecraftforge.fml.relauncher.Side->net.minecraftforge.api.distmarker.Dist=1; import:net.minecraftforge.fml.relauncher.SideOnly->net.minecraftforge.api.distmarker.OnlyIn=1; type:EntityPlayer->Player=1; type:EnumFacing->Direction=1; type:Side->Dist=1; type:SideOnly->OnlyIn=1; type:World->Level=1
src/main/java/net/shadowmage/ancientwarfare/structure/item/ItemBlockWoodenCoffin.java,25,call:.getTagCompound()->.getTag()=2; call:.hasTagCompound()->.hasTag()=2; call:.setTagCompound(->.setTag(=1; import:net.minecraft.block.Block->net.minecraft.world.level.block.Block=1; import:net.minecraft.entity.EntityLivingBase->net.minecraft.world.entity.LivingEntity=1; import:net.minecraft.entity.player.EntityPlayer->net.minecraft.world.entity.player.Player=1; import:net.minecraft.item.ItemStack->net.minecraft.world.item.ItemStack=1; import:net.minecraft.util.EnumFacing->net.minecraft.core.Direction=1; import:net.minecraft.util.math.BlockPos->net.minecraft.core.BlockPos=1; import:net.minecraft.world.World->net.minecraft.world.level.Level=1; type:EntityLivingBase->LivingEntity=1; type:EntityPlayer->Player=2; type:EnumFacing->Direction=6; type:World->Level=4
src/main/java/net/shadowmage/ancientwarfare/structure/item/ItemConstructionTool.java,49,call:.getTagCompound()->.getTag()=2; call:.hasTagCompound()->.hasTag()=1; call:.isRemote->.isClientSide=1; import:net.minecraft.block.Block->net.minecraft.world.level.block.Block=1; import:net.minecraft.block.state.IBlockState->net.minecraft.world.level.block.state.BlockState=1; import:net.minecraft.client.resources.I18n->net.minecraft.client.resources.language.I18n=1; import:net.minecraft.client.util.ITooltipFlag->net.minecraft.world.item.TooltipFlag=1; import:net.minecraft.entity.player.EntityPlayer->net.minecraft.world.entity.player.Player=1; import:net.minecraft.item.ItemStack->net.minecraft.world.item.ItemStack=1; import:net.minecraft.nbt.NBTTagCompound->net.minecraft.nbt.CompoundTag=1; import:net.minecraft.util.ActionResult->net.minecraft.world.InteractionResultHolder=1; import:net.minecraft.util.EnumActionResult->net.minecraft.world.InteractionResult=1; import:net.minecraft.util.EnumHand->net.minecraft.world.InteractionHand=1; import:net.minecraft.util.math.BlockPos->net.minecraft.core.BlockPos=1; import:net.minecraft.world.World->net.minecraft.world.level.Level=1; import:net.minecraftforge.fml.relauncher.Side->net.minecraftforge.api.distmarker.Dist=1; import:net.minecraftforge.fml.relauncher.SideOnly->net.minecraftforge.api.distmarker.OnlyIn=1; type:ActionResult->InteractionResultHolder=4; type:EntityPlayer->Player=8; type:EnumActionResult->InteractionResult=3; type:EnumHand->InteractionHand=2; type:IBlockState->BlockState=3; type:ITooltipFlag->TooltipFlag=1; type:NBTTagCompound->CompoundTag=4; type:Side->Dist=2; type:SideOnly->OnlyIn=2; type:World->Level=2
src/main/java/net/shadowmage/ancientwarfare/structure/item/ItemConstructionToolLakes.java,24,call:.getDefaultState()->.defaultBlockState()=1; call:.isRemote->.isClientSide=1; import:net.minecraft.block.state.IBlockState->net.minecraft.world.level.block.state.BlockState=1; import:net.minecraft.entity.player.EntityPlayer->net.minecraft.world.entity.player.Player=1; import:net.minecraft.init.Blocks->net.minecraft.world.level.block.Blocks=1; import:net.minecraft.item.ItemStack->net.minecraft.world.item.ItemStack=1; import:net.minecraft.util.ActionResult->net.minecraft.world.InteractionResultHolder=1; import:net.minecraft.util.EnumActionResult->net.minecraft.world.InteractionResult=1; import:net.minecraft.util.EnumHand->net.minecraft.world.InteractionHand=1; import:net.minecraft.util.math.BlockPos->net.minecraft.core.BlockPos=1; import:net.minecraft.world.World->net.minecraft.world.level.Level=1; type:ActionResult->InteractionResultHolder=5; type:EntityPlayer->Player=1; type:EnumActionResult->InteractionResult=4; type:EnumHand->InteractionHand=1; type:IBlockState->BlockState=1; type:World->Level=1
src/main/java/net/shadowmage/ancientwarfare/structure/item/ItemGateSpawner.java,69,call:.getItemDamage()->.getDamageValue()=3; call:.getTagCompound()->.getTag()=7; call:.hasTagCompound()->.hasTag()=3; call:.isRemote->.isClientSide=1; call:.setTagCompound(->.setTag(=2; call:.spawnEntity(->.addFreshEntity(=1; import:net.minecraft.client.resources.I18n->net.minecraft.client.resources.language.I18n=1; import:net.minecraft.client.util.ITooltipFlag->net.minecraft.world.item.TooltipFlag=1; import:net.minecraft.entity.player.EntityPlayer->net.minecraft.world.entity.player.Player=1; import:net.minecraft.item.ItemStack->net.minecraft.world.item.ItemStack=1; import:net.minecraft.nbt.NBTTagCompound->net.minecraft.nbt.CompoundTag=1; import:net.minecraft.util.ActionResult->net.minecraft.world.InteractionResultHolder=1; import:net.minecraft.util.EnumActionResult->net.minecraft.world.InteractionResult=1; import:net.minecraft.util.EnumHand->net.minecraft.world.InteractionHand=1; import:net.minecraft.util.NonNullList->net.minecraft.core.NonNullList=1; import:net.minecraft.util.ResourceLocation->net.minecraft.resources.ResourceLocation=1; import:net.minecraft.util.math.AxisAlignedBB->net.minecraft.world.phys.AABB=1; import:net.minecraft.util.math.BlockPos->net.minecraft.core.BlockPos=1; import:net.minecraft.world.World->net.minecraft.world.level.Level=1; import:net.minecraftforge.fml.relauncher.Side->net.minecraftforge.api.distmarker.Dist=1; import:net.minecraftforge.fml.relauncher.SideOnly->net.minecraftforge.api.distmarker.OnlyIn=1; type:ActionResult->InteractionResultHolder=5; type:AxisAlignedBB->AABB=4; type:EntityPlayer->Player=4; type:EnumActionResult->InteractionResult=4; type:EnumHand->InteractionHand=2; type:ITooltipFlag->TooltipFlag=1; type:NBTTagCompound->CompoundTag=8; type:Side->Dist=3; type:SideOnly->OnlyIn=3; type:World->Level=3
src/main/java/net/shadowmage/ancientwarfare/structure/item/ItemLootChestPlacer.java,70,call:.getTagCompound()->.getTag()=3; call:.hasTagCompound()->.hasTag()=2; call:.isRemote->.isClientSide=3; call:.setDead()->.discard()=1; import:net.minecraft.block.Block->net.minecraft.world.level.block.Block=1; import:net.minecraft.block.state.IBlockState->net.minecraft.world.level.block.state.BlockState=1; import:net.minecraft.client.resources.I18n->net.minecraft.client.resources.language.I18n=1; import:net.minecraft.client.util.ITooltipFlag->net.minecraft.world.item.TooltipFlag=1; import:net.minecraft.entity.Entity->net.minecraft.world.entity.Entity=1; import:net.minecraft.entity.player.EntityPlayer->net.minecraft.world.entity.player.Player=1; import:net.minecraft.item.ItemBlock->net.minecraft.world.item.BlockItem=1; import:net.minecraft.item.ItemStack->net.minecraft.world.item.ItemStack=1; import:net.minecraft.nbt.NBTTagCompound->net.minecraft.nbt.CompoundTag=1; import:net.minecraft.nbt.NBTTagString->net.minecraft.nbt.StringTag=1; import:net.minecraft.util.ActionResult->net.minecraft.world.InteractionResultHolder=1; import:net.minecraft.util.EnumActionResult->net.minecraft.world.InteractionResult=1; import:net.minecraft.util.EnumFacing->net.minecraft.core.Direction=1; import:net.minecraft.util.EnumHand->net.minecraft.world.InteractionHand=1; import:net.minecraft.util.math.BlockPos->net.minecraft.core.BlockPos=1; import:net.minecraft.util.math.RayTraceResult->net.minecraft.world.phys.HitResult=1; import:net.minecraft.util.math.Vec3d->net.minecraft.world.phys.Vec3=1; import:net.minecraft.world.World->net.minecraft.world.level.Level=1; import:net.minecraftforge.fml.common.eventhandler.SubscribeEvent->net.minecraftforge.eventbus.api.SubscribeEvent=1; import:net.minecraftforge.fml.relauncher.Side->net.minecraftforge.api.distmarker.Dist=1; import:net.minecraftforge.fml.relauncher.SideOnly->net.minecraftforge.api.distmarker.OnlyIn=1; type:ActionResult->InteractionResultHolder=2; type:EntityPlayer->Player=7; type:EnumActionResult->InteractionResult=8; type:EnumFacing->Direction=4; type:EnumHand->InteractionHand=2; type:IBlockState->BlockState=1; type:ITooltipFlag->TooltipFlag=1; type:ItemBlock->BlockItem=2; type:NBTTagCompound->CompoundTag=1; type:NBTTagString->StringTag=1; type:RayTraceResult->HitResult=1; type:Side->Dist=2; type:SideOnly->OnlyIn=2; type:Vec3d->Vec3=1; type:World->Level=5
src/main/java/net/shadowmage/ancientwarfare/structure/item/ItemMultiBlock.java,16,import:net.minecraft.block.Block->net.minecraft.world.level.block.Block=1; import:net.minecraft.block.state.IBlockState->net.minecraft.world.level.block.state.BlockState=1; import:net.minecraft.entity.player.EntityPlayer->net.minecraft.world.entity.player.Player=1; import:net.minecraft.item.ItemStack->net.minecraft.world.item.ItemStack=1; import:net.minecraft.util.EnumFacing->net.minecraft.core.Direction=1; import:net.minecraft.util.math.BlockPos->net.minecraft.core.BlockPos=1; import:net.minecraft.util.math.Vec3i->net.minecraft.core.Vec3i=1; import:net.minecraft.world.World->net.minecraft.world.level.Level=1; import:net.minecraftforge.fml.relauncher.Side->net.minecraftforge.api.distmarker.Dist=1; import:net.minecraftforge.fml.relauncher.SideOnly->net.minecraftforge.api.distmarker.OnlyIn=1; type:EntityPlayer->Player=1; type:EnumFacing->Direction=1; type:IBlockState->BlockState=1; type:Side->Dist=1; type:SideOnly->OnlyIn=1; type:World->Level=1
src/main/java/net/shadowmage/ancientwarfare/structure/item/ItemSpawnerPlacer.java,53,call:.getDefaultState()->.defaultBlockState()=1; call:.getTagCompound()->.getTag()=2; call:.hasTagCompound()->.hasTag()=2; call:.isRemote->.isClientSide=2; call:.setDead()->.discard()=1; import:net.minecraft.client.resources.I18n->net.minecraft.client.resources.language.I18n=1; import:net.minecraft.client.util.ITooltipFlag->net.minecraft.world.item.TooltipFlag=1; import:net.minecraft.entity.Entity->net.minecraft.world.entity.Entity=1; import:net.minecraft.entity.player.EntityPlayer->net.minecraft.world.entity.player.Player=1; import:net.minecraft.item.ItemStack->net.minecraft.world.item.ItemStack=1; import:net.minecraft.nbt.NBTTagCompound->net.minecraft.nbt.CompoundTag=1; import:net.minecraft.util.ActionResult->net.minecraft.world.InteractionResultHolder=1; import:net.minecraft.util.EnumActionResult->net.minecraft.world.InteractionResult=1; import:net.minecraft.util.EnumFacing->net.minecraft.core.Direction=1; import:net.minecraft.util.EnumHand->net.minecraft.world.InteractionHand=1; import:net.minecraft.util.math.BlockPos->net.minecraft.core.BlockPos=1; import:net.minecraft.util.math.RayTraceResult->net.minecraft.world.phys.HitResult=1; import:net.minecraft.world.World->net.minecraft.world.level.Level=1; import:net.minecraftforge.fml.common.eventhandler.SubscribeEvent->net.minecraftforge.eventbus.api.SubscribeEvent=1; import:net.minecraftforge.fml.relauncher.Side->net.minecraftforge.api.distmarker.Dist=1; import:net.minecraftforge.fml.relauncher.SideOnly->net.minecraftforge.api.distmarker.OnlyIn=1; type:ActionResult->InteractionResultHolder=4; type:EntityPlayer->Player=6; type:EnumActionResult->InteractionResult=4; type:EnumFacing->Direction=3; type:EnumHand->InteractionHand=1; type:ITooltipFlag->TooltipFlag=1; type:NBTTagCompound->CompoundTag=3; type:RayTraceResult->HitResult=2; type:Side->Dist=1; type:SideOnly->OnlyIn=1; type:World->Level=3
src/main/java/net/shadowmage/ancientwarfare/structure/item/ItemStructureBuilder.java,61,call:.getTagCompound()->.getTag()=3; call:.isRemote->.isClientSide=3; import:net.minecraft.client.resources.I18n->net.minecraft.client.resources.language.I18n=1; import:net.minecraft.client.util.ITooltipFlag->net.minecraft.world.item.TooltipFlag=1; import:net.minecraft.entity.player.EntityPlayer->net.minecraft.world.entity.player.Player=1; import:net.minecraft.item.ItemStack->net.minecraft.world.item.ItemStack=1; import:net.minecraft.nbt.NBTTagCompound->net.minecraft.nbt.CompoundTag=1; import:net.minecraft.util.ActionResult->net.minecraft.world.InteractionResultHolder=1; import:net.minecraft.util.EnumActionResult->net.minecraft.world.InteractionResult=1; import:net.minecraft.util.EnumFacing->net.minecraft.core.Direction=1; import:net.minecraft.util.EnumHand->net.minecraft.world.InteractionHand=1; import:net.minecraft.util.math.BlockPos->net.minecraft.core.BlockPos=1; import:net.minecraft.world.IBlockAccess->net.minecraft.world.level.BlockGetter=1; import:net.minecraft.world.World->net.minecraft.world.level.Level=1; import:net.minecraftforge.fml.relauncher.Side->net.minecraftforge.api.distmarker.Dist=1; import:net.minecraftforge.fml.relauncher.SideOnly->net.minecraftforge.api.distmarker.OnlyIn=1; type:ActionResult->InteractionResultHolder=2; type:EntityPlayer->Player=9; type:EnumActionResult->InteractionResult=3; type:EnumFacing->Direction=11; type:EnumHand->InteractionHand=3; type:IBlockAccess->BlockGetter=1; type:ITooltipFlag->TooltipFlag=1; type:NBTTagCompound->CompoundTag=2; type:Side->Dist=3; type:SideOnly->OnlyIn=3; type:World->Level=3
src/main/java/net/shadowmage/ancientwarfare/structure/item/ItemStructureBuilderWorldGen.java,5,import:net.minecraft.entity.player.EntityPlayer->net.minecraft.world.entity.player.Player=1; import:net.minecraft.util.EnumFacing->net.minecraft.core.Direction=1; import:net.minecraft.util.math.BlockPos->net.minecraft.core.BlockPos=1; type:EntityPlayer->Player=1; type:EnumFacing->Direction=1
src/main/java/net/shadowmage/ancientwarfare/structure/item/ItemStructureScanner.java,53,call:.getTagCompound()->.getTag()=8; call:.hasTagCompound()->.hasTag()=4; call:.isRemote->.isClientSide=1; import:net.minecraft.client.resources.I18n->net.minecraft.client.resources.language.I18n=1; import:net.minecraft.client.util.ITooltipFlag->net.minecraft.world.item.TooltipFlag=1; import:net.minecraft.entity.player.EntityPlayer->net.minecraft.world.entity.player.Player=1; import:net.minecraft.item.ItemStack->net.minecraft.world.item.ItemStack=1; import:net.minecraft.nbt.NBTTagByte->net.minecraft.nbt.ByteTag=1; import:net.minecraft.nbt.NBTTagCompound->net.minecraft.nbt.CompoundTag=1; import:net.minecraft.nbt.NBTTagString->net.minecraft.nbt.StringTag=1; import:net.minecraft.util.ActionResult->net.minecraft.world.InteractionResultHolder=1; import:net.minecraft.util.EnumActionResult->net.minecraft.world.InteractionResult=1; import:net.minecraft.util.EnumHand->net.minecraft.world.InteractionHand=1; import:net.minecraft.util.math.BlockPos->net.minecraft.core.BlockPos=1; import:net.minecraft.world.World->net.minecraft.world.level.Level=1; import:net.minecraftforge.fml.relauncher.Side->net.minecraftforge.api.distmarker.Dist=1; import:net.minecraftforge.fml.relauncher.SideOnly->net.minecraftforge.api.distmarker.OnlyIn=1; type:ActionResult->InteractionResultHolder=4; type:EntityPlayer->Player=4; type:EnumActionResult->InteractionResult=3; type:EnumHand->InteractionHand=2; type:ITooltipFlag->TooltipFlag=1; type:NBTTagByte->ByteTag=1; type:NBTTagCompound->CompoundTag=1; type:NBTTagString->StringTag=1; type:Side->Dist=3; type:SideOnly->OnlyIn=3; type:World->Level=3
src/main/java/net/shadowmage/ancientwarfare/structure/item/ItemStructureSettings.java,20,call:.getTagCompound()->.getTag()=2; call:.hasTagCompound()->.hasTag()=1; import:net.minecraft.item.ItemStack->net.minecraft.world.item.ItemStack=1; import:net.minecraft.nbt.NBTTagCompound->net.minecraft.nbt.CompoundTag=1; import:net.minecraft.util.EnumFacing->net.minecraft.core.Direction=1; import:net.minecraft.util.math.AxisAlignedBB->net.minecraft.world.phys.AABB=1; import:net.minecraft.util.math.BlockPos->net.minecraft.core.BlockPos=1; type:AxisAlignedBB->AABB=2; type:EnumFacing->Direction=4; type:NBTTagCompound->CompoundTag=6
src/main/java/net/shadowmage/ancientwarfare/structure/item/ItemTownBuilder.java,41,call:.getTagCompound()->.getTag()=4; call:.hasTagCompound()->.hasTag()=2; call:.isRemote->.isClientSide=2; import:net.minecraft.entity.player.EntityPlayer->net.minecraft.world.entity.player.Player=1; import:net.minecraft.item.ItemStack->net.minecraft.world.item.ItemStack=1; import:net.minecraft.nbt.NBTTagInt->net.minecraft.nbt.IntTag=1; import:net.minecraft.nbt.NBTTagString->net.minecraft.nbt.StringTag=1; import:net.minecraft.util.ActionResult->net.minecraft.world.InteractionResultHolder=1; import:net.minecraft.util.EnumActionResult->net.minecraft.world.InteractionResult=1; import:net.minecraft.util.EnumFacing->net.minecraft.core.Direction=1; import:net.minecraft.util.EnumHand->net.minecraft.world.InteractionHand=1; import:net.minecraft.util.math.BlockPos->net.minecraft.core.BlockPos=1; import:net.minecraft.util.math.RayTraceResult->net.minecraft.world.phys.HitResult=1; import:net.minecraft.world.IBlockAccess->net.minecraft.world.level.BlockGetter=1; import:net.minecraft.world.World->net.minecraft.world.level.Level=1; import:net.minecraftforge.fml.relauncher.Side->net.minecraftforge.api.distmarker.Dist=1; import:net.minecraftforge.fml.relauncher.SideOnly->net.minecraftforge.api.distmarker.OnlyIn=1; type:ActionResult->InteractionResultHolder=2; type:EntityPlayer->Player=4; type:EnumActionResult->InteractionResult=1; type:EnumFacing->Direction=2; type:EnumHand->InteractionHand=1; type:IBlockAccess->BlockGetter=1; type:NBTTagInt->IntTag=2; type:NBTTagString->StringTag=1; type:RayTraceResult->HitResult=2; type:Side->Dist=1; type:SideOnly->OnlyIn=1; type:World->Level=1
src/main/java/net/shadowmage/ancientwarfare/structure/item/WoodItemBlock.java,2,import:net.minecraft.block.Block->net.minecraft.world.level.block.Block=1; import:net.minecraft.item.ItemStack->net.minecraft.world.item.ItemStack=1
src/main/java/net/shadowmage/ancientwarfare/structure/model/ModelCoffin.java,4,import:net.minecraftforge.fml.relauncher.Side->net.minecraftforge.api.distmarker.Dist=1; import:net.minecraftforge.fml.relauncher.SideOnly->net.minecraftforge.api.distmarker.OnlyIn=1; type:Side->Dist=1; type:SideOnly->OnlyIn=1
src/main/java/net/shadowmage/ancientwarfare/structure/model/ModelGateBasic.java,5,import:net.minecraft.entity.Entity->net.minecraft.world.entity.Entity=1; import:net.minecraftforge.fml.relauncher.Side->net.minecraftforge.api.distmarker.Dist=1; import:net.minecraftforge.fml.relauncher.SideOnly->net.minecraftforge.api.distmarker.OnlyIn=1; type:Side->Dist=1; type:SideOnly->OnlyIn=1
src/main/java/net/shadowmage/ancientwarfare/structure/model/ModelGateBridge.java,5,import:net.minecraft.entity.Entity->net.minecraft.world.entity.Entity=1; import:net.minecraftforge.fml.relauncher.Side->net.minecraftforge.api.distmarker.Dist=1; import:net.minecraftforge.fml.relauncher.SideOnly->net.minecraftforge.api.distmarker.OnlyIn=1; type:Side->Dist=1; type:SideOnly->OnlyIn=1
src/main/java/net/shadowmage/ancientwarfare/structure/model/ModelStoneCoffin.java,4,import:net.minecraftforge.fml.relauncher.Side->net.minecraftforge.api.distmarker.Dist=1; import:net.minecraftforge.fml.relauncher.SideOnly->net.minecraftforge.api.distmarker.OnlyIn=1; type:Side->Dist=1; type:SideOnly->OnlyIn=1
src/main/java/net/shadowmage/ancientwarfare/structure/network/PacketHighlightBlock.java,4,import:net.minecraftforge.fml.relauncher.Side->net.minecraftforge.api.distmarker.Dist=1; import:net.minecraftforge.fml.relauncher.SideOnly->net.minecraftforge.api.distmarker.OnlyIn=1; type:Side->Dist=1; type:SideOnly->OnlyIn=1
src/main/java/net/shadowmage/ancientwarfare/structure/network/PacketShowBoundingBoxes.java,6,import:net.minecraft.client.entity.EntityPlayerSP->net.minecraft.client.player.LocalPlayer=1; import:net.minecraftforge.fml.relauncher.Side->net.minecraftforge.api.distmarker.Dist=1; import:net.minecraftforge.fml.relauncher.SideOnly->net.minecraftforge.api.distmarker.OnlyIn=1; type:EntityPlayerSP->LocalPlayer=1; type:Side->Dist=1; type:SideOnly->OnlyIn=1
src/main/java/net/shadowmage/ancientwarfare/structure/network/PacketSoundBlockPlayerSpecValues.java,4,call:.getUniqueID()->.getUUID()=1; import:net.minecraft.entity.player.EntityPlayer->net.minecraft.world.entity.player.Player=1; import:net.minecraft.util.math.BlockPos->net.minecraft.core.BlockPos=1; type:EntityPlayer->Player=1
src/main/java/net/shadowmage/ancientwarfare/structure/network/PacketStructure.java,6,import:net.minecraft.nbt.CompressedStreamTools->net.minecraft.nbt.NbtIo=1; import:net.minecraft.nbt.NBTTagCompound->net.minecraft.nbt.CompoundTag=1; type:CompressedStreamTools->NbtIo=2; type:NBTTagCompound->CompoundTag=2
src/main/java/net/shadowmage/ancientwarfare/structure/network/PacketStructureEntry.java,9,import:net.minecraft.client.multiplayer.WorldClient->net.minecraft.client.multiplayer.ClientLevel=1; import:net.minecraft.nbt.NBTTagCompound->net.minecraft.nbt.CompoundTag=1; import:net.minecraftforge.fml.relauncher.Side->net.minecraftforge.api.distmarker.Dist=1; import:net.minecraftforge.fml.relauncher.SideOnly->net.minecraftforge.api.distmarker.OnlyIn=1; type:NBTTagCompound->CompoundTag=2; type:Side->Dist=1; type:SideOnly->OnlyIn=1; type:WorldClient->ClientLevel=1
src/main/java/net/shadowmage/ancientwarfare/structure/network/PacketStructureRemove.java,4,import:net.minecraftforge.fml.relauncher.Side->net.minecraftforge.api.distmarker.Dist=1; import:net.minecraftforge.fml.relauncher.SideOnly->net.minecraftforge.api.distmarker.OnlyIn=1; type:Side->Dist=1; type:SideOnly->OnlyIn=1
src/main/java/net/shadowmage/ancientwarfare/structure/proxy/ClientProxyStructure.java,11,import:net.minecraft.entity.player.EntityPlayer->net.minecraft.world.entity.player.Player=1; import:net.minecraft.util.SoundCategory->net.minecraft.sounds.SoundSource=1; import:net.minecraft.util.SoundEvent->net.minecraft.sounds.SoundEvent=1; import:net.minecraft.util.math.BlockPos->net.minecraft.core.BlockPos=1; import:net.minecraftforge.fml.common.eventhandler.SubscribeEvent->net.minecraftforge.eventbus.api.SubscribeEvent=1; import:net.minecraftforge.fml.relauncher.Side->net.minecraftforge.api.distmarker.Dist=1; import:net.minecraftforge.fml.relauncher.SideOnly->net.minecraftforge.api.distmarker.OnlyIn=1; type:EntityPlayer->Player=1; type:Side->Dist=1; type:SideOnly->OnlyIn=1; type:SoundCategory->SoundSource=1
src/main/java/net/shadowmage/ancientwarfare/structure/proxy/CommonProxyStructure.java,4,import:net.minecraft.entity.player.EntityPlayer->net.minecraft.world.entity.player.Player=1; import:net.minecraft.util.SoundEvent->net.minecraft.sounds.SoundEvent=1; import:net.minecraft.util.math.BlockPos->net.minecraft.core.BlockPos=1; type:EntityPlayer->Player=1
src/main/java/net/shadowmage/ancientwarfare/structure/registry/EntitySpawnNBTRegistry.java,11,import:net.minecraft.entity.Entity->net.minecraft.world.entity.Entity=1; import:net.minecraft.entity.EntityLiving->net.minecraft.world.entity.Mob=1; import:net.minecraft.entity.passive.EntityVillager->net.minecraft.world.entity.npc.Villager=1; import:net.minecraft.nbt.NBTTagCompound->net.minecraft.nbt.CompoundTag=1; type:EntityLiving->Mob=1; type:EntityVillager->Villager=1; type:NBTTagCompound->CompoundTag=5
src/main/java/net/shadowmage/ancientwarfare/structure/registry/StructureBlockRegistry.java,6,import:net.minecraft.block.state.IBlockState->net.minecraft.world.level.block.state.BlockState=1; import:net.minecraft.item.ItemStack->net.minecraft.world.item.ItemStack=1; type:IBlockState->BlockState=4
src/main/java/net/shadowmage/ancientwarfare/structure/render/BlankExtendedBlockStateContainer.java,4,import:net.minecraft.block.Block->net.minecraft.world.level.block.Block=1; import:net.minecraft.block.properties.IProperty->net.minecraft.world.level.block.state.properties.Property=1; type:IProperty->Property=2
src/main/java/net/shadowmage/ancientwarfare/structure/render/BlockHighlightRenderer.java,5,call:.getTotalWorldTime()->.getGameTime()=1; import:net.minecraft.util.math.AxisAlignedBB->net.minecraft.world.phys.AABB=1; import:net.minecraftforge.fml.common.eventhandler.SubscribeEvent->net.minecraftforge.eventbus.api.SubscribeEvent=1; type:AxisAlignedBB->AABB=2
src/main/java/net/shadowmage/ancientwarfare/structure/render/GateProxyRenderer.java,1,import:net.minecraft.util.math.BlockPos->net.minecraft.core.BlockPos=1
src/main/java/net/shadowmage/ancientwarfare/structure/render/LayeredCustomColorMaskTexture.java,7,import:net.minecraft.util.ResourceLocation->net.minecraft.resources.ResourceLocation=1; import:net.minecraft.util.math.MathHelper->net.minecraft.util.Mth=1; import:net.minecraftforge.fml.relauncher.Side->net.minecraftforge.api.distmarker.Dist=1; import:net.minecraftforge.fml.relauncher.SideOnly->net.minecraftforge.api.distmarker.OnlyIn=1; type:MathHelper->Mth=1; type:Side->Dist=1; type:SideOnly->OnlyIn=1
src/main/java/net/shadowmage/ancientwarfare/structure/render/ParticleColoredFlame.java,2,import:net.minecraft.world.World->net.minecraft.world.level.Level=1; type:World->Level=1
src/main/java/net/shadowmage/ancientwarfare/structure/render/ParticleOnlyModel.java,10,import:net.minecraft.block.state.IBlockState->net.minecraft.world.level.block.state.BlockState=1; import:net.minecraft.client.renderer.texture.TextureAtlasSprite->net.minecraft.client.renderer.texture.TextureAtlasSprite=1; import:net.minecraft.util.math.BlockPos->net.minecraft.core.BlockPos=1; import:net.minecraft.util.math.RayTraceResult->net.minecraft.world.phys.HitResult=1; import:net.minecraft.world.IBlockAccess->net.minecraft.world.level.BlockGetter=1; type:IBlockAccess->BlockGetter=2; type:IBlockState->BlockState=2; type:RayTraceResult->HitResult=1
src/main/java/net/shadowmage/ancientwarfare/structure/render/ParticleSun.java,2,import:net.minecraft.world.World->net.minecraft.world.level.Level=1; type:World->Level=1
src/main/java/net/shadowmage/ancientwarfare/structure/render/PreviewRenderer.java,40,call:.getDefaultState()->.defaultBlockState()=2; import:net.minecraft.block.state.IBlockState->net.minecraft.world.level.block.state.BlockState=1; import:net.minecraft.client.renderer.BufferBuilder->com.mojang.blaze3d.vertex.BufferBuilder=1; import:net.minecraft.client.renderer.Tessellator->com.mojang.blaze3d.vertex.Tesselator=1; import:net.minecraft.entity.player.EntityPlayer->net.minecraft.world.entity.player.Player=1; import:net.minecraft.init.Blocks->net.minecraft.world.level.block.Blocks=1; import:net.minecraft.item.ItemStack->net.minecraft.world.item.ItemStack=1; import:net.minecraft.tileentity.TileEntity->net.minecraft.world.level.block.entity.BlockEntity=1; import:net.minecraft.util.EnumFacing->net.minecraft.core.Direction=1; import:net.minecraft.util.EnumHand->net.minecraft.world.InteractionHand=1; import:net.minecraft.util.math.BlockPos->net.minecraft.core.BlockPos=1; import:net.minecraft.util.math.Vec3i->net.minecraft.core.Vec3i=1; import:net.minecraft.world.IBlockAccess->net.minecraft.world.level.BlockGetter=1; import:net.minecraft.world.biome.Biome->net.minecraft.world.level.biome.Biome=1; import:net.minecraftforge.fml.relauncher.Side->net.minecraftforge.api.distmarker.Dist=1; import:net.minecraftforge.fml.relauncher.SideOnly->net.minecraftforge.api.distmarker.OnlyIn=1; type:EntityPlayer->Player=1; type:EnumFacing->Direction=2; type:EnumHand->InteractionHand=2; type:IBlockAccess->BlockGetter=1; type:IBlockState->BlockState=3; type:Side->Dist=5; type:SideOnly->OnlyIn=5; type:Tessellator->Tesselator=2; type:TileEntity->BlockEntity=2
src/main/java/net/shadowmage/ancientwarfare/structure/render/ProtectionFlagRenderer.java,12,call:.getTagCompound()->.getTag()=1; call:.getTotalWorldTime()->.getGameTime()=1; call:.hasTagCompound()->.hasTag()=1; import:net.minecraft.entity.player.EntityPlayer->net.minecraft.world.entity.player.Player=1; import:net.minecraft.item.ItemStack->net.minecraft.world.item.ItemStack=1; import:net.minecraft.nbt.NBTTagCompound->net.minecraft.nbt.CompoundTag=1; import:net.minecraft.util.ResourceLocation->net.minecraft.resources.ResourceLocation=1; import:net.minecraft.util.math.BlockPos->net.minecraft.core.BlockPos=1; import:net.minecraft.util.math.MathHelper->net.minecraft.util.Mth=1; type:EntityPlayer->Player=1; type:MathHelper->Mth=1; type:NBTTagCompound->CompoundTag=1
src/main/java/net/shadowmage/ancientwarfare/structure/render/RenderAdvancedSpawner.java,8,import:net.minecraft.client.gui.FontRenderer->net.minecraft.client.gui.Font=1; import:net.minecraft.client.renderer.BufferBuilder->com.mojang.blaze3d.vertex.BufferBuilder=1; import:net.minecraft.client.renderer.Tessellator->com.mojang.blaze3d.vertex.Tesselator=1; import:net.minecraft.client.resources.I18n->net.minecraft.client.resources.language.I18n=1; import:net.minecraft.world.GameType->net.minecraft.world.level.GameType=1; type:FontRenderer->Font=1; type:Tessellator->Tesselator=2
src/main/java/net/shadowmage/ancientwarfare/structure/render/RenderGateHelper.java,6,call:.getEntityBoundingBox()->.getBoundingBox()=5; import:net.minecraft.util.ResourceLocation->net.minecraft.resources.ResourceLocation=1
src/main/java/net/shadowmage/ancientwarfare/structure/render/RenderGateInvisible.java,1,import:net.minecraft.util.ResourceLocation->net.minecraft.resources.ResourceLocation=1
src/main/java/net/shadowmage/ancientwarfare/structure/render/RenderItemAdvancedLootChest.java,8,import:net.minecraft.item.ItemStack->net.minecraft.world.item.ItemStack=1; import:net.minecraft.tileentity.TileEntityChest->net.minecraft.world.level.block.entity.ChestBlockEntity=1; import:net.minecraftforge.fml.relauncher.Side->net.minecraftforge.api.distmarker.Dist=1; import:net.minecraftforge.fml.relauncher.SideOnly->net.minecraftforge.api.distmarker.OnlyIn=1; type:Side->Dist=1; type:SideOnly->OnlyIn=1; type:TileEntityChest->ChestBlockEntity=2
src/main/java/net/shadowmage/ancientwarfare/structure/render/RenderLootInfo.java,5,import:net.minecraft.potion.PotionEffect->net.minecraft.world.effect.MobEffectInstance=1; import:net.minecraft.tileentity.TileEntity->net.minecraft.world.level.block.entity.BlockEntity=1; import:net.minecraft.util.ResourceLocation->net.minecraft.resources.ResourceLocation=1; import:net.minecraft.world.GameType->net.minecraft.world.level.GameType=1; type:TileEntity->BlockEntity=1
src/main/java/net/shadowmage/ancientwarfare/structure/render/RenderStructureBuilder.java,4,import:net.minecraft.util.math.AxisAlignedBB->net.minecraft.world.phys.AABB=1; import:net.minecraft.util.math.BlockPos->net.minecraft.core.BlockPos=1; type:AxisAlignedBB->AABB=2
src/main/java/net/shadowmage/ancientwarfare/structure/render/SoundBlockRenderer.java,20,call:.getDefaultState()->.defaultBlockState()=2; import:net.minecraft.block.Block->net.minecraft.world.level.block.Block=1; import:net.minecraft.block.state.IBlockState->net.minecraft.world.level.block.state.BlockState=1; import:net.minecraft.init.Blocks->net.minecraft.world.level.block.Blocks=1; import:net.minecraft.item.ItemStack->net.minecraft.world.item.ItemStack=1; import:net.minecraft.util.EnumFacing->net.minecraft.core.Direction=1; import:net.minecraft.util.ResourceLocation->net.minecraft.resources.ResourceLocation=1; import:net.minecraft.util.math.BlockPos->net.minecraft.core.BlockPos=1; import:net.minecraft.world.IBlockAccess->net.minecraft.world.level.BlockGetter=1; import:net.minecraftforge.fml.relauncher.Side->net.minecraftforge.api.distmarker.Dist=1; import:net.minecraftforge.fml.relauncher.SideOnly->net.minecraftforge.api.distmarker.OnlyIn=1; type:EnumFacing->Direction=2; type:IBlockAccess->BlockGetter=1; type:IBlockState->BlockState=3; type:Side->Dist=1; type:SideOnly->OnlyIn=1
src/main/java/net/shadowmage/ancientwarfare/structure/render/StakeRenderer.java,5,import:net.minecraft.block.state.IBlockState->net.minecraft.world.level.block.state.BlockState=1; import:net.minecraft.entity.Entity->net.minecraft.world.entity.Entity=1; import:net.minecraft.util.EnumFacing->net.minecraft.core.Direction=1; type:EnumFacing->Direction=1; type:IBlockState->BlockState=1
src/main/java/net/shadowmage/ancientwarfare/structure/render/StoneCoffinRenderer.java,4,import:net.minecraft.block.state.IBlockState->net.minecraft.world.level.block.state.BlockState=1; import:net.minecraft.item.ItemStack->net.minecraft.world.item.ItemStack=1; import:net.minecraft.util.ResourceLocation->net.minecraft.resources.ResourceLocation=1; type:IBlockState->BlockState=1
src/main/java/net/shadowmage/ancientwarfare/structure/render/StructureBoundingBoxRenderer.java,13,import:net.minecraft.entity.player.EntityPlayer->net.minecraft.world.entity.player.Player=1; import:net.minecraft.init.Items->net.minecraft.world.item.Items=1; import:net.minecraft.item.Item->net.minecraft.world.item.Item=1; import:net.minecraft.item.ItemStack->net.minecraft.world.item.ItemStack=1; import:net.minecraft.util.EnumHand->net.minecraft.world.InteractionHand=1; import:net.minecraftforge.fml.common.eventhandler.SubscribeEvent->net.minecraftforge.eventbus.api.SubscribeEvent=1; import:net.minecraftforge.fml.relauncher.Side->net.minecraftforge.api.distmarker.Dist=1; import:net.minecraftforge.fml.relauncher.SideOnly->net.minecraftforge.api.distmarker.OnlyIn=1; type:EntityPlayer->Player=1; type:EnumHand->InteractionHand=2; type:Side->Dist=1; type:SideOnly->OnlyIn=1
src/main/java/net/shadowmage/ancientwarfare/structure/render/StructureEntryBBRenderer.java,5,import:net.minecraft.client.entity.EntityPlayerSP->net.minecraft.client.player.LocalPlayer=1; import:net.minecraft.client.multiplayer.WorldClient->net.minecraft.client.multiplayer.ClientLevel=1; import:net.minecraftforge.fml.common.eventhandler.SubscribeEvent->net.minecraftforge.eventbus.api.SubscribeEvent=1; type:EntityPlayerSP->LocalPlayer=1; type:WorldClient->ClientLevel=1
src/main/java/net/shadowmage/ancientwarfare/structure/render/StructureScannerRenderer.java,3,import:net.minecraft.item.ItemStack->net.minecraft.world.item.ItemStack=1; import:net.minecraft.util.EnumHand->net.minecraft.world.InteractionHand=1; type:EnumHand->InteractionHand=1
src/main/java/net/shadowmage/ancientwarfare/structure/render/WoodenCoffinRenderer.java,4,import:net.minecraft.block.state.IBlockState->net.minecraft.world.level.block.state.BlockState=1; import:net.minecraft.item.ItemStack->net.minecraft.world.item.ItemStack=1; import:net.minecraft.util.ResourceLocation->net.minecraft.resources.ResourceLocation=1; type:IBlockState->BlockState=1
src/main/java/net/shadowmage/ancientwarfare/structure/render/gate/RenderGateBasic.java,3,import:net.minecraft.entity.Entity->net.minecraft.world.entity.Entity=1; import:net.minecraft.util.ResourceLocation->net.minecraft.resources.ResourceLocation=1; import:net.minecraft.util.math.BlockPos->net.minecraft.core.BlockPos=1
src/main/java/net/shadowmage/ancientwarfare/structure/render/gate/RenderGateDouble.java,1,import:net.minecraft.util.math.BlockPos->net.minecraft.core.BlockPos=1
src/main/java/net/shadowmage/ancientwarfare/structure/render/gate/RenderGateRotatingBridge.java,6,import:net.minecraft.entity.Entity->net.minecraft.world.entity.Entity=1; import:net.minecraft.util.EnumFacing->net.minecraft.core.Direction=1; import:net.minecraft.util.ResourceLocation->net.minecraft.resources.ResourceLocation=1; import:net.minecraft.util.math.BlockPos->net.minecraft.core.BlockPos=1; type:EnumFacing->Direction=2
src/main/java/net/shadowmage/ancientwarfare/structure/render/gate/RenderGateSingle.java,1,import:net.minecraft.util.math.BlockPos->net.minecraft.core.BlockPos=1
src/main/java/net/shadowmage/ancientwarfare/structure/render/property/StructureProperties.java,8,import:net.minecraft.block.properties.PropertyEnum->net.minecraft.world.level.block.state.properties.EnumProperty=1; import:net.minecraft.util.EnumFacing->net.minecraft.core.Direction=1; type:EnumFacing->Direction=2; type:PropertyEnum->EnumProperty=4
src/main/java/net/shadowmage/ancientwarfare/structure/render/property/TopBottomPart.java,2,import:net.minecraft.util.IStringSerializable->net.minecraft.util.StringRepresentable=1; type:IStringSerializable->StringRepresentable=1
src/main/java/net/shadowmage/ancientwarfare/structure/render/statue/GuardianStatueModel.java,4,import:net.minecraft.util.math.MathHelper->net.minecraft.util.Mth=1; type:MathHelper->Mth=3
src/main/java/net/shadowmage/ancientwarfare/structure/render/statue/IStatueModel.java,4,import:net.minecraftforge.fml.relauncher.Side->net.minecraftforge.api.distmarker.Dist=1; import:net.minecraftforge.fml.relauncher.SideOnly->net.minecraftforge.api.distmarker.OnlyIn=1; type:Side->Dist=1; type:SideOnly->OnlyIn=1
src/main/java/net/shadowmage/ancientwarfare/structure/render/statue/StatueEntityRegistry.java,20,import:net.minecraft.entity.EntityLivingBase->net.minecraft.world.entity.LivingEntity=1; import:net.minecraft.entity.monster.EntityEnderman->net.minecraft.world.entity.monster.EnderMan=1; import:net.minecraft.entity.monster.EntityGuardian->net.minecraft.world.entity.monster.Guardian=1; import:net.minecraft.entity.monster.EntitySkeleton->net.minecraft.world.entity.monster.Skeleton=1; import:net.minecraft.entity.monster.EntityZombie->net.minecraft.world.entity.monster.Zombie=1; import:net.minecraft.world.World->net.minecraft.world.level.Level=1; import:net.minecraftforge.fml.relauncher.Side->net.minecraftforge.api.distmarker.Dist=1; import:net.minecraftforge.fml.relauncher.SideOnly->net.minecraftforge.api.distmarker.OnlyIn=1; type:EntityEnderman->EnderMan=1; type:EntityGuardian->Guardian=1; type:EntityLivingBase->LivingEntity=3; type:EntitySkeleton->Skeleton=1; type:EntityZombie->Zombie=1; type:Side->Dist=1; type:SideOnly->OnlyIn=1; type:World->Level=3
src/main/java/net/shadowmage/ancientwarfare/structure/render/statue/StatueRenderer.java,10,import:net.minecraft.entity.Entity->net.minecraft.world.entity.Entity=1; import:net.minecraft.entity.EntityLivingBase->net.minecraft.world.entity.LivingEntity=1; import:net.minecraft.util.EnumFacing->net.minecraft.core.Direction=1; import:net.minecraft.util.ResourceLocation->net.minecraft.resources.ResourceLocation=1; type:EntityLivingBase->LivingEntity=5; type:EnumFacing->Direction=1
src/main/java/net/shadowmage/ancientwarfare/structure/sounds/SoundLoader.java,3,import:net.minecraft.util.ResourceLocation->net.minecraft.resources.ResourceLocation=1; import:net.minecraft.util.SoundEvent->net.minecraft.sounds.SoundEvent=1; import:net.minecraftforge.fml.common.registry.ForgeRegistries->net.minecraftforge.registries.ForgeRegistries=1
src/main/java/net/shadowmage/ancientwarfare/structure/template/StructurePluginManager.java,28,api:Loader.isModLoaded->ModList.get().isLoaded=3; import:net.minecraft.block.Block->net.minecraft.world.level.block.Block=1; import:net.minecraft.block.state.IBlockState->net.minecraft.world.level.block.state.BlockState=1; import:net.minecraft.entity.Entity->net.minecraft.world.entity.Entity=1; import:net.minecraft.entity.player.EntityPlayer->net.minecraft.world.entity.player.Player=1; import:net.minecraft.nbt.JsonToNBT->net.minecraft.nbt.TagParser=1; import:net.minecraft.nbt.NBTTagCompound->net.minecraft.nbt.CompoundTag=1; import:net.minecraft.util.math.BlockPos->net.minecraft.core.BlockPos=1; import:net.minecraft.world.World->net.minecraft.world.level.Level=1; type:EntityPlayer->Player=1; type:IBlockState->BlockState=5; type:JsonToNBT->TagParser=1; type:NBTTagCompound->CompoundTag=3; type:World->Level=7
src/main/java/net/shadowmage/ancientwarfare/structure/template/StructureTemplate.java,25,import:net.minecraft.item.ItemStack->net.minecraft.world.item.ItemStack=1; import:net.minecraft.nbt.NBTBase->net.minecraft.nbt.Tag=1; import:net.minecraft.nbt.NBTTagCompound->net.minecraft.nbt.CompoundTag=1; import:net.minecraft.nbt.NBTTagList->net.minecraft.nbt.ListTag=1; import:net.minecraft.util.NonNullList->net.minecraft.core.NonNullList=1; import:net.minecraft.util.math.Vec3i->net.minecraft.core.Vec3i=1; type:NBTBase->Tag=1; type:NBTTagCompound->CompoundTag=16; type:NBTTagList->ListTag=2
src/main/java/net/shadowmage/ancientwarfare/structure/template/StructureTemplateManager.java,9,import:net.minecraft.entity.player.EntityPlayerMP->net.minecraft.server.level.ServerPlayer=1; import:net.minecraft.nbt.NBTTagCompound->net.minecraft.nbt.CompoundTag=1; import:net.minecraftforge.fml.relauncher.Side->net.minecraftforge.api.distmarker.Dist=1; type:EntityPlayerMP->ServerPlayer=1; type:NBTTagCompound->CompoundTag=1; type:Side->Dist=4
src/main/java/net/shadowmage/ancientwarfare/structure/template/WorldGenStructureManager.java,12,api:Loader.isModLoaded->ModList.get().isLoaded=1; import:net.minecraft.util.EnumFacing->net.minecraft.core.Direction=1; import:net.minecraft.util.ResourceLocation->net.minecraft.resources.ResourceLocation=1; import:net.minecraft.util.math.BlockPos->net.minecraft.core.BlockPos=1; import:net.minecraft.util.math.MathHelper->net.minecraft.util.Mth=1; import:net.minecraft.world.World->net.minecraft.world.level.Level=1; import:net.minecraft.world.biome.Biome->net.minecraft.world.level.biome.Biome=1; type:EnumFacing->Direction=2; type:MathHelper->Mth=1; type:World->Level=2
src/main/java/net/shadowmage/ancientwarfare/structure/template/build/StructureBB.java,16,import:net.minecraft.util.EnumFacing->net.minecraft.core.Direction=1; import:net.minecraft.util.math.AxisAlignedBB->net.minecraft.world.phys.AABB=1; import:net.minecraft.util.math.BlockPos->net.minecraft.core.BlockPos=1; import:net.minecraft.util.math.Vec3i->net.minecraft.core.Vec3i=1; type:AxisAlignedBB->AABB=2; type:EnumFacing->Direction=10
src/main/java/net/shadowmage/ancientwarfare/structure/template/build/StructureBuilder.java,51,call:.getDefaultState()->.defaultBlockState()=15; import:net.minecraft.block.Block->net.minecraft.world.level.block.Block=1; import:net.minecraft.block.state.IBlockState->net.minecraft.world.level.block.state.BlockState=1; import:net.minecraft.init.Blocks->net.minecraft.world.level.block.Blocks=1; import:net.minecraft.util.EnumFacing->net.minecraft.core.Direction=1; import:net.minecraft.util.ResourceLocation->net.minecraft.resources.ResourceLocation=1; import:net.minecraft.util.math.BlockPos->net.minecraft.core.BlockPos=1; import:net.minecraft.util.math.Vec3i->net.minecraft.core.Vec3i=1; import:net.minecraft.world.World->net.minecraft.world.level.Level=1; import:net.minecraft.world.biome.Biome->net.minecraft.world.level.biome.Biome=1; import:net.minecraft.world.chunk.Chunk->net.minecraft.world.level.chunk.LevelChunk=1; import:net.minecraftforge.fml.common.registry.ForgeRegistries->net.minecraftforge.registries.ForgeRegistries=1; type:EnumFacing->Direction=4; type:IBlockState->BlockState=17; type:World->Level=4
src/main/java/net/shadowmage/ancientwarfare/structure/template/build/StructureBuilderTicked.java,15,import:net.minecraft.nbt.NBTTagCompound->net.minecraft.nbt.CompoundTag=1; import:net.minecraft.util.EnumFacing->net.minecraft.core.Direction=1; import:net.minecraft.util.math.BlockPos->net.minecraft.core.BlockPos=1; import:net.minecraft.world.World->net.minecraft.world.level.Level=1; type:EnumFacing->Direction=2; type:NBTTagCompound->CompoundTag=6; type:World->Level=3
src/main/java/net/shadowmage/ancientwarfare/structure/template/build/StructureBuilderWorldGen.java,5,import:net.minecraft.util.EnumFacing->net.minecraft.core.Direction=1; import:net.minecraft.util.math.BlockPos->net.minecraft.core.BlockPos=1; import:net.minecraft.world.World->net.minecraft.world.level.Level=1; type:EnumFacing->Direction=1; type:World->Level=1
src/main/java/net/shadowmage/ancientwarfare/structure/template/build/validation/StructureValidator.java,45,import:net.minecraft.block.Block->net.minecraft.world.level.block.Block=1; import:net.minecraft.block.state.IBlockState->net.minecraft.world.level.block.state.BlockState=1; import:net.minecraft.init.Blocks->net.minecraft.world.level.block.Blocks=1; import:net.minecraft.nbt.NBTTagCompound->net.minecraft.nbt.CompoundTag=1; import:net.minecraft.util.EnumFacing->net.minecraft.core.Direction=1; import:net.minecraft.util.ResourceLocation->net.minecraft.resources.ResourceLocation=1; import:net.minecraft.util.math.BlockPos->net.minecraft.core.BlockPos=1; import:net.minecraft.world.World->net.minecraft.world.level.Level=1; import:net.minecraft.world.biome.Biome->net.minecraft.world.level.biome.Biome=1; type:EnumFacing->Direction=4; type:IBlockState->BlockState=10; type:NBTTagCompound->CompoundTag=5; type:World->Level=17
src/main/java/net/shadowmage/ancientwarfare/structure/template/build/validation/StructureValidatorGround.java,19,call:.getDefaultState()->.defaultBlockState()=1; import:net.minecraft.block.Block->net.minecraft.world.level.block.Block=1; import:net.minecraft.block.state.IBlockState->net.minecraft.world.level.block.state.BlockState=1; import:net.minecraft.init.Blocks->net.minecraft.world.level.block.Blocks=1; import:net.minecraft.util.EnumFacing->net.minecraft.core.Direction=1; import:net.minecraft.util.math.BlockPos->net.minecraft.core.BlockPos=1; import:net.minecraft.world.World->net.minecraft.world.level.Level=1; type:EnumFacing->Direction=4; type:IBlockState->BlockState=2; type:World->Level=6
src/main/java/net/shadowmage/ancientwarfare/structure/template/build/validation/StructureValidatorHarbor.java,15,call:.getDefaultState()->.defaultBlockState()=1; import:net.minecraft.block.Block->net.minecraft.world.level.block.Block=1; import:net.minecraft.init.Blocks->net.minecraft.world.level.block.Blocks=1; import:net.minecraft.util.EnumFacing->net.minecraft.core.Direction=1; import:net.minecraft.util.math.BlockPos->net.minecraft.core.BlockPos=1; import:net.minecraft.world.World->net.minecraft.world.level.Level=1; type:EnumFacing->Direction=4; type:World->Level=5
src/main/java/net/shadowmage/ancientwarfare/structure/template/build/validation/StructureValidatorIsland.java,12,call:.getDefaultState()->.defaultBlockState()=1; import:net.minecraft.init.Blocks->net.minecraft.world.level.block.Blocks=1; import:net.minecraft.util.EnumFacing->net.minecraft.core.Direction=1; import:net.minecraft.util.math.BlockPos->net.minecraft.core.BlockPos=1; import:net.minecraft.world.World->net.minecraft.world.level.Level=1; type:EnumFacing->Direction=3; type:World->Level=4
src/main/java/net/shadowmage/ancientwarfare/structure/template/build/validation/StructureValidatorLava.java,17,call:.getDefaultState()->.defaultBlockState()=1; import:net.minecraft.block.Block->net.minecraft.world.level.block.Block=1; import:net.minecraft.block.state.IBlockState->net.minecraft.world.level.block.state.BlockState=1; import:net.minecraft.init.Blocks->net.minecraft.world.level.block.Blocks=1; import:net.minecraft.util.EnumFacing->net.minecraft.core.Direction=1; import:net.minecraft.util.math.BlockPos->net.minecraft.core.BlockPos=1; import:net.minecraft.world.World->net.minecraft.world.level.Level=1; type:EnumFacing->Direction=3; type:IBlockState->BlockState=2; type:World->Level=5
src/main/java/net/shadowmage/ancientwarfare/structure/template/build/validation/StructureValidatorSky.java,11,import:net.minecraft.util.EnumFacing->net.minecraft.core.Direction=1; import:net.minecraft.util.math.BlockPos->net.minecraft.core.BlockPos=1; import:net.minecraft.world.World->net.minecraft.world.level.Level=1; type:EnumFacing->Direction=4; type:World->Level=4
src/main/java/net/shadowmage/ancientwarfare/structure/template/build/validation/StructureValidatorUnderground.java,11,import:net.minecraft.util.EnumFacing->net.minecraft.core.Direction=1; import:net.minecraft.util.math.BlockPos->net.minecraft.core.BlockPos=1; import:net.minecraft.world.World->net.minecraft.world.level.Level=1; type:EnumFacing->Direction=4; type:World->Level=4
src/main/java/net/shadowmage/ancientwarfare/structure/template/build/validation/StructureValidatorUnderwater.java,14,call:.getDefaultState()->.defaultBlockState()=1; import:net.minecraft.init.Blocks->net.minecraft.world.level.block.Blocks=1; import:net.minecraft.util.EnumFacing->net.minecraft.core.Direction=1; import:net.minecraft.util.math.BlockPos->net.minecraft.core.BlockPos=1; import:net.minecraft.world.World->net.minecraft.world.level.Level=1; type:EnumFacing->Direction=4; type:World->Level=5
src/main/java/net/shadowmage/ancientwarfare/structure/template/build/validation/StructureValidatorWater.java,13,call:.getDefaultState()->.defaultBlockState()=1; import:net.minecraft.block.Block->net.minecraft.world.level.block.Block=1; import:net.minecraft.init.Blocks->net.minecraft.world.level.block.Blocks=1; import:net.minecraft.util.EnumFacing->net.minecraft.core.Direction=1; import:net.minecraft.util.math.BlockPos->net.minecraft.core.BlockPos=1; import:net.minecraft.world.World->net.minecraft.world.level.Level=1; type:EnumFacing->Direction=3; type:World->Level=4
src/main/java/net/shadowmage/ancientwarfare/structure/template/build/validation/border/SmoothingMatrix.java,12,call:.getDefaultState()->.defaultBlockState()=2; import:net.minecraft.block.state.IBlockState->net.minecraft.world.level.block.state.BlockState=1; import:net.minecraft.init.Blocks->net.minecraft.world.level.block.Blocks=1; import:net.minecraft.util.math.BlockPos->net.minecraft.core.BlockPos=1; import:net.minecraft.world.World->net.minecraft.world.level.Level=1; import:net.minecraft.world.biome.Biome->net.minecraft.world.level.biome.Biome=1; type:IBlockState->BlockState=2; type:World->Level=3
src/main/java/net/shadowmage/ancientwarfare/structure/template/build/validation/border/SmoothingMatrixBuilder.java,12,import:net.minecraft.block.Block->net.minecraft.world.level.block.Block=1; import:net.minecraft.block.state.IBlockState->net.minecraft.world.level.block.state.BlockState=1; import:net.minecraft.init.Blocks->net.minecraft.world.level.block.Blocks=1; import:net.minecraft.util.math.BlockPos->net.minecraft.core.BlockPos=1; import:net.minecraft.world.World->net.minecraft.world.level.Level=1; type:IBlockState->BlockState=5; type:World->Level=2
src/main/java/net/shadowmage/ancientwarfare/structure/template/build/validation/border/points/SmoothingPoint.java,5,import:net.minecraft.block.state.IBlockState->net.minecraft.world.level.block.state.BlockState=1; import:net.minecraft.util.math.BlockPos->net.minecraft.core.BlockPos=1; type:IBlockState->BlockState=3
src/main/java/net/shadowmage/ancientwarfare/structure/template/build/validation/properties/IStructureValidationProperty.java,4,import:net.minecraft.nbt.NBTTagCompound->net.minecraft.nbt.CompoundTag=1; type:NBTTagCompound->CompoundTag=3
src/main/java/net/shadowmage/ancientwarfare/structure/template/build/validation/properties/StructureValidationPropertyBool.java,4,import:net.minecraft.nbt.NBTTagCompound->net.minecraft.nbt.CompoundTag=1; type:NBTTagCompound->CompoundTag=3
src/main/java/net/shadowmage/ancientwarfare/structure/template/build/validation/properties/StructureValidationPropertyIntArray.java,4,import:net.minecraft.nbt.NBTTagCompound->net.minecraft.nbt.CompoundTag=1; type:NBTTagCompound->CompoundTag=3
src/main/java/net/shadowmage/ancientwarfare/structure/template/build/validation/properties/StructureValidationPropertyInteger.java,4,import:net.minecraft.nbt.NBTTagCompound->net.minecraft.nbt.CompoundTag=1; type:NBTTagCompound->CompoundTag=3
src/main/java/net/shadowmage/ancientwarfare/structure/template/build/validation/properties/StructureValidationPropertyResourceLocation.java,5,import:net.minecraft.nbt.NBTTagCompound->net.minecraft.nbt.CompoundTag=1; import:net.minecraft.util.ResourceLocation->net.minecraft.resources.ResourceLocation=1; type:NBTTagCompound->CompoundTag=3
src/main/java/net/shadowmage/ancientwarfare/structure/template/build/validation/properties/StructureValidationPropertyString.java,4,import:net.minecraft.nbt.NBTTagCompound->net.minecraft.nbt.CompoundTag=1; type:NBTTagCompound->CompoundTag=3
src/main/java/net/shadowmage/ancientwarfare/structure/template/build/validation/properties/StructureValidationPropertyStringSet.java,10,import:net.minecraft.nbt.NBTTagCompound->net.minecraft.nbt.CompoundTag=1; import:net.minecraft.nbt.NBTTagList->net.minecraft.nbt.ListTag=1; import:net.minecraft.nbt.NBTTagString->net.minecraft.nbt.StringTag=1; type:NBTTagCompound->CompoundTag=3; type:NBTTagList->ListTag=3; type:NBTTagString->StringTag=1
src/main/java/net/shadowmage/ancientwarfare/structure/template/datafixes/fixers/BlockMetaToBlockStateFixer.java,9,call:.getDefaultState()->.defaultBlockState()=1; import:net.minecraft.block.Block->net.minecraft.world.level.block.Block=1; import:net.minecraft.init.Blocks->net.minecraft.world.level.block.Blocks=1; import:net.minecraft.nbt.JsonToNBT->net.minecraft.nbt.TagParser=1; import:net.minecraft.nbt.NBTTagCompound->net.minecraft.nbt.CompoundTag=1; import:net.minecraft.util.ResourceLocation->net.minecraft.resources.ResourceLocation=1; import:net.minecraftforge.fml.common.registry.ForgeRegistries->net.minecraftforge.registries.ForgeRegistries=1; type:JsonToNBT->TagParser=1; type:NBTTagCompound->CompoundTag=1
src/main/java/net/shadowmage/ancientwarfare/structure/template/datafixes/fixers/EntityEquipmentFixer.java,12,import:net.minecraft.nbt.JsonToNBT->net.minecraft.nbt.TagParser=1; import:net.minecraft.nbt.NBTTagCompound->net.minecraft.nbt.CompoundTag=1; import:net.minecraft.nbt.NBTTagList->net.minecraft.nbt.ListTag=1; type:JsonToNBT->TagParser=1; type:NBTTagCompound->CompoundTag=3; type:NBTTagList->ListTag=5
src/main/java/net/shadowmage/ancientwarfare/structure/template/datafixes/fixers/EntityPositionToNBTFixer.java,5,import:net.minecraft.nbt.JsonToNBT->net.minecraft.nbt.TagParser=1; import:net.minecraft.nbt.NBTTagCompound->net.minecraft.nbt.CompoundTag=1; import:net.minecraft.util.math.BlockPos->net.minecraft.core.BlockPos=1; type:JsonToNBT->TagParser=1; type:NBTTagCompound->CompoundTag=1
src/main/java/net/shadowmage/ancientwarfare/structure/template/datafixes/fixers/TileRuleDataFixer.java,7,import:net.minecraft.nbt.JsonToNBT->net.minecraft.nbt.TagParser=1; import:net.minecraft.nbt.NBTTagCompound->net.minecraft.nbt.CompoundTag=1; type:JsonToNBT->TagParser=1; type:NBTTagCompound->CompoundTag=4
src/main/java/net/shadowmage/ancientwarfare/structure/template/datafixes/fixers/json/JsonSimplificationFixer.java,2,import:net.minecraft.nbt.NBTTagCompound->net.minecraft.nbt.CompoundTag=1; type:NBTTagCompound->CompoundTag=1
src/main/java/net/shadowmage/ancientwarfare/structure/template/datafixes/fixers/json/JsonTagReader.java,52,import:net.minecraft.nbt.NBTBase->net.minecraft.nbt.Tag=1; import:net.minecraft.nbt.NBTTagByte->net.minecraft.nbt.ByteTag=1; import:net.minecraft.nbt.NBTTagByteArray->net.minecraft.nbt.ByteArrayTag=1; import:net.minecraft.nbt.NBTTagCompound->net.minecraft.nbt.CompoundTag=1; import:net.minecraft.nbt.NBTTagDouble->net.minecraft.nbt.DoubleTag=1; import:net.minecraft.nbt.NBTTagFloat->net.minecraft.nbt.FloatTag=1; import:net.minecraft.nbt.NBTTagInt->net.minecraft.nbt.IntTag=1; import:net.minecraft.nbt.NBTTagIntArray->net.minecraft.nbt.IntArrayTag=1; import:net.minecraft.nbt.NBTTagList->net.minecraft.nbt.ListTag=1; import:net.minecraft.nbt.NBTTagLong->net.minecraft.nbt.LongTag=1; import:net.minecraft.nbt.NBTTagShort->net.minecraft.nbt.ShortTag=1; import:net.minecraft.nbt.NBTTagString->net.minecraft.nbt.StringTag=1; type:NBTBase->Tag=1; type:NBTTagByte->ByteTag=3; type:NBTTagByteArray->ByteArrayTag=3; type:NBTTagCompound->CompoundTag=8; type:NBTTagDouble->DoubleTag=3; type:NBTTagFloat->FloatTag=3; type:NBTTagInt->IntTag=3; type:NBTTagIntArray->IntArrayTag=3; type:NBTTagList->ListTag=4; type:NBTTagLong->LongTag=3; type:NBTTagShort->ShortTag=3; type:NBTTagString->StringTag=3
src/main/java/net/shadowmage/ancientwarfare/structure/template/load/TemplateLoader.java,1,import:net.minecraft.world.biome.Biome->net.minecraft.world.level.biome.Biome=1
src/main/java/net/shadowmage/ancientwarfare/structure/template/load/TemplateParser.java,1,import:net.minecraft.util.math.Vec3i->net.minecraft.core.Vec3i=1
src/main/java/net/shadowmage/ancientwarfare/structure/template/plugin/defaultplugins/StructurePluginVanillaHandler.java,7,import:net.minecraft.init.Blocks->net.minecraft.world.level.block.Blocks=1; import:net.minecraft.util.EnumFacing->net.minecraft.core.Direction=1; type:EnumFacing->Direction=5
src/main/java/net/shadowmage/ancientwarfare/structure/template/plugin/defaultplugins/blockrules/RuleWorld.java,7,import:net.minecraft.block.state.IBlockState->net.minecraft.world.level.block.state.BlockState=1; import:net.minecraft.util.math.BlockPos->net.minecraft.core.BlockPos=1; import:net.minecraft.world.World->net.minecraft.world.level.Level=1; type:IBlockState->BlockState=3; type:World->Level=1
src/main/java/net/shadowmage/ancientwarfare/structure/template/plugin/defaultplugins/blockrules/TemplateRuleBanner.java,12,import:net.minecraft.block.state.IBlockState->net.minecraft.world.level.block.state.BlockState=1; import:net.minecraft.init.Blocks->net.minecraft.world.level.block.Blocks=1; import:net.minecraft.item.ItemStack->net.minecraft.world.item.ItemStack=1; import:net.minecraft.nbt.NBTTagList->net.minecraft.nbt.ListTag=1; import:net.minecraft.util.Rotation->net.minecraft.world.level.block.Rotation=1; import:net.minecraft.util.math.BlockPos->net.minecraft.core.BlockPos=1; import:net.minecraft.world.World->net.minecraft.world.level.Level=1; type:IBlockState->BlockState=2; type:NBTTagList->ListTag=1; type:World->Level=2
src/main/java/net/shadowmage/ancientwarfare/structure/template/plugin/defaultplugins/blockrules/TemplateRuleBed.java,16,import:net.minecraft.block.state.IBlockState->net.minecraft.world.level.block.state.BlockState=1; import:net.minecraft.init.Items->net.minecraft.world.item.Items=1; import:net.minecraft.item.ItemStack->net.minecraft.world.item.ItemStack=1; import:net.minecraft.nbt.NBTTagCompound->net.minecraft.nbt.CompoundTag=1; import:net.minecraft.tileentity.TileEntity->net.minecraft.world.level.block.entity.BlockEntity=1; import:net.minecraft.util.math.BlockPos->net.minecraft.core.BlockPos=1; import:net.minecraft.world.World->net.minecraft.world.level.Level=1; type:IBlockState->BlockState=2; type:NBTTagCompound->CompoundTag=2; type:TileEntity->BlockEntity=2; type:World->Level=3
src/main/java/net/shadowmage/ancientwarfare/structure/template/plugin/defaultplugins/blockrules/TemplateRuleBlockDoors.java,8,import:net.minecraft.block.state.IBlockState->net.minecraft.world.level.block.state.BlockState=1; import:net.minecraft.item.ItemStack->net.minecraft.world.item.ItemStack=1; import:net.minecraft.util.math.BlockPos->net.minecraft.core.BlockPos=1; import:net.minecraft.world.World->net.minecraft.world.level.Level=1; type:IBlockState->BlockState=2; type:World->Level=2
src/main/java/net/shadowmage/ancientwarfare/structure/template/plugin/defaultplugins/blockrules/TemplateRuleBlockInventory.java,51,import:net.minecraft.block.state.IBlockState->net.minecraft.world.level.block.state.BlockState=1; import:net.minecraft.init.Items->net.minecraft.world.item.Items=1; import:net.minecraft.item.ItemStack->net.minecraft.world.item.ItemStack=1; import:net.minecraft.nbt.NBTTagCompound->net.minecraft.nbt.CompoundTag=1; import:net.minecraft.nbt.NBTTagList->net.minecraft.nbt.ListTag=1; import:net.minecraft.tileentity.TileEntity->net.minecraft.world.level.block.entity.BlockEntity=1; import:net.minecraft.tileentity.TileEntityChest->net.minecraft.world.level.block.entity.ChestBlockEntity=1; import:net.minecraft.util.EnumFacing->net.minecraft.core.Direction=1; import:net.minecraft.util.NonNullList->net.minecraft.core.NonNullList=1; import:net.minecraft.util.math.BlockPos->net.minecraft.core.BlockPos=1; import:net.minecraft.world.World->net.minecraft.world.level.Level=1; type:EnumFacing->Direction=12; type:IBlockState->BlockState=3; type:NBTTagCompound->CompoundTag=15; type:NBTTagList->ListTag=3; type:TileEntity->BlockEntity=1; type:TileEntityChest->ChestBlockEntity=2; type:World->Level=4
src/main/java/net/shadowmage/ancientwarfare/structure/template/plugin/defaultplugins/blockrules/TemplateRuleBlockSign.java,16,import:net.minecraft.block.state.IBlockState->net.minecraft.world.level.block.state.BlockState=1; import:net.minecraft.init.Blocks->net.minecraft.world.level.block.Blocks=1; import:net.minecraft.nbt.NBTTagCompound->net.minecraft.nbt.CompoundTag=1; import:net.minecraft.tileentity.TileEntity->net.minecraft.world.level.block.entity.BlockEntity=1; import:net.minecraft.util.math.BlockPos->net.minecraft.core.BlockPos=1; import:net.minecraft.world.World->net.minecraft.world.level.Level=1; type:IBlockState->BlockState=4; type:NBTTagCompound->CompoundTag=2; type:TileEntity->BlockEntity=1; type:World->Level=3
src/main/java/net/shadowmage/ancientwarfare/structure/template/plugin/defaultplugins/blockrules/TemplateRuleBlockTile.java,29,import:net.minecraft.block.state.IBlockState->net.minecraft.world.level.block.state.BlockState=1; import:net.minecraft.nbt.NBTTagCompound->net.minecraft.nbt.CompoundTag=1; import:net.minecraft.tileentity.TileEntity->net.minecraft.world.level.block.entity.BlockEntity=1; import:net.minecraft.util.EnumFacing->net.minecraft.core.Direction=1; import:net.minecraft.util.ResourceLocation->net.minecraft.resources.ResourceLocation=1; import:net.minecraft.util.math.BlockPos->net.minecraft.core.BlockPos=1; import:net.minecraft.world.World->net.minecraft.world.level.Level=1; import:net.minecraftforge.fml.relauncher.Side->net.minecraftforge.api.distmarker.Dist=1; import:net.minecraftforge.fml.relauncher.SideOnly->net.minecraftforge.api.distmarker.OnlyIn=1; type:EnumFacing->Direction=5; type:IBlockState->BlockState=2; type:NBTTagCompound->CompoundTag=4; type:Side->Dist=1; type:SideOnly->OnlyIn=1; type:TileEntity->BlockEntity=4; type:World->Level=3
src/main/java/net/shadowmage/ancientwarfare/structure/template/plugin/defaultplugins/blockrules/TemplateRuleCoffin.java,5,import:net.minecraft.block.state.IBlockState->net.minecraft.world.level.block.state.BlockState=1; import:net.minecraft.util.math.BlockPos->net.minecraft.core.BlockPos=1; import:net.minecraft.world.World->net.minecraft.world.level.Level=1; type:IBlockState->BlockState=1; type:World->Level=1
src/main/java/net/shadowmage/ancientwarfare/structure/template/plugin/defaultplugins/blockrules/TemplateRuleFlag.java,9,import:net.minecraft.block.state.IBlockState->net.minecraft.world.level.block.state.BlockState=1; import:net.minecraft.util.math.BlockPos->net.minecraft.core.BlockPos=1; import:net.minecraft.world.World->net.minecraft.world.level.Level=1; type:IBlockState->BlockState=4; type:World->Level=2
src/main/java/net/shadowmage/ancientwarfare/structure/template/plugin/defaultplugins/blockrules/TemplateRuleFlowerPot.java,18,import:net.minecraft.block.state.IBlockState->net.minecraft.world.level.block.state.BlockState=1; import:net.minecraft.init.Items->net.minecraft.world.item.Items=1; import:net.minecraft.item.Item->net.minecraft.world.item.Item=1; import:net.minecraft.item.ItemStack->net.minecraft.world.item.ItemStack=1; import:net.minecraft.nbt.NBTTagCompound->net.minecraft.nbt.CompoundTag=1; import:net.minecraft.tileentity.TileEntity->net.minecraft.world.level.block.entity.BlockEntity=1; import:net.minecraft.util.ResourceLocation->net.minecraft.resources.ResourceLocation=1; import:net.minecraft.util.math.BlockPos->net.minecraft.core.BlockPos=1; import:net.minecraft.world.World->net.minecraft.world.level.Level=1; import:net.minecraftforge.fml.common.registry.ForgeRegistries->net.minecraftforge.registries.ForgeRegistries=1; type:IBlockState->BlockState=2; type:NBTTagCompound->CompoundTag=2; type:TileEntity->BlockEntity=1; type:World->Level=3
src/main/java/net/shadowmage/ancientwarfare/structure/template/plugin/defaultplugins/blockrules/TemplateRuleFluid.java,5,import:net.minecraft.block.state.IBlockState->net.minecraft.world.level.block.state.BlockState=1; import:net.minecraft.util.math.BlockPos->net.minecraft.core.BlockPos=1; import:net.minecraft.world.World->net.minecraft.world.level.Level=1; type:IBlockState->BlockState=1; type:World->Level=1
src/main/java/net/shadowmage/ancientwarfare/structure/template/plugin/defaultplugins/blockrules/TemplateRuleMulti.java,15,call:.getDefaultState()->.defaultBlockState()=1; import:net.minecraft.block.state.IBlockState->net.minecraft.world.level.block.state.BlockState=1; import:net.minecraft.nbt.NBTTagCompound->net.minecraft.nbt.CompoundTag=1; import:net.minecraft.tileentity.TileEntity->net.minecraft.world.level.block.entity.BlockEntity=1; import:net.minecraft.util.math.BlockPos->net.minecraft.core.BlockPos=1; import:net.minecraft.world.World->net.minecraft.world.level.Level=1; type:IBlockState->BlockState=2; type:NBTTagCompound->CompoundTag=2; type:TileEntity->BlockEntity=1; type:World->Level=4
src/main/java/net/shadowmage/ancientwarfare/structure/template/plugin/defaultplugins/blockrules/TemplateRuleRotatable.java,28,import:net.minecraft.block.state.IBlockState->net.minecraft.world.level.block.state.BlockState=1; import:net.minecraft.nbt.NBTTagCompound->net.minecraft.nbt.CompoundTag=1; import:net.minecraft.tileentity.TileEntity->net.minecraft.world.level.block.entity.BlockEntity=1; import:net.minecraft.util.EnumFacing->net.minecraft.core.Direction=1; import:net.minecraft.util.math.BlockPos->net.minecraft.core.BlockPos=1; import:net.minecraft.world.World->net.minecraft.world.level.Level=1; type:EnumFacing->Direction=6; type:IBlockState->BlockState=2; type:NBTTagCompound->CompoundTag=6; type:TileEntity->BlockEntity=4; type:World->Level=4
src/main/java/net/shadowmage/ancientwarfare/structure/template/plugin/defaultplugins/blockrules/TemplateRuleShulkerBox.java,7,import:net.minecraft.block.state.IBlockState->net.minecraft.world.level.block.state.BlockState=1; import:net.minecraft.item.Item->net.minecraft.world.item.Item=1; import:net.minecraft.item.ItemStack->net.minecraft.world.item.ItemStack=1; import:net.minecraft.util.math.BlockPos->net.minecraft.core.BlockPos=1; import:net.minecraft.world.World->net.minecraft.world.level.Level=1; type:IBlockState->BlockState=1; type:World->Level=1
src/main/java/net/shadowmage/ancientwarfare/structure/template/plugin/defaultplugins/blockrules/TemplateRuleStructureBuilder.java,21,import:net.minecraft.block.state.IBlockState->net.minecraft.world.level.block.state.BlockState=1; import:net.minecraft.item.ItemStack->net.minecraft.world.item.ItemStack=1; import:net.minecraft.nbt.NBTTagCompound->net.minecraft.nbt.CompoundTag=1; import:net.minecraft.nbt.NBTTagString->net.minecraft.nbt.StringTag=1; import:net.minecraft.util.EnumFacing->net.minecraft.core.Direction=1; import:net.minecraft.util.math.BlockPos->net.minecraft.core.BlockPos=1; import:net.minecraft.world.World->net.minecraft.world.level.Level=1; type:EnumFacing->Direction=5; type:IBlockState->BlockState=2; type:NBTTagCompound->CompoundTag=2; type:NBTTagString->StringTag=1; type:World->Level=4
src/main/java/net/shadowmage/ancientwarfare/structure/template/plugin/defaultplugins/blockrules/TemplateRuleTorqueMultiblock.java,14,import:net.minecraft.block.state.IBlockState->net.minecraft.world.level.block.state.BlockState=1; import:net.minecraft.nbt.NBTTagCompound->net.minecraft.nbt.CompoundTag=1; import:net.minecraft.util.math.BlockPos->net.minecraft.core.BlockPos=1; import:net.minecraft.world.World->net.minecraft.world.level.Level=1; type:IBlockState->BlockState=2; type:NBTTagCompound->CompoundTag=4; type:World->Level=4
src/main/java/net/shadowmage/ancientwarfare/structure/template/plugin/defaultplugins/blockrules/TemplateRuleTotemPart.java,15,import:net.minecraft.block.state.IBlockState->net.minecraft.world.level.block.state.BlockState=1; import:net.minecraft.nbt.NBTTagCompound->net.minecraft.nbt.CompoundTag=1; import:net.minecraft.tileentity.TileEntity->net.minecraft.world.level.block.entity.BlockEntity=1; import:net.minecraft.util.math.BlockPos->net.minecraft.core.BlockPos=1; import:net.minecraft.world.World->net.minecraft.world.level.Level=1; type:IBlockState->BlockState=3; type:NBTTagCompound->CompoundTag=2; type:TileEntity->BlockEntity=1; type:World->Level=4
src/main/java/net/shadowmage/ancientwarfare/structure/template/plugin/defaultplugins/blockrules/TemplateRuleVanillaBlocks.java,11,import:net.minecraft.block.state.IBlockState->net.minecraft.world.level.block.state.BlockState=1; import:net.minecraft.nbt.NBTTagCompound->net.minecraft.nbt.CompoundTag=1; import:net.minecraft.util.math.BlockPos->net.minecraft.core.BlockPos=1; import:net.minecraft.world.World->net.minecraft.world.level.Level=1; type:IBlockState->BlockState=2; type:NBTTagCompound->CompoundTag=1; type:World->Level=4
src/main/java/net/shadowmage/ancientwarfare/structure/template/plugin/defaultplugins/blockrules/TemplateRuleVanillaSkull.java,14,import:net.minecraft.block.state.IBlockState->net.minecraft.world.level.block.state.BlockState=1; import:net.minecraft.init.Items->net.minecraft.world.item.Items=1; import:net.minecraft.item.ItemStack->net.minecraft.world.item.ItemStack=1; import:net.minecraft.nbt.NBTTagCompound->net.minecraft.nbt.CompoundTag=1; import:net.minecraft.tileentity.TileEntity->net.minecraft.world.level.block.entity.BlockEntity=1; import:net.minecraft.util.Rotation->net.minecraft.world.level.block.Rotation=1; import:net.minecraft.util.math.BlockPos->net.minecraft.core.BlockPos=1; import:net.minecraft.world.World->net.minecraft.world.level.Level=1; type:IBlockState->BlockState=1; type:NBTTagCompound->CompoundTag=2; type:TileEntity->BlockEntity=1; type:World->Level=2
src/main/java/net/shadowmage/ancientwarfare/structure/template/plugin/defaultplugins/blockrules/TemplateRuleVanillaSpawner.java,21,import:net.minecraft.block.state.IBlockState->net.minecraft.world.level.block.state.BlockState=1; import:net.minecraft.nbt.NBTBase->net.minecraft.nbt.Tag=1; import:net.minecraft.nbt.NBTTagCompound->net.minecraft.nbt.CompoundTag=1; import:net.minecraft.nbt.NBTTagList->net.minecraft.nbt.ListTag=1; import:net.minecraft.nbt.NBTTagString->net.minecraft.nbt.StringTag=1; import:net.minecraft.util.math.BlockPos->net.minecraft.core.BlockPos=1; import:net.minecraft.world.World->net.minecraft.world.level.Level=1; type:IBlockState->BlockState=1; type:NBTBase->Tag=1; type:NBTTagCompound->CompoundTag=4; type:NBTTagList->ListTag=5; type:NBTTagString->StringTag=2; type:World->Level=1
src/main/java/net/shadowmage/ancientwarfare/structure/template/plugin/defaultplugins/blockrules/TemplateRuleVine.java,15,import:net.minecraft.block.properties.PropertyBool->net.minecraft.world.level.block.state.properties.BooleanProperty=1; import:net.minecraft.block.state.IBlockState->net.minecraft.world.level.block.state.BlockState=1; import:net.minecraft.util.math.BlockPos->net.minecraft.core.BlockPos=1; import:net.minecraft.world.World->net.minecraft.world.level.Level=1; type:IBlockState->BlockState=6; type:PropertyBool->BooleanProperty=2; type:World->Level=3
src/main/java/net/shadowmage/ancientwarfare/structure/template/plugin/defaultplugins/entityrules/TemplateRuleEntity.java,28,import:net.minecraft.entity.Entity->net.minecraft.world.entity.Entity=1; import:net.minecraft.entity.EntityLivingBase->net.minecraft.world.entity.LivingEntity=1; import:net.minecraft.item.ItemStack->net.minecraft.world.item.ItemStack=1; import:net.minecraft.nbt.NBTBase->net.minecraft.nbt.Tag=1; import:net.minecraft.nbt.NBTTagCompound->net.minecraft.nbt.CompoundTag=1; import:net.minecraft.nbt.NBTTagList->net.minecraft.nbt.ListTag=1; import:net.minecraft.util.ResourceLocation->net.minecraft.resources.ResourceLocation=1; import:net.minecraft.util.math.BlockPos->net.minecraft.core.BlockPos=1; import:net.minecraft.world.World->net.minecraft.world.level.Level=1; type:EntityLivingBase->LivingEntity=3; type:NBTBase->Tag=2; type:NBTTagCompound->CompoundTag=9; type:NBTTagList->ListTag=1; type:World->Level=4
src/main/java/net/shadowmage/ancientwarfare/structure/template/plugin/defaultplugins/entityrules/TemplateRuleEntityHanging.java,15,import:net.minecraft.nbt.NBTTagCompound->net.minecraft.nbt.CompoundTag=1; import:net.minecraft.util.EnumFacing->net.minecraft.core.Direction=1; import:net.minecraft.util.math.BlockPos->net.minecraft.core.BlockPos=1; import:net.minecraft.world.World->net.minecraft.world.level.Level=1; type:EnumFacing->Direction=6; type:NBTTagCompound->CompoundTag=4; type:World->Level=1
src/main/java/net/shadowmage/ancientwarfare/structure/template/plugin/defaultplugins/entityrules/TemplateRuleEntityNpc.java,4,import:net.minecraft.entity.Entity->net.minecraft.world.entity.Entity=1; import:net.minecraft.util.math.BlockPos->net.minecraft.core.BlockPos=1; import:net.minecraft.world.World->net.minecraft.world.level.Level=1; type:World->Level=1
src/main/java/net/shadowmage/ancientwarfare/structure/template/plugin/defaultplugins/entityrules/TemplateRuleGates.java,18,call:.spawnEntity(->.addFreshEntity(=1; import:net.minecraft.entity.Entity->net.minecraft.world.entity.Entity=1; import:net.minecraft.item.ItemStack->net.minecraft.world.item.ItemStack=1; import:net.minecraft.nbt.NBTTagCompound->net.minecraft.nbt.CompoundTag=1; import:net.minecraft.util.EnumFacing->net.minecraft.core.Direction=1; import:net.minecraft.util.math.BlockPos->net.minecraft.core.BlockPos=1; import:net.minecraft.world.World->net.minecraft.world.level.Level=1; type:EnumFacing->Direction=4; type:NBTTagCompound->CompoundTag=4; type:World->Level=3
src/main/java/net/shadowmage/ancientwarfare/structure/template/plugin/defaultplugins/entityrules/TemplateRuleVehicle.java,7,import:net.minecraft.entity.Entity->net.minecraft.world.entity.Entity=1; import:net.minecraft.nbt.NBTTagCompound->net.minecraft.nbt.CompoundTag=1; import:net.minecraft.util.math.BlockPos->net.minecraft.core.BlockPos=1; import:net.minecraft.world.World->net.minecraft.world.level.Level=1; type:NBTTagCompound->CompoundTag=2; type:World->Level=1
src/main/java/net/shadowmage/ancientwarfare/structure/template/save/TemplateExporter.java,1,import:net.minecraft.util.math.Vec3i->net.minecraft.core.Vec3i=1
src/main/java/net/shadowmage/ancientwarfare/structure/template/scan/TemplateScanner.java,14,import:net.minecraft.block.Block->net.minecraft.world.level.block.Block=1; import:net.minecraft.block.state.IBlockState->net.minecraft.world.level.block.state.BlockState=1; import:net.minecraft.entity.Entity->net.minecraft.world.entity.Entity=1; import:net.minecraft.util.math.AxisAlignedBB->net.minecraft.world.phys.AABB=1; import:net.minecraft.util.math.BlockPos->net.minecraft.core.BlockPos=1; import:net.minecraft.util.math.MathHelper->net.minecraft.util.Mth=1; import:net.minecraft.util.math.Vec3i->net.minecraft.core.Vec3i=1; import:net.minecraft.world.World->net.minecraft.world.level.Level=1; type:AxisAlignedBB->AABB=1; type:IBlockState->BlockState=1; type:MathHelper->Mth=3; type:World->Level=1
src/main/java/net/shadowmage/ancientwarfare/structure/tile/EntityStatueInfo.java,20,call:.isRemote->.isClientSide=1; import:net.minecraft.entity.Entity->net.minecraft.world.entity.Entity=1; import:net.minecraft.nbt.NBTTagCompound->net.minecraft.nbt.CompoundTag=1; import:net.minecraft.util.IStringSerializable->net.minecraft.util.StringRepresentable=1; import:net.minecraft.util.ResourceLocation->net.minecraft.resources.ResourceLocation=1; import:net.minecraft.world.World->net.minecraft.world.level.Level=1; import:net.minecraftforge.fml.common.registry.ForgeRegistries->net.minecraftforge.registries.ForgeRegistries=1; type:IStringSerializable->StringRepresentable=1; type:NBTTagCompound->CompoundTag=11; type:World->Level=1
src/main/java/net/shadowmage/ancientwarfare/structure/tile/IDirectional.java,3,import:net.minecraft.util.EnumFacing->net.minecraft.core.Direction=1; type:EnumFacing->Direction=2
src/main/java/net/shadowmage/ancientwarfare/structure/tile/LootSettings.java,15,import:net.minecraft.nbt.NBTTagCompound->net.minecraft.nbt.CompoundTag=1; import:net.minecraft.nbt.NBTTagList->net.minecraft.nbt.ListTag=1; import:net.minecraft.potion.PotionEffect->net.minecraft.world.effect.MobEffectInstance=1; import:net.minecraft.util.ResourceLocation->net.minecraft.resources.ResourceLocation=1; type:NBTTagCompound->CompoundTag=8; type:NBTTagList->ListTag=3
src/main/java/net/shadowmage/ancientwarfare/structure/tile/ScannerTracker.java,9,import:net.minecraft.entity.player.EntityPlayer->net.minecraft.world.entity.player.Player=1; import:net.minecraft.item.ItemStack->net.minecraft.world.item.ItemStack=1; import:net.minecraft.util.math.BlockPos->net.minecraft.core.BlockPos=1; import:net.minecraftforge.fml.common.eventhandler.SubscribeEvent->net.minecraftforge.eventbus.api.SubscribeEvent=1; import:net.minecraftforge.fml.common.gameevent.TickEvent->net.minecraftforge.event.TickEvent=1; type:EntityPlayer->Player=4
src/main/java/net/shadowmage/ancientwarfare/structure/tile/SpawnerSettings.java,67,call:.getEntityBoundingBox()->.getBoundingBox()=3; call:.getEntityId()->.getId()=1; call:.getTotalWorldTime()->.getGameTime()=1; call:.getUniqueID()->.getUUID()=1; call:.isRemote->.isClientSide=1; call:.spawnEntity(->.addFreshEntity(=1; import:net.minecraft.entity.Entity->net.minecraft.world.entity.Entity=1; import:net.minecraft.entity.EntityAgeable->net.minecraft.world.entity.AgeableMob=1; import:net.minecraft.entity.EntityLiving->net.minecraft.world.entity.Mob=1; import:net.minecraft.entity.EntityLivingBase->net.minecraft.world.entity.LivingEntity=1; import:net.minecraft.entity.player.EntityPlayer->net.minecraft.world.entity.player.Player=1; import:net.minecraft.nbt.NBTTagCompound->net.minecraft.nbt.CompoundTag=1; import:net.minecraft.nbt.NBTTagList->net.minecraft.nbt.ListTag=1; import:net.minecraft.util.ResourceLocation->net.minecraft.resources.ResourceLocation=1; import:net.minecraft.util.math.AxisAlignedBB->net.minecraft.world.phys.AABB=1; import:net.minecraft.util.math.BlockPos->net.minecraft.core.BlockPos=1; import:net.minecraft.util.math.Vec3d->net.minecraft.world.phys.Vec3=1; import:net.minecraft.world.World->net.minecraft.world.level.Level=1; import:net.minecraftforge.fml.common.registry.ForgeRegistries->net.minecraftforge.registries.ForgeRegistries=1; type:AxisAlignedBB->AABB=2; type:EntityAgeable->AgeableMob=1; type:EntityLiving->Mob=5; type:EntityLivingBase->LivingEntity=1; type:EntityPlayer->Player=6; type:NBTTagCompound->CompoundTag=17; type:NBTTagList->ListTag=6; type:Vec3d->Vec3=2; type:World->Level=6
src/main/java/net/shadowmage/ancientwarfare/structure/tile/TEGateProxy.java,18,call:.getEntityId()->.getId()=1; call:.isRemote->.isClientSide=2; import:net.minecraft.entity.Entity->net.minecraft.world.entity.Entity=1; import:net.minecraft.nbt.NBTTagCompound->net.minecraft.nbt.CompoundTag=1; import:net.minecraft.util.math.AxisAlignedBB->net.minecraft.world.phys.AABB=1; import:net.minecraftforge.fml.relauncher.Side->net.minecraftforge.api.distmarker.Dist=1; import:net.minecraftforge.fml.relauncher.SideOnly->net.minecraftforge.api.distmarker.OnlyIn=1; type:AxisAlignedBB->AABB=1; type:NBTTagCompound->CompoundTag=5; type:Side->Dist=2; type:SideOnly->OnlyIn=2
src/main/java/net/shadowmage/ancientwarfare/structure/tile/TileAdvancedLootChest.java,31,call:.isRemote->.isClientSide=1; import:net.minecraft.entity.player.EntityPlayer->net.minecraft.world.entity.player.Player=1; import:net.minecraft.item.ItemStack->net.minecraft.world.item.ItemStack=1; import:net.minecraft.nbt.NBTTagCompound->net.minecraft.nbt.CompoundTag=1; import:net.minecraft.network.NetworkManager->net.minecraft.network.Connection=1; import:net.minecraft.network.play.server.SPacketUpdateTileEntity->net.minecraft.network.protocol.game.ClientboundBlockEntityDataPacket=1; import:net.minecraft.tileentity.TileEntityChest->net.minecraft.world.level.block.entity.ChestBlockEntity=1; import:net.minecraft.util.math.AxisAlignedBB->net.minecraft.world.phys.AABB=1; import:net.minecraftforge.fml.relauncher.Side->net.minecraftforge.api.distmarker.Dist=1; import:net.minecraftforge.fml.relauncher.SideOnly->net.minecraftforge.api.distmarker.OnlyIn=1; type:AxisAlignedBB->AABB=2; type:EntityPlayer->Player=1; type:NBTTagCompound->CompoundTag=9; type:NetworkManager->Connection=1; type:SPacketUpdateTileEntity->ClientboundBlockEntityDataPacket=3; type:Side->Dist=2; type:SideOnly->OnlyIn=2; type:TileEntityChest->ChestBlockEntity=1
src/main/java/net/shadowmage/ancientwarfare/structure/tile/TileAdvancedSpawner.java,19,call:.isRemote->.isClientSide=2; call:.spawnEntity(->.addFreshEntity(=1; import:net.minecraft.block.state.IBlockState->net.minecraft.world.level.block.state.BlockState=1; import:net.minecraft.entity.item.EntityXPOrb->net.minecraft.world.entity.ExperienceOrb=1; import:net.minecraft.nbt.NBTTagCompound->net.minecraft.nbt.CompoundTag=1; import:net.minecraft.util.math.BlockPos->net.minecraft.core.BlockPos=1; import:net.minecraft.world.World->net.minecraft.world.level.Level=1; type:EntityXPOrb->ExperienceOrb=2; type:IBlockState->BlockState=1; type:NBTTagCompound->CompoundTag=7; type:World->Level=1
src/main/java/net/shadowmage/ancientwarfare/structure/tile/TileAltarCandle.java,11,call:.getTagCompound()->.getTag()=1; call:.hasTagCompound()->.hasTag()=1; import:net.minecraft.item.ItemStack->net.minecraft.world.item.ItemStack=1; import:net.minecraft.nbt.NBTTagByte->net.minecraft.nbt.ByteTag=1; import:net.minecraft.nbt.NBTTagCompound->net.minecraft.nbt.CompoundTag=1; import:net.minecraft.nbt.NBTTagInt->net.minecraft.nbt.IntTag=1; type:NBTTagByte->ByteTag=1; type:NBTTagCompound->CompoundTag=3; type:NBTTagInt->IntTag=1
src/main/java/net/shadowmage/ancientwarfare/structure/tile/TileChair.java,16,import:net.minecraft.block.state.IBlockState->net.minecraft.world.level.block.state.BlockState=1; import:net.minecraft.nbt.NBTTagCompound->net.minecraft.nbt.CompoundTag=1; import:net.minecraft.util.EnumFacing->net.minecraft.core.Direction=1; import:net.minecraft.util.math.BlockPos->net.minecraft.core.BlockPos=1; import:net.minecraft.world.World->net.minecraft.world.level.Level=1; type:EnumFacing->Direction=5; type:IBlockState->BlockState=3; type:NBTTagCompound->CompoundTag=2; type:World->Level=1
src/main/java/net/shadowmage/ancientwarfare/structure/tile/TileCoffin.java,14,call:.isRemote->.isClientSide=1; import:net.minecraft.block.state.IBlockState->net.minecraft.world.level.block.state.BlockState=1; import:net.minecraft.entity.player.EntityPlayer->net.minecraft.world.entity.player.Player=1; import:net.minecraft.nbt.NBTTagCompound->net.minecraft.nbt.CompoundTag=1; import:net.minecraft.util.EnumFacing->net.minecraft.core.Direction=1; import:net.minecraft.util.math.BlockPos->net.minecraft.core.BlockPos=1; import:net.minecraft.world.World->net.minecraft.world.level.Level=1; type:EntityPlayer->Player=1; type:EnumFacing->Direction=1; type:IBlockState->BlockState=2; type:NBTTagCompound->CompoundTag=2; type:World->Level=1
src/main/java/net/shadowmage/ancientwarfare/structure/tile/TileColored.java,19,call:.getTagCompound()->.getTag()=1; call:.hasTagCompound()->.hasTag()=1; call:.setTagCompound(->.setTag(=1; import:net.minecraft.item.ItemStack->net.minecraft.world.item.ItemStack=1; import:net.minecraft.nbt.NBTTagCompound->net.minecraft.nbt.CompoundTag=1; import:net.minecraft.nbt.NBTTagInt->net.minecraft.nbt.IntTag=1; import:net.minecraftforge.fml.relauncher.Side->net.minecraftforge.api.distmarker.Dist=1; import:net.minecraftforge.fml.relauncher.SideOnly->net.minecraftforge.api.distmarker.OnlyIn=1; type:NBTTagCompound->CompoundTag=8; type:NBTTagInt->IntTag=1; type:Side->Dist=1; type:SideOnly->OnlyIn=1
src/main/java/net/shadowmage/ancientwarfare/structure/tile/TileDecorativeFlag.java,5,call:.setTagCompound(->.setTag(=1; import:net.minecraft.item.ItemStack->net.minecraft.world.item.ItemStack=1; import:net.minecraft.nbt.NBTTagCompound->net.minecraft.nbt.CompoundTag=1; type:NBTTagCompound->CompoundTag=2
src/main/java/net/shadowmage/ancientwarfare/structure/tile/TileDraftingStation.java,13,call:.isRemote->.isClientSide=1; import:net.minecraft.block.state.IBlockState->net.minecraft.world.level.block.state.BlockState=1; import:net.minecraft.item.ItemStack->net.minecraft.world.item.ItemStack=1; import:net.minecraft.nbt.NBTTagCompound->net.minecraft.nbt.CompoundTag=1; import:net.minecraft.nbt.NBTTagString->net.minecraft.nbt.StringTag=1; import:net.minecraft.tileentity.TileEntity->net.minecraft.world.level.block.entity.BlockEntity=1; import:net.minecraft.util.NonNullList->net.minecraft.core.NonNullList=1; type:IBlockState->BlockState=1; type:NBTTagCompound->CompoundTag=3; type:NBTTagString->StringTag=1; type:TileEntity->BlockEntity=1
src/main/java/net/shadowmage/ancientwarfare/structure/tile/TileFlag.java,20,call:.getTagCompound()->.getTag()=1; call:.hasTagCompound()->.hasTag()=1; import:net.minecraft.item.ItemStack->net.minecraft.world.item.ItemStack=1; import:net.minecraft.nbt.NBTTagCompound->net.minecraft.nbt.CompoundTag=1; import:net.minecraft.util.math.AxisAlignedBB->net.minecraft.world.phys.AABB=1; import:net.minecraftforge.fml.relauncher.Side->net.minecraftforge.api.distmarker.Dist=1; import:net.minecraftforge.fml.relauncher.SideOnly->net.minecraftforge.api.distmarker.OnlyIn=1; type:AxisAlignedBB->AABB=2; type:NBTTagCompound->CompoundTag=9; type:Side->Dist=1; type:SideOnly->OnlyIn=1
src/main/java/net/shadowmage/ancientwarfare/structure/tile/TileGravestone.java,20,call:.isRemote->.isClientSide=1; import:net.minecraft.block.state.IBlockState->net.minecraft.world.level.block.state.BlockState=1; import:net.minecraft.entity.player.EntityPlayer->net.minecraft.world.entity.player.Player=1; import:net.minecraft.nbt.NBTTagCompound->net.minecraft.nbt.CompoundTag=1; import:net.minecraft.util.EnumFacing->net.minecraft.core.Direction=1; type:EntityPlayer->Player=2; type:EnumFacing->Direction=4; type:IBlockState->BlockState=1; type:NBTTagCompound->CompoundTag=8
src/main/java/net/shadowmage/ancientwarfare/structure/tile/TileLootBasket.java,2,import:net.minecraft.block.state.IBlockState->net.minecraft.world.level.block.state.BlockState=1; type:IBlockState->BlockState=1
src/main/java/net/shadowmage/ancientwarfare/structure/tile/TileMulti.java,19,import:net.minecraft.block.state.IBlockState->net.minecraft.world.level.block.state.BlockState=1; import:net.minecraft.init.Blocks->net.minecraft.world.level.block.Blocks=1; import:net.minecraft.nbt.NBTTagCompound->net.minecraft.nbt.CompoundTag=1; import:net.minecraft.util.EnumFacing->net.minecraft.core.Direction=1; import:net.minecraft.util.math.BlockPos->net.minecraft.core.BlockPos=1; import:net.minecraft.world.World->net.minecraft.world.level.Level=1; type:EnumFacing->Direction=1; type:IBlockState->BlockState=4; type:NBTTagCompound->CompoundTag=7; type:World->Level=1
src/main/java/net/shadowmage/ancientwarfare/structure/tile/TileProtectionFlag.java,26,call:.isRemote->.isClientSide=2; call:.setTagCompound(->.setTag(=1; import:net.minecraft.entity.player.EntityPlayer->net.minecraft.world.entity.player.Player=1; import:net.minecraft.item.ItemStack->net.minecraft.world.item.ItemStack=1; import:net.minecraft.nbt.NBTTagCompound->net.minecraft.nbt.CompoundTag=1; import:net.minecraft.nbt.NBTUtil->net.minecraft.nbt.NbtUtils=1; import:net.minecraft.util.SoundCategory->net.minecraft.sounds.SoundSource=1; import:net.minecraft.util.math.AxisAlignedBB->net.minecraft.world.phys.AABB=1; import:net.minecraft.util.math.BlockPos->net.minecraft.core.BlockPos=1; import:net.minecraftforge.fml.relauncher.Side->net.minecraftforge.api.distmarker.Dist=1; import:net.minecraftforge.fml.relauncher.SideOnly->net.minecraftforge.api.distmarker.OnlyIn=1; type:EntityPlayer->Player=4; type:NBTTagCompound->CompoundTag=7; type:NBTUtil->NbtUtils=2; type:SoundCategory->SoundSource=1
src/main/java/net/shadowmage/ancientwarfare/structure/tile/TileSoundBlock.java,35,call:.getTotalWorldTime()->.getGameTime()=2; call:.getUniqueID()->.getUUID()=4; call:.isRemote->.isClientSide=3; import:net.minecraft.block.Block->net.minecraft.world.level.block.Block=1; import:net.minecraft.block.state.IBlockState->net.minecraft.world.level.block.state.BlockState=1; import:net.minecraft.item.ItemStack->net.minecraft.world.item.ItemStack=1; import:net.minecraft.nbt.NBTTagCompound->net.minecraft.nbt.CompoundTag=1; import:net.minecraft.nbt.NBTTagList->net.minecraft.nbt.ListTag=1; type:IBlockState->BlockState=2; type:NBTTagCompound->CompoundTag=16; type:NBTTagList->ListTag=3
src/main/java/net/shadowmage/ancientwarfare/structure/tile/TileStake.java,14,import:net.minecraft.entity.Entity->net.minecraft.world.entity.Entity=1; import:net.minecraft.nbt.NBTTagCompound->net.minecraft.nbt.CompoundTag=1; import:net.minecraft.util.ResourceLocation->net.minecraft.resources.ResourceLocation=1; import:net.minecraft.util.math.AxisAlignedBB->net.minecraft.world.phys.AABB=1; type:AxisAlignedBB->AABB=2; type:NBTTagCompound->CompoundTag=8
src/main/java/net/shadowmage/ancientwarfare/structure/tile/TileStatue.java,19,import:net.minecraft.nbt.NBTTagCompound->net.minecraft.nbt.CompoundTag=1; import:net.minecraft.tileentity.TileEntity->net.minecraft.world.level.block.entity.BlockEntity=1; import:net.minecraft.util.EnumFacing->net.minecraft.core.Direction=1; import:net.minecraft.util.math.AxisAlignedBB->net.minecraft.world.phys.AABB=1; type:AxisAlignedBB->AABB=2; type:EnumFacing->Direction=4; type:NBTTagCompound->CompoundTag=9
src/main/java/net/shadowmage/ancientwarfare/structure/tile/TileStoneCoffin.java,13,import:net.minecraft.block.state.IBlockState->net.minecraft.world.level.block.state.BlockState=1; import:net.minecraft.nbt.NBTTagCompound->net.minecraft.nbt.CompoundTag=1; import:net.minecraft.util.SoundCategory->net.minecraft.sounds.SoundSource=1; import:net.minecraft.util.SoundEvent->net.minecraft.sounds.SoundEvent=1; import:net.minecraft.util.math.AxisAlignedBB->net.minecraft.world.phys.AABB=1; import:net.minecraft.util.math.BlockPos->net.minecraft.core.BlockPos=1; import:net.minecraft.util.math.Vec3i->net.minecraft.core.Vec3i=1; type:AxisAlignedBB->AABB=2; type:IBlockState->BlockState=1; type:NBTTagCompound->CompoundTag=2; type:SoundCategory->SoundSource=1
src/main/java/net/shadowmage/ancientwarfare/structure/tile/TileStructureBuilder.java,37,api:Loader.isModLoaded->ModList.get().isLoaded=2; call:.isRemote->.isClientSide=1; import:net.minecraft.block.state.IBlockState->net.minecraft.world.level.block.state.BlockState=1; import:net.minecraft.entity.player.EntityPlayer->net.minecraft.world.entity.player.Player=1; import:net.minecraft.nbt.NBTTagCompound->net.minecraft.nbt.CompoundTag=1; import:net.minecraft.util.EnumFacing->net.minecraft.core.Direction=1; import:net.minecraft.util.math.AxisAlignedBB->net.minecraft.world.phys.AABB=1; import:net.minecraft.util.math.BlockPos->net.minecraft.core.BlockPos=1; import:net.minecraftforge.fml.relauncher.Side->net.minecraftforge.api.distmarker.Dist=1; import:net.minecraftforge.fml.relauncher.SideOnly->net.minecraftforge.api.distmarker.OnlyIn=1; type:AxisAlignedBB->AABB=2; type:EntityPlayer->Player=4; type:EnumFacing->Direction=10; type:IBlockState->BlockState=1; type:NBTTagCompound->CompoundTag=7; type:Side->Dist=1; type:SideOnly->OnlyIn=1
src/main/java/net/shadowmage/ancientwarfare/structure/tile/TileStructureScanner.java,43,call:.isRemote->.isClientSide=1; import:net.minecraft.block.state.IBlockState->net.minecraft.world.level.block.state.BlockState=1; import:net.minecraft.entity.Entity->net.minecraft.world.entity.Entity=1; import:net.minecraft.entity.item.EntityItem->net.minecraft.world.entity.item.ItemEntity=1; import:net.minecraft.item.ItemStack->net.minecraft.world.item.ItemStack=1; import:net.minecraft.nbt.NBTTagCompound->net.minecraft.nbt.CompoundTag=1; import:net.minecraft.util.EnumFacing->net.minecraft.core.Direction=1; import:net.minecraft.util.math.AxisAlignedBB->net.minecraft.world.phys.AABB=1; import:net.minecraft.util.math.BlockPos->net.minecraft.core.BlockPos=1; import:net.minecraftforge.fml.relauncher.Side->net.minecraftforge.api.distmarker.Dist=1; import:net.minecraftforge.fml.relauncher.SideOnly->net.minecraftforge.api.distmarker.OnlyIn=1; type:AxisAlignedBB->AABB=8; type:EntityItem->ItemEntity=1; type:EnumFacing->Direction=14; type:IBlockState->BlockState=1; type:NBTTagCompound->CompoundTag=6; type:Side->Dist=1; type:SideOnly->OnlyIn=1
src/main/java/net/shadowmage/ancientwarfare/structure/tile/TileTotemPart.java,6,import:net.minecraft.block.state.IBlockState->net.minecraft.world.level.block.state.BlockState=1; import:net.minecraft.nbt.NBTTagCompound->net.minecraft.nbt.CompoundTag=1; import:net.minecraft.util.math.BlockPos->net.minecraft.core.BlockPos=1; type:IBlockState->BlockState=1; type:NBTTagCompound->CompoundTag=2
src/main/java/net/shadowmage/ancientwarfare/structure/tile/TileUrn.java,11,import:net.minecraft.block.state.IBlockState->net.minecraft.world.level.block.state.BlockState=1; import:net.minecraft.nbt.NBTTagCompound->net.minecraft.nbt.CompoundTag=1; type:IBlockState->BlockState=1; type:NBTTagCompound->CompoundTag=8
src/main/java/net/shadowmage/ancientwarfare/structure/tile/TileWoodenCoffin.java,18,import:net.minecraft.block.state.IBlockState->net.minecraft.world.level.block.state.BlockState=1; import:net.minecraft.nbt.NBTTagCompound->net.minecraft.nbt.CompoundTag=1; import:net.minecraft.util.EnumFacing->net.minecraft.core.Direction=1; import:net.minecraft.util.SoundCategory->net.minecraft.sounds.SoundSource=1; import:net.minecraft.util.math.AxisAlignedBB->net.minecraft.world.phys.AABB=1; import:net.minecraft.util.math.BlockPos->net.minecraft.core.BlockPos=1; import:net.minecraft.util.math.Vec3i->net.minecraft.core.Vec3i=1; import:net.minecraft.world.World->net.minecraft.world.level.Level=1; type:AxisAlignedBB->AABB=3; type:EnumFacing->Direction=1; type:IBlockState->BlockState=2; type:NBTTagCompound->CompoundTag=2; type:SoundCategory->SoundSource=1; type:World->Level=1
src/main/java/net/shadowmage/ancientwarfare/structure/town/TownGenerator.java,17,call:.getDefaultState()->.defaultBlockState()=1; call:.spawnEntity(->.addFreshEntity(=1; import:net.minecraft.block.state.IBlockState->net.minecraft.world.level.block.state.BlockState=1; import:net.minecraft.entity.passive.EntityVillager->net.minecraft.world.entity.npc.Villager=1; import:net.minecraft.init.Blocks->net.minecraft.world.level.block.Blocks=1; import:net.minecraft.util.EnumFacing->net.minecraft.core.Direction=1; import:net.minecraft.util.math.BlockPos->net.minecraft.core.BlockPos=1; import:net.minecraft.world.World->net.minecraft.world.level.Level=1; import:net.minecraft.world.biome.Biome->net.minecraft.world.level.biome.Biome=1; import:net.minecraftforge.fml.common.registry.ForgeRegistries->net.minecraftforge.registries.ForgeRegistries=1; type:EntityVillager->Villager=2; type:EnumFacing->Direction=1; type:IBlockState->BlockState=2; type:World->Level=2
src/main/java/net/shadowmage/ancientwarfare/structure/town/TownGeneratorBorders.java,15,call:.getDefaultState()->.defaultBlockState()=1; import:net.minecraft.block.state.IBlockState->net.minecraft.world.level.block.state.BlockState=1; import:net.minecraft.init.Blocks->net.minecraft.world.level.block.Blocks=1; import:net.minecraft.util.math.BlockPos->net.minecraft.core.BlockPos=1; import:net.minecraft.world.World->net.minecraft.world.level.Level=1; import:net.minecraft.world.biome.Biome->net.minecraft.world.level.biome.Biome=1; type:IBlockState->BlockState=4; type:World->Level=5
src/main/java/net/shadowmage/ancientwarfare/structure/town/TownGeneratorStructures.java,20,import:net.minecraft.util.EnumFacing->net.minecraft.core.Direction=1; import:net.minecraft.util.math.BlockPos->net.minecraft.core.BlockPos=1; import:net.minecraft.world.World->net.minecraft.world.level.Level=1; type:EnumFacing->Direction=15; type:World->Level=2
src/main/java/net/shadowmage/ancientwarfare/structure/town/TownGeneratorWalls.java,14,import:net.minecraft.util.EnumFacing->net.minecraft.core.Direction=1; import:net.minecraft.util.math.BlockPos->net.minecraft.core.BlockPos=1; import:net.minecraft.world.World->net.minecraft.world.level.Level=1; type:EnumFacing->Direction=9; type:World->Level=2
src/main/java/net/shadowmage/ancientwarfare/structure/town/TownPartBlock.java,1,import:net.minecraft.util.math.BlockPos->net.minecraft.core.BlockPos=1
src/main/java/net/shadowmage/ancientwarfare/structure/town/TownPartPlot.java,1,import:net.minecraft.util.math.BlockPos->net.minecraft.core.BlockPos=1
src/main/java/net/shadowmage/ancientwarfare/structure/town/TownPartQuadrant.java,1,import:net.minecraft.util.math.BlockPos->net.minecraft.core.BlockPos=1
src/main/java/net/shadowmage/ancientwarfare/structure/town/TownPlacementValidator.java,15,import:net.minecraft.block.Block->net.minecraft.world.level.block.Block=1; import:net.minecraft.block.state.IBlockState->net.minecraft.world.level.block.state.BlockState=1; import:net.minecraft.util.math.BlockPos->net.minecraft.core.BlockPos=1; import:net.minecraft.world.World->net.minecraft.world.level.Level=1; import:net.minecraft.world.chunk.Chunk->net.minecraft.world.level.chunk.LevelChunk=1; type:IBlockState->BlockState=1; type:World->Level=9
src/main/java/net/shadowmage/ancientwarfare/structure/town/TownTemplate.java,5,import:net.minecraft.block.state.IBlockState->net.minecraft.world.level.block.state.BlockState=1; import:net.minecraft.util.ResourceLocation->net.minecraft.resources.ResourceLocation=1; type:IBlockState->BlockState=3
src/main/java/net/shadowmage/ancientwarfare/structure/town/TownTemplateManager.java,7,import:net.minecraft.util.ResourceLocation->net.minecraft.resources.ResourceLocation=1; import:net.minecraft.util.math.BlockPos->net.minecraft.core.BlockPos=1; import:net.minecraft.world.World->net.minecraft.world.level.Level=1; import:net.minecraft.world.biome.Biome->net.minecraft.world.level.biome.Biome=1; type:World->Level=3
src/main/java/net/shadowmage/ancientwarfare/structure/town/TownTemplateParser.java,3,call:.getDefaultState()->.defaultBlockState()=1; import:net.minecraft.init.Blocks->net.minecraft.world.level.block.Blocks=1; import:net.minecraft.util.ResourceLocation->net.minecraft.resources.ResourceLocation=1
src/main/java/net/shadowmage/ancientwarfare/structure/town/WorldTownGenerator.java,7,import:net.minecraft.util.math.BlockPos->net.minecraft.core.BlockPos=1; import:net.minecraft.world.World->net.minecraft.world.level.Level=1; type:World->Level=5
src/main/java/net/shadowmage/ancientwarfare/structure/util/BlockHighlightInfo.java,1,import:net.minecraft.util.math.BlockPos->net.minecraft.core.BlockPos=1
src/main/java/net/shadowmage/ancientwarfare/structure/util/BlockSongPlayData.java,10,call:.getWorldTime()->.getDayTime()=1; import:net.minecraft.nbt.NBTTagCompound->net.minecraft.nbt.CompoundTag=1; import:net.minecraft.world.World->net.minecraft.world.level.Level=1; type:NBTTagCompound->CompoundTag=3; type:World->Level=4
src/main/java/net/shadowmage/ancientwarfare/structure/util/BlockStateProperties.java,3,import:net.minecraft.block.properties.PropertyEnum->net.minecraft.world.level.block.state.properties.EnumProperty=1; type:PropertyEnum->EnumProperty=2
src/main/java/net/shadowmage/ancientwarfare/structure/util/CapabilityRespawnData.java,17,import:net.minecraft.entity.Entity->net.minecraft.world.entity.Entity=1; import:net.minecraft.entity.EntityLivingBase->net.minecraft.world.entity.LivingEntity=1; import:net.minecraft.nbt.NBTBase->net.minecraft.nbt.Tag=1; import:net.minecraft.nbt.NBTTagCompound->net.minecraft.nbt.CompoundTag=1; import:net.minecraft.util.EnumFacing->net.minecraft.core.Direction=1; import:net.minecraft.util.ResourceLocation->net.minecraft.resources.ResourceLocation=1; import:net.minecraft.util.math.BlockPos->net.minecraft.core.BlockPos=1; type:EntityLivingBase->LivingEntity=1; type:EnumFacing->Direction=2; type:NBTBase->Tag=2; type:NBTTagCompound->CompoundTag=5
src/main/java/net/shadowmage/ancientwarfare/structure/util/ConquerHelper.java,17,call:.getTotalWorldTime()->.getGameTime()=1; call:.setDead()->.discard()=1; import:net.minecraft.entity.player.EntityPlayer->net.minecraft.world.entity.player.Player=1; import:net.minecraft.entity.player.EntityPlayerMP->net.minecraft.server.level.ServerPlayer=1; import:net.minecraft.init.MobEffects->net.minecraft.world.effect.MobEffects=1; import:net.minecraft.potion.PotionEffect->net.minecraft.world.effect.MobEffectInstance=1; import:net.minecraft.util.math.AxisAlignedBB->net.minecraft.world.phys.AABB=1; import:net.minecraft.util.math.BlockPos->net.minecraft.core.BlockPos=1; import:net.minecraft.world.World->net.minecraft.world.level.Level=1; type:AxisAlignedBB->AABB=1; type:EntityPlayer->Player=3; type:EntityPlayerMP->ServerPlayer=1; type:World->Level=3
src/main/java/net/shadowmage/ancientwarfare/structure/util/IRespawnData.java,4,import:net.minecraft.nbt.NBTTagCompound->net.minecraft.nbt.CompoundTag=1; import:net.minecraft.util.math.BlockPos->net.minecraft.core.BlockPos=1; type:NBTTagCompound->CompoundTag=2
src/main/java/net/shadowmage/ancientwarfare/structure/util/LootHelper.java,28,call:.isRemote->.isClientSide=1; call:.spawnEntity(->.addFreshEntity(=2; import:net.minecraft.entity.player.EntityPlayer->net.minecraft.world.entity.player.Player=1; import:net.minecraft.init.Items->net.minecraft.world.item.Items=1; import:net.minecraft.item.ItemStack->net.minecraft.world.item.ItemStack=1; import:net.minecraft.tileentity.TileEntity->net.minecraft.world.level.block.entity.BlockEntity=1; import:net.minecraft.util.ResourceLocation->net.minecraft.resources.ResourceLocation=1; import:net.minecraft.util.math.BlockPos->net.minecraft.core.BlockPos=1; import:net.minecraft.util.math.Vec3d->net.minecraft.world.phys.Vec3=1; import:net.minecraft.util.math.Vec3i->net.minecraft.core.Vec3i=1; type:EntityPlayer->Player=7; type:TileEntity->BlockEntity=7; type:Vec3d->Vec3=3
src/main/java/net/shadowmage/ancientwarfare/structure/util/MultiBlockHelper.java,26,import:net.minecraft.block.Block->net.minecraft.world.level.block.Block=1; import:net.minecraft.block.SoundType->net.minecraft.world.level.block.SoundType=1; import:net.minecraft.block.state.IBlockState->net.minecraft.world.level.block.state.BlockState=1; import:net.minecraft.entity.player.EntityPlayer->net.minecraft.world.entity.player.Player=1; import:net.minecraft.item.ItemBlock->net.minecraft.world.item.BlockItem=1; import:net.minecraft.item.ItemStack->net.minecraft.world.item.ItemStack=1; import:net.minecraft.util.EnumActionResult->net.minecraft.world.InteractionResult=1; import:net.minecraft.util.EnumFacing->net.minecraft.core.Direction=1; import:net.minecraft.util.EnumHand->net.minecraft.world.InteractionHand=1; import:net.minecraft.util.SoundCategory->net.minecraft.sounds.SoundSource=1; import:net.minecraft.util.math.BlockPos->net.minecraft.core.BlockPos=1; import:net.minecraft.world.World->net.minecraft.world.level.Level=1; type:EntityPlayer->Player=2; type:EnumActionResult->InteractionResult=3; type:EnumFacing->Direction=2; type:EnumHand->InteractionHand=1; type:IBlockState->BlockState=2; type:ItemBlock->BlockItem=1; type:SoundCategory->SoundSource=1; type:World->Level=2
src/main/java/net/shadowmage/ancientwarfare/structure/util/PotionHelper.java,15,import:net.minecraft.item.ItemStack->net.minecraft.world.item.ItemStack=1; import:net.minecraft.nbt.NBTTagCompound->net.minecraft.nbt.CompoundTag=1; import:net.minecraft.nbt.NBTTagList->net.minecraft.nbt.ListTag=1; import:net.minecraft.potion.Potion->net.minecraft.world.effect.MobEffect=1; import:net.minecraft.potion.PotionEffect->net.minecraft.world.effect.MobEffectInstance=1; type:NBTTagCompound->CompoundTag=7; type:NBTTagList->ListTag=3
src/main/java/net/shadowmage/ancientwarfare/structure/util/RespawnData.java,6,import:net.minecraft.nbt.NBTTagCompound->net.minecraft.nbt.CompoundTag=1; import:net.minecraft.util.math.BlockPos->net.minecraft.core.BlockPos=1; type:NBTTagCompound->CompoundTag=4
src/main/java/net/shadowmage/ancientwarfare/structure/util/RespawnDataCapabilityProvider.java,8,import:net.minecraft.nbt.NBTTagCompound->net.minecraft.nbt.CompoundTag=1; import:net.minecraft.util.EnumFacing->net.minecraft.core.Direction=1; type:EnumFacing->Direction=2; type:NBTTagCompound->CompoundTag=4
src/main/java/net/shadowmage/ancientwarfare/structure/util/RotationLimit.java,3,import:net.minecraft.util.EnumFacing->net.minecraft.core.Direction=1; type:EnumFacing->Direction=2
src/main/java/net/shadowmage/ancientwarfare/structure/util/SpawnerHelper.java,5,call:.getDefaultState()->.defaultBlockState()=1; call:.getTotalWorldTime()->.getGameTime()=1; import:net.minecraft.util.ResourceLocation->net.minecraft.resources.ResourceLocation=1; import:net.minecraft.world.World->net.minecraft.world.level.Level=1; type:World->Level=1
src/main/java/net/shadowmage/ancientwarfare/structure/util/WoodVariantHelper.java,22,call:.getTagCompound()->.getTag()=2; call:.hasTagCompound()->.hasTag()=2; import:net.minecraft.block.Block->net.minecraft.world.level.block.Block=1; import:net.minecraft.block.state.IBlockState->net.minecraft.world.level.block.state.BlockState=1; import:net.minecraft.item.ItemStack->net.minecraft.world.item.ItemStack=1; import:net.minecraft.nbt.NBTTagString->net.minecraft.nbt.StringTag=1; import:net.minecraft.util.NonNullList->net.minecraft.core.NonNullList=1; import:net.minecraft.util.ResourceLocation->net.minecraft.resources.ResourceLocation=1; import:net.minecraftforge.fml.relauncher.Side->net.minecraftforge.api.distmarker.Dist=1; import:net.minecraftforge.fml.relauncher.SideOnly->net.minecraftforge.api.distmarker.OnlyIn=1; type:IBlockState->BlockState=3; type:NBTTagString->StringTag=1; type:Side->Dist=3; type:SideOnly->OnlyIn=3
src/main/java/net/shadowmage/ancientwarfare/structure/worldgen/CapabilityTerritoryData.java,17,import:net.minecraft.nbt.NBTBase->net.minecraft.nbt.Tag=1; import:net.minecraft.nbt.NBTTagCompound->net.minecraft.nbt.CompoundTag=1; import:net.minecraft.util.EnumFacing->net.minecraft.core.Direction=1; import:net.minecraft.util.ResourceLocation->net.minecraft.resources.ResourceLocation=1; import:net.minecraft.world.World->net.minecraft.world.level.Level=1; type:EnumFacing->Direction=4; type:NBTBase->Tag=2; type:NBTTagCompound->CompoundTag=5; type:World->Level=1
src/main/java/net/shadowmage/ancientwarfare/structure/worldgen/ITerritoryData.java,2,import:net.minecraft.nbt.NBTTagCompound->net.minecraft.nbt.CompoundTag=1; type:NBTTagCompound->CompoundTag=1
src/main/java/net/shadowmage/ancientwarfare/structure/worldgen/Territory.java,10,import:net.minecraft.nbt.NBTTagCompound->net.minecraft.nbt.CompoundTag=1; import:net.minecraft.nbt.NBTTagLong->net.minecraft.nbt.LongTag=1; import:net.minecraft.util.math.BlockPos->net.minecraft.core.BlockPos=1; type:NBTTagCompound->CompoundTag=5; type:NBTTagLong->LongTag=2
src/main/java/net/shadowmage/ancientwarfare/structure/worldgen/TerritoryData.java,7,import:net.minecraft.nbt.NBTTagCompound->net.minecraft.nbt.CompoundTag=1; import:net.minecraft.util.math.ChunkPos->net.minecraft.world.level.ChunkPos=1; type:NBTTagCompound->CompoundTag=5
src/main/java/net/shadowmage/ancientwarfare/structure/worldgen/TerritoryManager.java,10,import:net.minecraft.util.ResourceLocation->net.minecraft.resources.ResourceLocation=1; import:net.minecraft.util.math.BlockPos->net.minecraft.core.BlockPos=1; import:net.minecraft.util.math.ChunkPos->net.minecraft.world.level.ChunkPos=1; import:net.minecraft.world.World->net.minecraft.world.level.Level=1; import:net.minecraft.world.biome.Biome->net.minecraft.world.level.biome.Biome=1; import:net.minecraft.world.chunk.Chunk->net.minecraft.world.level.chunk.LevelChunk=1; import:net.minecraftforge.fml.common.registry.ForgeRegistries->net.minecraftforge.registries.ForgeRegistries=1; type:World->Level=3
src/main/java/net/shadowmage/ancientwarfare/structure/worldgen/WorldGenTickHandler.java,8,import:net.minecraft.world.World->net.minecraft.world.level.Level=1; import:net.minecraftforge.fml.common.eventhandler.SubscribeEvent->net.minecraftforge.eventbus.api.SubscribeEvent=1; type:World->Level=6
src/main/java/net/shadowmage/ancientwarfare/structure/worldgen/WorldStructureGenerator.java,27,call:.getDefaultState()->.defaultBlockState()=5; import:net.minecraft.block.Block->net.minecraft.world.level.block.Block=1; import:net.minecraft.block.state.IBlockState->net.minecraft.world.level.block.state.BlockState=1; import:net.minecraft.init.Blocks->net.minecraft.world.level.block.Blocks=1; import:net.minecraft.util.EnumFacing->net.minecraft.core.Direction=1; import:net.minecraft.util.math.BlockPos->net.minecraft.core.BlockPos=1; import:net.minecraft.world.World->net.minecraft.world.level.Level=1; type:EnumFacing->Direction=5; type:IBlockState->BlockState=2; type:World->Level=9
src/main/java/net/shadowmage/ancientwarfare/structure/worldgen/stats/WorldGenStatistics.java,3,import:net.minecraft.util.math.BlockPos->net.minecraft.core.BlockPos=1; import:net.minecraft.world.World->net.minecraft.world.level.Level=1; type:World->Level=1
src/main/java/net/shadowmage/ancientwarfare/vehicle/AWVehicleTab.java,1,import:net.minecraft.item.ItemStack->net.minecraft.world.item.ItemStack=1
src/main/java/net/shadowmage/ancientwarfare/vehicle/VehicleVarHelpers/BallistaVarHelper.java,5,import:net.minecraft.nbt.NBTTagCompound->net.minecraft.nbt.CompoundTag=1; type:NBTTagCompound->CompoundTag=4
src/main/java/net/shadowmage/ancientwarfare/vehicle/VehicleVarHelpers/BatteringRamVarHelper.java,11,call:.isRemote->.isClientSide=1; import:net.minecraft.entity.Entity->net.minecraft.world.entity.Entity=1; import:net.minecraft.nbt.NBTTagCompound->net.minecraft.nbt.CompoundTag=1; import:net.minecraft.util.math.AxisAlignedBB->net.minecraft.world.phys.AABB=1; import:net.minecraft.util.math.BlockPos->net.minecraft.core.BlockPos=1; type:AxisAlignedBB->AABB=2; type:NBTTagCompound->CompoundTag=4
src/main/java/net/shadowmage/ancientwarfare/vehicle/VehicleVarHelpers/CatapultVarHelper.java,5,import:net.minecraft.nbt.NBTTagCompound->net.minecraft.nbt.CompoundTag=1; type:NBTTagCompound->CompoundTag=4
src/main/java/net/shadowmage/ancientwarfare/vehicle/VehicleVarHelpers/DummyVehicleHelper.java,4,import:net.minecraft.nbt.NBTTagCompound->net.minecraft.nbt.CompoundTag=1; type:NBTTagCompound->CompoundTag=3
src/main/java/net/shadowmage/ancientwarfare/vehicle/armors/IVehicleArmor.java,1,import:net.minecraft.util.ResourceLocation->net.minecraft.resources.ResourceLocation=1
src/main/java/net/shadowmage/ancientwarfare/vehicle/armors/VehicleArmorBase.java,1,import:net.minecraft.util.ResourceLocation->net.minecraft.resources.ResourceLocation=1
src/main/java/net/shadowmage/ancientwarfare/vehicle/config/AWVehicleStatics.java,1,import:net.minecraftforge.fml.common.eventhandler.SubscribeEvent->net.minecraftforge.eventbus.api.SubscribeEvent=1
src/main/java/net/shadowmage/ancientwarfare/vehicle/container/ContainerVehicle.java,2,import:net.minecraft.entity.player.EntityPlayer->net.minecraft.world.entity.player.Player=1; type:EntityPlayer->Player=1
src/main/java/net/shadowmage/ancientwarfare/vehicle/container/ContainerVehicleInventory.java,8,import:net.minecraft.entity.player.EntityPlayer->net.minecraft.world.entity.player.Player=1; import:net.minecraft.inventory.Slot->net.minecraft.world.inventory.Slot=1; import:net.minecraft.item.ItemStack->net.minecraft.world.item.ItemStack=1; import:net.minecraft.nbt.NBTTagCompound->net.minecraft.nbt.CompoundTag=1; type:EntityPlayer->Player=3; type:NBTTagCompound->CompoundTag=1
src/main/java/net/shadowmage/ancientwarfare/vehicle/entity/IMissileHitCallback.java,4,import:net.minecraft.entity.Entity->net.minecraft.world.entity.Entity=1; import:net.minecraft.world.World->net.minecraft.world.level.Level=1; type:World->Level=2
src/main/java/net/shadowmage/ancientwarfare/vehicle/entity/IPathableEntity.java,1,import:net.minecraft.entity.Entity->net.minecraft.world.entity.Entity=1
src/main/java/net/shadowmage/ancientwarfare/vehicle/entity/IVehicleType.java,6,import:net.minecraft.item.ItemStack->net.minecraft.world.item.ItemStack=1; import:net.minecraft.util.ResourceLocation->net.minecraft.resources.ResourceLocation=1; import:net.minecraftforge.fml.relauncher.Side->net.minecraftforge.api.distmarker.Dist=1; import:net.minecraftforge.fml.relauncher.SideOnly->net.minecraftforge.api.distmarker.OnlyIn=1; type:Side->Dist=1; type:SideOnly->OnlyIn=1
src/main/java/net/shadowmage/ancientwarfare/vehicle/entity/VehicleBase.java,90,call:.getDistanceSq(->.distanceToSqr(=1; call:.getEntityBoundingBox()->.getBoundingBox()=2; call:.getEntityId()->.getId()=1; call:.getTagCompound()->.getTag()=1; call:.isRemote->.isClientSide=6; call:.setDead()->.discard()=2; import:net.minecraft.block.state.IBlockState->net.minecraft.world.level.block.state.BlockState=1; import:net.minecraft.entity.Entity->net.minecraft.world.entity.Entity=1; import:net.minecraft.entity.EntityLivingBase->net.minecraft.world.entity.LivingEntity=1; import:net.minecraft.entity.player.EntityPlayer->net.minecraft.world.entity.player.Player=1; import:net.minecraft.entity.player.EntityPlayerMP->net.minecraft.server.level.ServerPlayer=1; import:net.minecraft.init.Blocks->net.minecraft.world.level.block.Blocks=1; import:net.minecraft.item.ItemStack->net.minecraft.world.item.ItemStack=1; import:net.minecraft.nbt.NBTTagCompound->net.minecraft.nbt.CompoundTag=1; import:net.minecraft.network.PacketBuffer->net.minecraft.network.FriendlyByteBuf=1; import:net.minecraft.network.datasync.DataParameter->net.minecraft.network.syncher.EntityDataAccessor=1; import:net.minecraft.network.datasync.DataSerializers->net.minecraft.network.syncher.EntityDataSerializers=1; import:net.minecraft.network.datasync.EntityDataManager->net.minecraft.network.syncher.SynchedEntityData=1; import:net.minecraft.util.EnumFacing->net.minecraft.core.Direction=1; import:net.minecraft.util.EnumHand->net.minecraft.world.InteractionHand=1; import:net.minecraft.util.ResourceLocation->net.minecraft.resources.ResourceLocation=1; import:net.minecraft.util.math.AxisAlignedBB->net.minecraft.world.phys.AABB=1; import:net.minecraft.util.math.BlockPos->net.minecraft.core.BlockPos=1; import:net.minecraft.util.math.MathHelper->net.minecraft.util.Mth=1; import:net.minecraft.util.math.RayTraceResult->net.minecraft.world.phys.HitResult=1; import:net.minecraft.util.math.Vec3d->net.minecraft.world.phys.Vec3=1; import:net.minecraft.world.World->net.minecraft.world.level.Level=1; import:net.minecraftforge.fml.common.registry.IEntityAdditionalSpawnData->net.minecraftforge.entity.IEntityAdditionalSpawnData=1; type:AxisAlignedBB->AABB=2; type:DataParameter->EntityDataAccessor=3; type:DataSerializers->EntityDataSerializers=3; type:EntityDataManager->SynchedEntityData=3; type:EntityLivingBase->LivingEntity=1; type:EntityPlayer->Player=4; type:EntityPlayerMP->ServerPlayer=12; type:EnumFacing->Direction=2; type:EnumHand->InteractionHand=1; type:IBlockState->BlockState=3; type:MathHelper->Mth=7; type:NBTTagCompound->CompoundTag=4; type:PacketBuffer->FriendlyByteBuf=4; type:RayTraceResult->HitResult=1; type:Vec3d->Vec3=2; type:World->Level=3
src/main/java/net/shadowmage/ancientwarfare/vehicle/entity/types/VehicleType.java,14,import:net.minecraft.client.resources.I18n->net.minecraft.client.resources.language.I18n=1; import:net.minecraft.item.ItemStack->net.minecraft.world.item.ItemStack=1; import:net.minecraft.nbt.NBTTagCompound->net.minecraft.nbt.CompoundTag=1; import:net.minecraft.util.ResourceLocation->net.minecraft.resources.ResourceLocation=1; import:net.minecraft.world.World->net.minecraft.world.level.Level=1; import:net.minecraftforge.fml.relauncher.Side->net.minecraftforge.api.distmarker.Dist=1; import:net.minecraftforge.fml.relauncher.SideOnly->net.minecraftforge.api.distmarker.OnlyIn=1; type:NBTTagCompound->CompoundTag=4; type:Side->Dist=1; type:SideOnly->OnlyIn=1; type:World->Level=1
src/main/java/net/shadowmage/ancientwarfare/vehicle/entity/types/VehicleTypeBallistaMobile.java,1,import:net.minecraft.util.ResourceLocation->net.minecraft.resources.ResourceLocation=1
src/main/java/net/shadowmage/ancientwarfare/vehicle/entity/types/VehicleTypeBallistaMobileTurret.java,1,import:net.minecraft.util.ResourceLocation->net.minecraft.resources.ResourceLocation=1
src/main/java/net/shadowmage/ancientwarfare/vehicle/entity/types/VehicleTypeBallistaStand.java,1,import:net.minecraft.util.ResourceLocation->net.minecraft.resources.ResourceLocation=1
src/main/java/net/shadowmage/ancientwarfare/vehicle/entity/types/VehicleTypeBallistaStandTurret.java,1,import:net.minecraft.util.ResourceLocation->net.minecraft.resources.ResourceLocation=1
src/main/java/net/shadowmage/ancientwarfare/vehicle/entity/types/VehicleTypeBatteringRam.java,4,import:net.minecraft.util.ResourceLocation->net.minecraft.resources.ResourceLocation=1; import:net.minecraft.util.math.BlockPos->net.minecraft.core.BlockPos=1; import:net.minecraft.util.math.Vec3d->net.minecraft.world.phys.Vec3=1; type:Vec3d->Vec3=1
src/main/java/net/shadowmage/ancientwarfare/vehicle/entity/types/VehicleTypeBoatBallista.java,1,import:net.minecraft.util.ResourceLocation->net.minecraft.resources.ResourceLocation=1
src/main/java/net/shadowmage/ancientwarfare/vehicle/entity/types/VehicleTypeBoatCatapult.java,1,import:net.minecraft.util.ResourceLocation->net.minecraft.resources.ResourceLocation=1
src/main/java/net/shadowmage/ancientwarfare/vehicle/entity/types/VehicleTypeBoatTransport.java,1,import:net.minecraft.util.ResourceLocation->net.minecraft.resources.ResourceLocation=1
src/main/java/net/shadowmage/ancientwarfare/vehicle/entity/types/VehicleTypeCannon.java,10,call:.isRemote->.isClientSide=3; import:net.minecraft.init.SoundEvents->net.minecraft.sounds.SoundEvents=1; import:net.minecraft.nbt.NBTTagCompound->net.minecraft.nbt.CompoundTag=1; import:net.minecraft.util.ResourceLocation->net.minecraft.resources.ResourceLocation=1; type:NBTTagCompound->CompoundTag=4
src/main/java/net/shadowmage/ancientwarfare/vehicle/entity/types/VehicleTypeCatapultMobileFixed.java,1,import:net.minecraft.util.ResourceLocation->net.minecraft.resources.ResourceLocation=1
src/main/java/net/shadowmage/ancientwarfare/vehicle/entity/types/VehicleTypeCatapultMobileTurret.java,1,import:net.minecraft.util.ResourceLocation->net.minecraft.resources.ResourceLocation=1
src/main/java/net/shadowmage/ancientwarfare/vehicle/entity/types/VehicleTypeCatapultStandFixed.java,1,import:net.minecraft.util.ResourceLocation->net.minecraft.resources.ResourceLocation=1
src/main/java/net/shadowmage/ancientwarfare/vehicle/entity/types/VehicleTypeCatapultStandTurret.java,1,import:net.minecraft.util.ResourceLocation->net.minecraft.resources.ResourceLocation=1
src/main/java/net/shadowmage/ancientwarfare/vehicle/entity/types/VehicleTypeChestCart.java,7,call:.isRemote->.isClientSide=2; import:net.minecraft.nbt.NBTTagCompound->net.minecraft.nbt.CompoundTag=1; import:net.minecraft.util.ResourceLocation->net.minecraft.resources.ResourceLocation=1; type:NBTTagCompound->CompoundTag=3
src/main/java/net/shadowmage/ancientwarfare/vehicle/entity/types/VehicleTypeHwacha.java,9,call:.isRemote->.isClientSide=1; import:net.minecraft.init.SoundEvents->net.minecraft.sounds.SoundEvents=1; import:net.minecraft.nbt.NBTTagCompound->net.minecraft.nbt.CompoundTag=1; import:net.minecraft.util.ResourceLocation->net.minecraft.resources.ResourceLocation=1; import:net.minecraft.util.math.MathHelper->net.minecraft.util.Mth=1; type:MathHelper->Mth=1; type:NBTTagCompound->CompoundTag=3
src/main/java/net/shadowmage/ancientwarfare/vehicle/entity/types/VehicleTypeTrebuchet.java,6,import:net.minecraft.nbt.NBTTagCompound->net.minecraft.nbt.CompoundTag=1; import:net.minecraft.util.ResourceLocation->net.minecraft.resources.ResourceLocation=1; type:NBTTagCompound->CompoundTag=4
src/main/java/net/shadowmage/ancientwarfare/vehicle/entity/types/VehicleTypeTrebuchetLarge.java,6,import:net.minecraft.nbt.NBTTagCompound->net.minecraft.nbt.CompoundTag=1; import:net.minecraft.util.ResourceLocation->net.minecraft.resources.ResourceLocation=1; type:NBTTagCompound->CompoundTag=4
src/main/java/net/shadowmage/ancientwarfare/vehicle/entity/types/VehicleTypeTrebuchetStandTurret.java,1,import:net.minecraft.util.ResourceLocation->net.minecraft.resources.ResourceLocation=1
src/main/java/net/shadowmage/ancientwarfare/vehicle/gui/GuiVehicleStats.java,2,import:net.minecraft.entity.player.EntityPlayer->net.minecraft.world.entity.player.Player=1; type:EntityPlayer->Player=1
src/main/java/net/shadowmage/ancientwarfare/vehicle/gui/elements/ButtonAmmo.java,6,import:net.minecraft.client.resources.I18n->net.minecraft.client.resources.language.I18n=1; import:net.minecraft.item.ItemStack->net.minecraft.world.item.ItemStack=1; import:net.minecraftforge.fml.relauncher.Side->net.minecraftforge.api.distmarker.Dist=1; import:net.minecraftforge.fml.relauncher.SideOnly->net.minecraftforge.api.distmarker.OnlyIn=1; type:Side->Dist=1; type:SideOnly->OnlyIn=1
src/main/java/net/shadowmage/ancientwarfare/vehicle/helpers/VehicleAmmoHelper.java,25,call:.isRemote->.isClientSide=4; import:net.minecraft.item.ItemStack->net.minecraft.world.item.ItemStack=1; import:net.minecraft.nbt.NBTTagCompound->net.minecraft.nbt.CompoundTag=1; import:net.minecraft.nbt.NBTTagList->net.minecraft.nbt.ListTag=1; import:net.minecraft.util.ResourceLocation->net.minecraft.resources.ResourceLocation=1; type:NBTTagCompound->CompoundTag=14; type:NBTTagList->ListTag=3
src/main/java/net/shadowmage/ancientwarfare/vehicle/helpers/VehicleFiringHelper.java,24,call:.isRemote->.isClientSide=6; call:.spawnEntity(->.addFreshEntity(=1; import:net.minecraft.nbt.NBTTagCompound->net.minecraft.nbt.CompoundTag=1; import:net.minecraft.util.math.MathHelper->net.minecraft.util.Mth=1; import:net.minecraft.util.math.Vec3d->net.minecraft.world.phys.Vec3=1; type:MathHelper->Mth=1; type:NBTTagCompound->CompoundTag=5; type:Vec3d->Vec3=8
src/main/java/net/shadowmage/ancientwarfare/vehicle/helpers/VehicleFiringVarsHelper.java,6,call:.getEntityId()->.getId()=1; call:.isRemote->.isClientSide=1; import:net.minecraft.entity.player.EntityPlayer->net.minecraft.world.entity.player.Player=1; import:net.minecraft.nbt.NBTTagCompound->net.minecraft.nbt.CompoundTag=1; type:EntityPlayer->Player=1; type:NBTTagCompound->CompoundTag=1
src/main/java/net/shadowmage/ancientwarfare/vehicle/helpers/VehicleMoveHelper.java,29,call:.getDefaultState()->.defaultBlockState()=1; call:.getEntityBoundingBox()->.getBoundingBox()=6; call:.isRemote->.isClientSide=2; import:net.minecraft.block.Block->net.minecraft.world.level.block.Block=1; import:net.minecraft.block.state.IBlockState->net.minecraft.world.level.block.state.BlockState=1; import:net.minecraft.entity.MoverType->net.minecraft.world.entity.MoverType=1; import:net.minecraft.init.Blocks->net.minecraft.world.level.block.Blocks=1; import:net.minecraft.nbt.NBTTagCompound->net.minecraft.nbt.CompoundTag=1; import:net.minecraft.util.math.AxisAlignedBB->net.minecraft.world.phys.AABB=1; import:net.minecraft.util.math.BlockPos->net.minecraft.core.BlockPos=1; import:net.minecraft.util.math.MathHelper->net.minecraft.util.Mth=1; type:AxisAlignedBB->AABB=2; type:IBlockState->BlockState=2; type:MathHelper->Mth=3; type:NBTTagCompound->CompoundTag=5
src/main/java/net/shadowmage/ancientwarfare/vehicle/helpers/VehicleUpgradeHelper.java,26,call:.isRemote->.isClientSide=1; import:net.minecraft.nbt.NBTTagCompound->net.minecraft.nbt.CompoundTag=1; import:net.minecraft.nbt.NBTTagList->net.minecraft.nbt.ListTag=1; import:net.minecraft.nbt.NBTTagString->net.minecraft.nbt.StringTag=1; import:net.minecraft.util.ResourceLocation->net.minecraft.resources.ResourceLocation=1; type:NBTTagCompound->CompoundTag=11; type:NBTTagList->ListTag=6; type:NBTTagString->StringTag=4
src/main/java/net/shadowmage/ancientwarfare/vehicle/init/AWVehicleEntities.java,1,import:net.minecraft.entity.Entity->net.minecraft.world.entity.Entity=1
src/main/java/net/shadowmage/ancientwarfare/vehicle/init/AWVehicleItems.java,2,import:net.minecraft.item.Item->net.minecraft.world.item.Item=1; import:net.minecraftforge.fml.common.eventhandler.SubscribeEvent->net.minecraftforge.eventbus.api.SubscribeEvent=1
src/main/java/net/shadowmage/ancientwarfare/vehicle/init/AWVehicleSounds.java,3,import:net.minecraft.util.ResourceLocation->net.minecraft.resources.ResourceLocation=1; import:net.minecraft.util.SoundEvent->net.minecraft.sounds.SoundEvent=1; import:net.minecraftforge.fml.common.eventhandler.SubscribeEvent->net.minecraftforge.eventbus.api.SubscribeEvent=1
src/main/java/net/shadowmage/ancientwarfare/vehicle/input/IVehicleMovementHandler.java,9,import:net.minecraft.client.settings.KeyBinding->net.minecraft.client.KeyMapping=1; type:KeyBinding->KeyMapping=8
src/main/java/net/shadowmage/ancientwarfare/vehicle/input/VehicleCallback.java,4,import:net.minecraftforge.fml.relauncher.Side->net.minecraftforge.api.distmarker.Dist=1; import:net.minecraftforge.fml.relauncher.SideOnly->net.minecraftforge.api.distmarker.OnlyIn=1; type:Side->Dist=1; type:SideOnly->OnlyIn=1
src/main/java/net/shadowmage/ancientwarfare/vehicle/input/VehicleInputHandler.java,57,call:.getEntityBoundingBox()->.getBoundingBox()=2; call:.getEntityId()->.getId()=1; import:net.minecraft.client.settings.KeyBinding->net.minecraft.client.KeyMapping=1; import:net.minecraft.entity.Entity->net.minecraft.world.entity.Entity=1; import:net.minecraft.entity.player.EntityPlayer->net.minecraft.world.entity.player.Player=1; import:net.minecraft.util.math.AxisAlignedBB->net.minecraft.world.phys.AABB=1; import:net.minecraft.util.math.RayTraceResult->net.minecraft.world.phys.HitResult=1; import:net.minecraft.util.math.Vec3d->net.minecraft.world.phys.Vec3=1; import:net.minecraftforge.fml.common.eventhandler.SubscribeEvent->net.minecraftforge.eventbus.api.SubscribeEvent=1; import:net.minecraftforge.fml.common.gameevent.TickEvent->net.minecraftforge.event.TickEvent=1; import:net.minecraftforge.fml.relauncher.Side->net.minecraftforge.api.distmarker.Dist=1; import:net.minecraftforge.fml.relauncher.SideOnly->net.minecraftforge.api.distmarker.OnlyIn=1; type:AxisAlignedBB->AABB=1; type:EntityPlayer->Player=1; type:KeyBinding->KeyMapping=26; type:RayTraceResult->HitResult=5; type:Side->Dist=1; type:SideOnly->OnlyIn=1; type:Vec3d->Vec3=9
src/main/java/net/shadowmage/ancientwarfare/vehicle/input/VehicleKeyConflictContext.java,4,import:net.minecraftforge.fml.relauncher.Side->net.minecraftforge.api.distmarker.Dist=1; import:net.minecraftforge.fml.relauncher.SideOnly->net.minecraftforge.api.distmarker.OnlyIn=1; type:Side->Dist=1; type:SideOnly->OnlyIn=1
src/main/java/net/shadowmage/ancientwarfare/vehicle/inventory/AmmoStackHandler.java,2,call:.isRemote->.isClientSide=1; import:net.minecraft.item.ItemStack->net.minecraft.world.item.ItemStack=1
src/main/java/net/shadowmage/ancientwarfare/vehicle/inventory/ArmorStackHandler.java,2,call:.isRemote->.isClientSide=1; import:net.minecraft.item.ItemStack->net.minecraft.world.item.ItemStack=1
src/main/java/net/shadowmage/ancientwarfare/vehicle/inventory/UpgradeStackHandler.java,2,call:.isRemote->.isClientSide=1; import:net.minecraft.item.ItemStack->net.minecraft.world.item.ItemStack=1
src/main/java/net/shadowmage/ancientwarfare/vehicle/inventory/VehicleInventory.java,7,import:net.minecraft.item.ItemStack->net.minecraft.world.item.ItemStack=1; import:net.minecraft.nbt.NBTTagCompound->net.minecraft.nbt.CompoundTag=1; type:NBTTagCompound->CompoundTag=5
src/main/java/net/shadowmage/ancientwarfare/vehicle/item/ItemAmmo.java,13,import:net.minecraft.client.resources.I18n->net.minecraft.client.resources.language.I18n=1; import:net.minecraft.client.util.ITooltipFlag->net.minecraft.world.item.TooltipFlag=1; import:net.minecraft.item.ItemStack->net.minecraft.world.item.ItemStack=1; import:net.minecraft.util.ResourceLocation->net.minecraft.resources.ResourceLocation=1; import:net.minecraft.world.World->net.minecraft.world.level.Level=1; import:net.minecraftforge.fml.relauncher.Side->net.minecraftforge.api.distmarker.Dist=1; import:net.minecraftforge.fml.relauncher.SideOnly->net.minecraftforge.api.distmarker.OnlyIn=1; type:ITooltipFlag->TooltipFlag=1; type:Side->Dist=2; type:SideOnly->OnlyIn=2; type:World->Level=1
src/main/java/net/shadowmage/ancientwarfare/vehicle/item/ItemArmor.java,13,import:net.minecraft.client.resources.I18n->net.minecraft.client.resources.language.I18n=1; import:net.minecraft.client.util.ITooltipFlag->net.minecraft.world.item.TooltipFlag=1; import:net.minecraft.item.ItemStack->net.minecraft.world.item.ItemStack=1; import:net.minecraft.util.ResourceLocation->net.minecraft.resources.ResourceLocation=1; import:net.minecraft.world.World->net.minecraft.world.level.Level=1; import:net.minecraftforge.fml.relauncher.Side->net.minecraftforge.api.distmarker.Dist=1; import:net.minecraftforge.fml.relauncher.SideOnly->net.minecraftforge.api.distmarker.OnlyIn=1; type:ITooltipFlag->TooltipFlag=1; type:Side->Dist=2; type:SideOnly->OnlyIn=2; type:World->Level=1
src/main/java/net/shadowmage/ancientwarfare/vehicle/item/ItemBaseVehicle.java,4,import:net.minecraftforge.fml.relauncher.Side->net.minecraftforge.api.distmarker.Dist=1; import:net.minecraftforge.fml.relauncher.SideOnly->net.minecraftforge.api.distmarker.OnlyIn=1; type:Side->Dist=1; type:SideOnly->OnlyIn=1
src/main/java/net/shadowmage/ancientwarfare/vehicle/item/ItemMisc.java,13,import:net.minecraft.client.resources.I18n->net.minecraft.client.resources.language.I18n=1; import:net.minecraft.client.util.ITooltipFlag->net.minecraft.world.item.TooltipFlag=1; import:net.minecraft.item.ItemStack->net.minecraft.world.item.ItemStack=1; import:net.minecraft.util.ResourceLocation->net.minecraft.resources.ResourceLocation=1; import:net.minecraft.world.World->net.minecraft.world.level.Level=1; import:net.minecraftforge.fml.relauncher.Side->net.minecraftforge.api.distmarker.Dist=1; import:net.minecraftforge.fml.relauncher.SideOnly->net.minecraftforge.api.distmarker.OnlyIn=1; type:ITooltipFlag->TooltipFlag=1; type:Side->Dist=2; type:SideOnly->OnlyIn=2; type:World->Level=1
src/main/java/net/shadowmage/ancientwarfare/vehicle/item/ItemSpawner.java,62,call:.getItemDamage()->.getDamageValue()=3; call:.getTagCompound()->.getTag()=5; call:.hasTagCompound()->.hasTag()=3; call:.isRemote->.isClientSide=1; call:.spawnEntity(->.addFreshEntity(=1; import:net.minecraft.client.resources.I18n->net.minecraft.client.resources.language.I18n=1; import:net.minecraft.client.util.ITooltipFlag->net.minecraft.world.item.TooltipFlag=1; import:net.minecraft.entity.player.EntityPlayer->net.minecraft.world.entity.player.Player=1; import:net.minecraft.item.ItemStack->net.minecraft.world.item.ItemStack=1; import:net.minecraft.nbt.NBTTagCompound->net.minecraft.nbt.CompoundTag=1; import:net.minecraft.util.ActionResult->net.minecraft.world.InteractionResultHolder=1; import:net.minecraft.util.EnumActionResult->net.minecraft.world.InteractionResult=1; import:net.minecraft.util.EnumHand->net.minecraft.world.InteractionHand=1; import:net.minecraft.util.NonNullList->net.minecraft.core.NonNullList=1; import:net.minecraft.util.ResourceLocation->net.minecraft.resources.ResourceLocation=1; import:net.minecraft.util.math.RayTraceResult->net.minecraft.world.phys.HitResult=1; import:net.minecraft.util.math.Vec3d->net.minecraft.world.phys.Vec3=1; import:net.minecraft.util.math.Vec3i->net.minecraft.core.Vec3i=1; import:net.minecraft.world.World->net.minecraft.world.level.Level=1; import:net.minecraftforge.fml.relauncher.Side->net.minecraftforge.api.distmarker.Dist=1; import:net.minecraftforge.fml.relauncher.SideOnly->net.minecraftforge.api.distmarker.OnlyIn=1; type:ActionResult->InteractionResultHolder=6; type:EntityPlayer->Player=4; type:EnumActionResult->InteractionResult=5; type:EnumHand->InteractionHand=3; type:ITooltipFlag->TooltipFlag=1; type:NBTTagCompound->CompoundTag=2; type:RayTraceResult->HitResult=3; type:Side->Dist=2; type:SideOnly->OnlyIn=2; type:Vec3d->Vec3=1; type:World->Level=4
src/main/java/net/shadowmage/ancientwarfare/vehicle/item/ItemUpgrade.java,13,import:net.minecraft.client.resources.I18n->net.minecraft.client.resources.language.I18n=1; import:net.minecraft.client.util.ITooltipFlag->net.minecraft.world.item.TooltipFlag=1; import:net.minecraft.item.ItemStack->net.minecraft.world.item.ItemStack=1; import:net.minecraft.util.ResourceLocation->net.minecraft.resources.ResourceLocation=1; import:net.minecraft.world.World->net.minecraft.world.level.Level=1; import:net.minecraftforge.fml.relauncher.Side->net.minecraftforge.api.distmarker.Dist=1; import:net.minecraftforge.fml.relauncher.SideOnly->net.minecraftforge.api.distmarker.OnlyIn=1; type:ITooltipFlag->TooltipFlag=1; type:Side->Dist=2; type:SideOnly->OnlyIn=2; type:World->Level=1
src/main/java/net/shadowmage/ancientwarfare/vehicle/missiles/Ammo.java,32,call:.getDefaultState()->.defaultBlockState()=2; call:.getUniqueID()->.getUUID()=1; call:.spawnEntity(->.addFreshEntity(=1; import:net.minecraft.entity.Entity->net.minecraft.world.entity.Entity=1; import:net.minecraft.entity.player.EntityPlayer->net.minecraft.world.entity.player.Player=1; import:net.minecraft.init.Blocks->net.minecraft.world.level.block.Blocks=1; import:net.minecraft.util.EnumFacing->net.minecraft.core.Direction=1; import:net.minecraft.util.ResourceLocation->net.minecraft.resources.ResourceLocation=1; import:net.minecraft.util.math.BlockPos->net.minecraft.core.BlockPos=1; import:net.minecraft.util.math.RayTraceResult->net.minecraft.world.phys.HitResult=1; import:net.minecraft.util.math.Vec3d->net.minecraft.world.phys.Vec3=1; import:net.minecraft.util.math.Vec3i->net.minecraft.core.Vec3i=1; import:net.minecraft.world.World->net.minecraft.world.level.Level=1; type:EntityPlayer->Player=1; type:EnumFacing->Direction=4; type:RayTraceResult->HitResult=1; type:Vec3d->Vec3=1; type:World->Level=11
src/main/java/net/shadowmage/ancientwarfare/vehicle/missiles/AmmoArrow.java,8,call:.isRemote->.isClientSide=1; import:net.minecraft.entity.Entity->net.minecraft.world.entity.Entity=1; import:net.minecraft.util.ResourceLocation->net.minecraft.resources.ResourceLocation=1; import:net.minecraft.util.math.RayTraceResult->net.minecraft.world.phys.HitResult=1; import:net.minecraft.world.World->net.minecraft.world.level.Level=1; type:RayTraceResult->HitResult=1; type:World->Level=2
src/main/java/net/shadowmage/ancientwarfare/vehicle/missiles/AmmoBallShot.java,8,call:.isRemote->.isClientSide=1; import:net.minecraft.entity.Entity->net.minecraft.world.entity.Entity=1; import:net.minecraft.util.ResourceLocation->net.minecraft.resources.ResourceLocation=1; import:net.minecraft.util.math.RayTraceResult->net.minecraft.world.phys.HitResult=1; import:net.minecraft.world.World->net.minecraft.world.level.Level=1; type:RayTraceResult->HitResult=1; type:World->Level=2
src/main/java/net/shadowmage/ancientwarfare/vehicle/missiles/AmmoBallistaBolt.java,13,call:.isRemote->.isClientSide=2; import:net.minecraft.entity.Entity->net.minecraft.world.entity.Entity=1; import:net.minecraft.util.ResourceLocation->net.minecraft.resources.ResourceLocation=1; import:net.minecraft.util.SoundCategory->net.minecraft.sounds.SoundSource=1; import:net.minecraft.util.math.RayTraceResult->net.minecraft.world.phys.HitResult=1; import:net.minecraft.world.World->net.minecraft.world.level.Level=1; type:RayTraceResult->HitResult=1; type:SoundCategory->SoundSource=2; type:World->Level=3
src/main/java/net/shadowmage/ancientwarfare/vehicle/missiles/AmmoBallistaBoltExplosive.java,12,call:.isRemote->.isClientSide=2; import:net.minecraft.entity.Entity->net.minecraft.world.entity.Entity=1; import:net.minecraft.util.ResourceLocation->net.minecraft.resources.ResourceLocation=1; import:net.minecraft.util.math.RayTraceResult->net.minecraft.world.phys.HitResult=1; import:net.minecraft.util.math.Vec3d->net.minecraft.world.phys.Vec3=1; import:net.minecraft.util.math.Vec3i->net.minecraft.core.Vec3i=1; import:net.minecraft.world.World->net.minecraft.world.level.Level=1; type:RayTraceResult->HitResult=1; type:Vec3d->Vec3=1; type:World->Level=2
src/main/java/net/shadowmage/ancientwarfare/vehicle/missiles/AmmoBallistaBoltFlame.java,12,call:.isRemote->.isClientSide=2; import:net.minecraft.entity.Entity->net.minecraft.world.entity.Entity=1; import:net.minecraft.util.ResourceLocation->net.minecraft.resources.ResourceLocation=1; import:net.minecraft.util.SoundCategory->net.minecraft.sounds.SoundSource=1; import:net.minecraft.util.math.RayTraceResult->net.minecraft.world.phys.HitResult=1; import:net.minecraft.world.World->net.minecraft.world.level.Level=1; type:RayTraceResult->HitResult=1; type:SoundCategory->SoundSource=1; type:World->Level=3
src/main/java/net/shadowmage/ancientwarfare/vehicle/missiles/AmmoBallistaBoltIron.java,11,call:.isRemote->.isClientSide=1; import:net.minecraft.entity.Entity->net.minecraft.world.entity.Entity=1; import:net.minecraft.util.ResourceLocation->net.minecraft.resources.ResourceLocation=1; import:net.minecraft.util.SoundCategory->net.minecraft.sounds.SoundSource=1; import:net.minecraft.util.math.RayTraceResult->net.minecraft.world.phys.HitResult=1; import:net.minecraft.world.World->net.minecraft.world.level.Level=1; type:RayTraceResult->HitResult=1; type:SoundCategory->SoundSource=1; type:World->Level=3
src/main/java/net/shadowmage/ancientwarfare/vehicle/missiles/AmmoCanisterShot.java,9,call:.isRemote->.isClientSide=2; import:net.minecraft.entity.Entity->net.minecraft.world.entity.Entity=1; import:net.minecraft.util.ResourceLocation->net.minecraft.resources.ResourceLocation=1; import:net.minecraft.util.math.RayTraceResult->net.minecraft.world.phys.HitResult=1; import:net.minecraft.world.World->net.minecraft.world.level.Level=1; type:RayTraceResult->HitResult=1; type:World->Level=2
src/main/java/net/shadowmage/ancientwarfare/vehicle/missiles/AmmoClusterShot.java,9,call:.isRemote->.isClientSide=2; import:net.minecraft.entity.Entity->net.minecraft.world.entity.Entity=1; import:net.minecraft.util.ResourceLocation->net.minecraft.resources.ResourceLocation=1; import:net.minecraft.util.math.RayTraceResult->net.minecraft.world.phys.HitResult=1; import:net.minecraft.world.World->net.minecraft.world.level.Level=1; type:RayTraceResult->HitResult=1; type:World->Level=2
src/main/java/net/shadowmage/ancientwarfare/vehicle/missiles/AmmoExplosiveShot.java,13,call:.isRemote->.isClientSide=2; import:net.minecraft.entity.Entity->net.minecraft.world.entity.Entity=1; import:net.minecraft.util.ResourceLocation->net.minecraft.resources.ResourceLocation=1; import:net.minecraft.util.math.RayTraceResult->net.minecraft.world.phys.HitResult=1; import:net.minecraft.util.math.Vec3d->net.minecraft.world.phys.Vec3=1; import:net.minecraft.util.math.Vec3i->net.minecraft.core.Vec3i=1; import:net.minecraft.world.World->net.minecraft.world.level.Level=1; type:RayTraceResult->HitResult=1; type:Vec3d->Vec3=1; type:World->Level=3
src/main/java/net/shadowmage/ancientwarfare/vehicle/missiles/AmmoFlameShot.java,9,call:.isRemote->.isClientSide=2; import:net.minecraft.entity.Entity->net.minecraft.world.entity.Entity=1; import:net.minecraft.util.ResourceLocation->net.minecraft.resources.ResourceLocation=1; import:net.minecraft.util.math.RayTraceResult->net.minecraft.world.phys.HitResult=1; import:net.minecraft.world.World->net.minecraft.world.level.Level=1; type:RayTraceResult->HitResult=1; type:World->Level=2
src/main/java/net/shadowmage/ancientwarfare/vehicle/missiles/AmmoGrapeShot.java,7,import:net.minecraft.entity.Entity->net.minecraft.world.entity.Entity=1; import:net.minecraft.util.ResourceLocation->net.minecraft.resources.ResourceLocation=1; import:net.minecraft.util.math.RayTraceResult->net.minecraft.world.phys.HitResult=1; import:net.minecraft.world.World->net.minecraft.world.level.Level=1; type:RayTraceResult->HitResult=1; type:World->Level=2
src/main/java/net/shadowmage/ancientwarfare/vehicle/missiles/AmmoHwachaRocket.java,8,call:.isRemote->.isClientSide=1; import:net.minecraft.entity.Entity->net.minecraft.world.entity.Entity=1; import:net.minecraft.util.ResourceLocation->net.minecraft.resources.ResourceLocation=1; import:net.minecraft.util.math.RayTraceResult->net.minecraft.world.phys.HitResult=1; import:net.minecraft.world.World->net.minecraft.world.level.Level=1; type:RayTraceResult->HitResult=1; type:World->Level=2
src/main/java/net/shadowmage/ancientwarfare/vehicle/missiles/AmmoHwachaRocketAirburst.java,11,call:.isRemote->.isClientSide=2; call:.setDead()->.discard()=2; import:net.minecraft.entity.Entity->net.minecraft.world.entity.Entity=1; import:net.minecraft.util.ResourceLocation->net.minecraft.resources.ResourceLocation=1; import:net.minecraft.util.math.RayTraceResult->net.minecraft.world.phys.HitResult=1; import:net.minecraft.world.World->net.minecraft.world.level.Level=1; type:RayTraceResult->HitResult=1; type:World->Level=2
src/main/java/net/shadowmage/ancientwarfare/vehicle/missiles/AmmoHwachaRocketExplosive.java,12,call:.isRemote->.isClientSide=2; import:net.minecraft.entity.Entity->net.minecraft.world.entity.Entity=1; import:net.minecraft.util.ResourceLocation->net.minecraft.resources.ResourceLocation=1; import:net.minecraft.util.math.RayTraceResult->net.minecraft.world.phys.HitResult=1; import:net.minecraft.util.math.Vec3d->net.minecraft.world.phys.Vec3=1; import:net.minecraft.util.math.Vec3i->net.minecraft.core.Vec3i=1; import:net.minecraft.world.World->net.minecraft.world.level.Level=1; type:RayTraceResult->HitResult=1; type:Vec3d->Vec3=1; type:World->Level=2
src/main/java/net/shadowmage/ancientwarfare/vehicle/missiles/AmmoHwachaRocketFlame.java,9,call:.isRemote->.isClientSide=2; import:net.minecraft.entity.Entity->net.minecraft.world.entity.Entity=1; import:net.minecraft.util.ResourceLocation->net.minecraft.resources.ResourceLocation=1; import:net.minecraft.util.math.RayTraceResult->net.minecraft.world.phys.HitResult=1; import:net.minecraft.world.World->net.minecraft.world.level.Level=1; type:RayTraceResult->HitResult=1; type:World->Level=2
src/main/java/net/shadowmage/ancientwarfare/vehicle/missiles/AmmoIronBallShot.java,8,call:.isRemote->.isClientSide=1; import:net.minecraft.entity.Entity->net.minecraft.world.entity.Entity=1; import:net.minecraft.util.ResourceLocation->net.minecraft.resources.ResourceLocation=1; import:net.minecraft.util.math.RayTraceResult->net.minecraft.world.phys.HitResult=1; import:net.minecraft.world.World->net.minecraft.world.level.Level=1; type:RayTraceResult->HitResult=1; type:World->Level=2
src/main/java/net/shadowmage/ancientwarfare/vehicle/missiles/AmmoIronShot.java,10,call:.isRemote->.isClientSide=2; import:net.minecraft.entity.Entity->net.minecraft.world.entity.Entity=1; import:net.minecraft.util.ResourceLocation->net.minecraft.resources.ResourceLocation=1; import:net.minecraft.util.math.BlockPos->net.minecraft.core.BlockPos=1; import:net.minecraft.util.math.RayTraceResult->net.minecraft.world.phys.HitResult=1; import:net.minecraft.world.World->net.minecraft.world.level.Level=1; type:RayTraceResult->HitResult=1; type:World->Level=2
src/main/java/net/shadowmage/ancientwarfare/vehicle/missiles/AmmoNapalmShot.java,12,call:.isRemote->.isClientSide=1; import:net.minecraft.entity.Entity->net.minecraft.world.entity.Entity=1; import:net.minecraft.util.ResourceLocation->net.minecraft.resources.ResourceLocation=1; import:net.minecraft.util.math.MathHelper->net.minecraft.util.Mth=1; import:net.minecraft.util.math.RayTraceResult->net.minecraft.world.phys.HitResult=1; import:net.minecraft.world.World->net.minecraft.world.level.Level=1; type:MathHelper->Mth=3; type:RayTraceResult->HitResult=1; type:World->Level=2
src/main/java/net/shadowmage/ancientwarfare/vehicle/missiles/AmmoPebbleShot.java,7,import:net.minecraft.entity.Entity->net.minecraft.world.entity.Entity=1; import:net.minecraft.util.ResourceLocation->net.minecraft.resources.ResourceLocation=1; import:net.minecraft.util.math.RayTraceResult->net.minecraft.world.phys.HitResult=1; import:net.minecraft.world.World->net.minecraft.world.level.Level=1; type:RayTraceResult->HitResult=1; type:World->Level=2
src/main/java/net/shadowmage/ancientwarfare/vehicle/missiles/AmmoStoneShot.java,9,call:.isRemote->.isClientSide=1; import:net.minecraft.entity.Entity->net.minecraft.world.entity.Entity=1; import:net.minecraft.util.ResourceLocation->net.minecraft.resources.ResourceLocation=1; import:net.minecraft.util.math.BlockPos->net.minecraft.core.BlockPos=1; import:net.minecraft.util.math.RayTraceResult->net.minecraft.world.phys.HitResult=1; import:net.minecraft.world.World->net.minecraft.world.level.Level=1; type:RayTraceResult->HitResult=1; type:World->Level=2
src/main/java/net/shadowmage/ancientwarfare/vehicle/missiles/DamageType.java,4,import:net.minecraft.entity.Entity->net.minecraft.world.entity.Entity=1; import:net.minecraft.entity.EntityLivingBase->net.minecraft.world.entity.LivingEntity=1; type:EntityLivingBase->LivingEntity=2
src/main/java/net/shadowmage/ancientwarfare/vehicle/missiles/IAmmo.java,7,import:net.minecraft.entity.Entity->net.minecraft.world.entity.Entity=1; import:net.minecraft.util.ResourceLocation->net.minecraft.resources.ResourceLocation=1; import:net.minecraft.util.math.RayTraceResult->net.minecraft.world.phys.HitResult=1; import:net.minecraft.world.World->net.minecraft.world.level.Level=1; type:RayTraceResult->HitResult=1; type:World->Level=2
src/main/java/net/shadowmage/ancientwarfare/vehicle/missiles/MissileBase.java,61,call:.getDefaultState()->.defaultBlockState()=1; call:.getEntityBoundingBox()->.getBoundingBox()=2; call:.getEntityId()->.getId()=1; call:.isRemote->.isClientSide=5; call:.setDead()->.discard()=3; import:net.minecraft.block.Block->net.minecraft.world.level.block.Block=1; import:net.minecraft.block.state.IBlockState->net.minecraft.world.level.block.state.BlockState=1; import:net.minecraft.entity.Entity->net.minecraft.world.entity.Entity=1; import:net.minecraft.init.Blocks->net.minecraft.world.level.block.Blocks=1; import:net.minecraft.init.SoundEvents->net.minecraft.sounds.SoundEvents=1; import:net.minecraft.nbt.NBTTagCompound->net.minecraft.nbt.CompoundTag=1; import:net.minecraft.nbt.NBTUtil->net.minecraft.nbt.NbtUtils=1; import:net.minecraft.network.PacketBuffer->net.minecraft.network.FriendlyByteBuf=1; import:net.minecraft.util.EnumFacing->net.minecraft.core.Direction=1; import:net.minecraft.util.ResourceLocation->net.minecraft.resources.ResourceLocation=1; import:net.minecraft.util.math.AxisAlignedBB->net.minecraft.world.phys.AABB=1; import:net.minecraft.util.math.BlockPos->net.minecraft.core.BlockPos=1; import:net.minecraft.util.math.MathHelper->net.minecraft.util.Mth=1; import:net.minecraft.util.math.RayTraceResult->net.minecraft.world.phys.HitResult=1; import:net.minecraft.util.math.Vec3d->net.minecraft.world.phys.Vec3=1; import:net.minecraft.world.World->net.minecraft.world.level.Level=1; import:net.minecraftforge.fml.common.registry.IEntityAdditionalSpawnData->net.minecraftforge.entity.IEntityAdditionalSpawnData=1; import:net.minecraftforge.fml.relauncher.Side->net.minecraftforge.api.distmarker.Dist=1; import:net.minecraftforge.fml.relauncher.SideOnly->net.minecraftforge.api.distmarker.OnlyIn=1; type:AxisAlignedBB->AABB=2; type:EnumFacing->Direction=1; type:IBlockState->BlockState=1; type:MathHelper->Mth=3; type:NBTTagCompound->CompoundTag=4; type:NBTUtil->NbtUtils=2; type:PacketBuffer->FriendlyByteBuf=4; type:RayTraceResult->HitResult=5; type:Side->Dist=1; type:SideOnly->OnlyIn=1; type:Vec3d->Vec3=5; type:World->Level=1
src/main/java/net/shadowmage/ancientwarfare/vehicle/model/ModelArrow2.java,5,import:net.minecraft.entity.Entity->net.minecraft.world.entity.Entity=1; import:net.minecraftforge.fml.relauncher.Side->net.minecraftforge.api.distmarker.Dist=1; import:net.minecraftforge.fml.relauncher.SideOnly->net.minecraftforge.api.distmarker.OnlyIn=1; type:Side->Dist=1; type:SideOnly->OnlyIn=1
src/main/java/net/shadowmage/ancientwarfare/vehicle/model/ModelBallistaMobile.java,5,import:net.minecraft.entity.Entity->net.minecraft.world.entity.Entity=1; import:net.minecraftforge.fml.relauncher.Side->net.minecraftforge.api.distmarker.Dist=1; import:net.minecraftforge.fml.relauncher.SideOnly->net.minecraftforge.api.distmarker.OnlyIn=1; type:Side->Dist=1; type:SideOnly->OnlyIn=1
src/main/java/net/shadowmage/ancientwarfare/vehicle/model/ModelBallistaStand.java,5,import:net.minecraft.entity.Entity->net.minecraft.world.entity.Entity=1; import:net.minecraftforge.fml.relauncher.Side->net.minecraftforge.api.distmarker.Dist=1; import:net.minecraftforge.fml.relauncher.SideOnly->net.minecraftforge.api.distmarker.OnlyIn=1; type:Side->Dist=1; type:SideOnly->OnlyIn=1
src/main/java/net/shadowmage/ancientwarfare/vehicle/model/ModelBatteringRam.java,5,import:net.minecraft.entity.Entity->net.minecraft.world.entity.Entity=1; import:net.minecraftforge.fml.relauncher.Side->net.minecraftforge.api.distmarker.Dist=1; import:net.minecraftforge.fml.relauncher.SideOnly->net.minecraftforge.api.distmarker.OnlyIn=1; type:Side->Dist=1; type:SideOnly->OnlyIn=1
src/main/java/net/shadowmage/ancientwarfare/vehicle/model/ModelBoatBallista.java,5,import:net.minecraft.entity.Entity->net.minecraft.world.entity.Entity=1; import:net.minecraftforge.fml.relauncher.Side->net.minecraftforge.api.distmarker.Dist=1; import:net.minecraftforge.fml.relauncher.SideOnly->net.minecraftforge.api.distmarker.OnlyIn=1; type:Side->Dist=1; type:SideOnly->OnlyIn=1
src/main/java/net/shadowmage/ancientwarfare/vehicle/model/ModelBoatCatapult.java,5,import:net.minecraft.entity.Entity->net.minecraft.world.entity.Entity=1; import:net.minecraftforge.fml.relauncher.Side->net.minecraftforge.api.distmarker.Dist=1; import:net.minecraftforge.fml.relauncher.SideOnly->net.minecraftforge.api.distmarker.OnlyIn=1; type:Side->Dist=1; type:SideOnly->OnlyIn=1
src/main/java/net/shadowmage/ancientwarfare/vehicle/model/ModelBoatTransport.java,5,import:net.minecraft.entity.Entity->net.minecraft.world.entity.Entity=1; import:net.minecraftforge.fml.relauncher.Side->net.minecraftforge.api.distmarker.Dist=1; import:net.minecraftforge.fml.relauncher.SideOnly->net.minecraftforge.api.distmarker.OnlyIn=1; type:Side->Dist=1; type:SideOnly->OnlyIn=1
src/main/java/net/shadowmage/ancientwarfare/vehicle/model/ModelCannonMobileFixed.java,5,import:net.minecraft.entity.Entity->net.minecraft.world.entity.Entity=1; import:net.minecraftforge.fml.relauncher.Side->net.minecraftforge.api.distmarker.Dist=1; import:net.minecraftforge.fml.relauncher.SideOnly->net.minecraftforge.api.distmarker.OnlyIn=1; type:Side->Dist=1; type:SideOnly->OnlyIn=1
src/main/java/net/shadowmage/ancientwarfare/vehicle/model/ModelCannonStandFixed.java,5,import:net.minecraft.entity.Entity->net.minecraft.world.entity.Entity=1; import:net.minecraftforge.fml.relauncher.Side->net.minecraftforge.api.distmarker.Dist=1; import:net.minecraftforge.fml.relauncher.SideOnly->net.minecraftforge.api.distmarker.OnlyIn=1; type:Side->Dist=1; type:SideOnly->OnlyIn=1
src/main/java/net/shadowmage/ancientwarfare/vehicle/model/ModelCannonStandTurret.java,5,import:net.minecraft.entity.Entity->net.minecraft.world.entity.Entity=1; import:net.minecraftforge.fml.relauncher.Side->net.minecraftforge.api.distmarker.Dist=1; import:net.minecraftforge.fml.relauncher.SideOnly->net.minecraftforge.api.distmarker.OnlyIn=1; type:Side->Dist=1; type:SideOnly->OnlyIn=1
src/main/java/net/shadowmage/ancientwarfare/vehicle/model/ModelCatapultMobileFixed.java,5,import:net.minecraft.entity.Entity->net.minecraft.world.entity.Entity=1; import:net.minecraftforge.fml.relauncher.Side->net.minecraftforge.api.distmarker.Dist=1; import:net.minecraftforge.fml.relauncher.SideOnly->net.minecraftforge.api.distmarker.OnlyIn=1; type:Side->Dist=1; type:SideOnly->OnlyIn=1
src/main/java/net/shadowmage/ancientwarfare/vehicle/model/ModelCatapultMobileTurret.java,5,import:net.minecraft.entity.Entity->net.minecraft.world.entity.Entity=1; import:net.minecraftforge.fml.relauncher.Side->net.minecraftforge.api.distmarker.Dist=1; import:net.minecraftforge.fml.relauncher.SideOnly->net.minecraftforge.api.distmarker.OnlyIn=1; type:Side->Dist=1; type:SideOnly->OnlyIn=1
src/main/java/net/shadowmage/ancientwarfare/vehicle/model/ModelCatapultStandFixed.java,5,import:net.minecraft.entity.Entity->net.minecraft.world.entity.Entity=1; import:net.minecraftforge.fml.relauncher.Side->net.minecraftforge.api.distmarker.Dist=1; import:net.minecraftforge.fml.relauncher.SideOnly->net.minecraftforge.api.distmarker.OnlyIn=1; type:Side->Dist=1; type:SideOnly->OnlyIn=1
src/main/java/net/shadowmage/ancientwarfare/vehicle/model/ModelCatapultStandTurret.java,5,import:net.minecraft.entity.Entity->net.minecraft.world.entity.Entity=1; import:net.minecraftforge.fml.relauncher.Side->net.minecraftforge.api.distmarker.Dist=1; import:net.minecraftforge.fml.relauncher.SideOnly->net.minecraftforge.api.distmarker.OnlyIn=1; type:Side->Dist=1; type:SideOnly->OnlyIn=1
src/main/java/net/shadowmage/ancientwarfare/vehicle/model/ModelChestCart.java,5,import:net.minecraft.entity.Entity->net.minecraft.world.entity.Entity=1; import:net.minecraftforge.fml.relauncher.Side->net.minecraftforge.api.distmarker.Dist=1; import:net.minecraftforge.fml.relauncher.SideOnly->net.minecraftforge.api.distmarker.OnlyIn=1; type:Side->Dist=1; type:SideOnly->OnlyIn=1
src/main/java/net/shadowmage/ancientwarfare/vehicle/model/ModelHwacha.java,5,import:net.minecraft.entity.Entity->net.minecraft.world.entity.Entity=1; import:net.minecraftforge.fml.relauncher.Side->net.minecraftforge.api.distmarker.Dist=1; import:net.minecraftforge.fml.relauncher.SideOnly->net.minecraftforge.api.distmarker.OnlyIn=1; type:Side->Dist=1; type:SideOnly->OnlyIn=1
src/main/java/net/shadowmage/ancientwarfare/vehicle/model/ModelShot.java,5,import:net.minecraft.entity.Entity->net.minecraft.world.entity.Entity=1; import:net.minecraftforge.fml.relauncher.Side->net.minecraftforge.api.distmarker.Dist=1; import:net.minecraftforge.fml.relauncher.SideOnly->net.minecraftforge.api.distmarker.OnlyIn=1; type:Side->Dist=1; type:SideOnly->OnlyIn=1
src/main/java/net/shadowmage/ancientwarfare/vehicle/model/ModelTrebuchetMobileFixed.java,5,import:net.minecraft.entity.Entity->net.minecraft.world.entity.Entity=1; import:net.minecraftforge.fml.relauncher.Side->net.minecraftforge.api.distmarker.Dist=1; import:net.minecraftforge.fml.relauncher.SideOnly->net.minecraftforge.api.distmarker.OnlyIn=1; type:Side->Dist=1; type:SideOnly->OnlyIn=1
src/main/java/net/shadowmage/ancientwarfare/vehicle/model/ModelTrebuchetStandFixed.java,5,import:net.minecraft.entity.Entity->net.minecraft.world.entity.Entity=1; import:net.minecraftforge.fml.relauncher.Side->net.minecraftforge.api.distmarker.Dist=1; import:net.minecraftforge.fml.relauncher.SideOnly->net.minecraftforge.api.distmarker.OnlyIn=1; type:Side->Dist=1; type:SideOnly->OnlyIn=1
src/main/java/net/shadowmage/ancientwarfare/vehicle/model/ModelTrebuchetStandTurret.java,5,import:net.minecraft.entity.Entity->net.minecraft.world.entity.Entity=1; import:net.minecraftforge.fml.relauncher.Side->net.minecraftforge.api.distmarker.Dist=1; import:net.minecraftforge.fml.relauncher.SideOnly->net.minecraftforge.api.distmarker.OnlyIn=1; type:Side->Dist=1; type:SideOnly->OnlyIn=1
src/main/java/net/shadowmage/ancientwarfare/vehicle/network/PacketAmmoSelect.java,5,import:net.minecraft.network.PacketBuffer->net.minecraft.network.FriendlyByteBuf=1; type:PacketBuffer->FriendlyByteBuf=4
src/main/java/net/shadowmage/ancientwarfare/vehicle/network/PacketAmmoUpdate.java,8,import:net.minecraft.nbt.NBTTagCompound->net.minecraft.nbt.CompoundTag=1; import:net.minecraft.network.PacketBuffer->net.minecraft.network.FriendlyByteBuf=1; type:NBTTagCompound->CompoundTag=2; type:PacketBuffer->FriendlyByteBuf=4
src/main/java/net/shadowmage/ancientwarfare/vehicle/network/PacketSingleAmmoUpdate.java,5,import:net.minecraft.network.PacketBuffer->net.minecraft.network.FriendlyByteBuf=1; type:PacketBuffer->FriendlyByteBuf=4
src/main/java/net/shadowmage/ancientwarfare/vehicle/network/PacketUpgradeUpdate.java,5,import:net.minecraft.network.PacketBuffer->net.minecraft.network.FriendlyByteBuf=1; type:PacketBuffer->FriendlyByteBuf=4
src/main/java/net/shadowmage/ancientwarfare/vehicle/network/PacketVehicleBase.java,6,call:.getEntityId()->.getId()=1; import:net.minecraft.entity.Entity->net.minecraft.world.entity.Entity=1; import:net.minecraft.entity.player.EntityPlayer->net.minecraft.world.entity.player.Player=1; import:net.minecraft.world.World->net.minecraft.world.level.Level=1; type:EntityPlayer->Player=1; type:World->Level=1
src/main/java/net/shadowmage/ancientwarfare/vehicle/pathing/Navigator.java,21,call:.isRemote->.isClientSide=1; import:net.minecraft.block.Block->net.minecraft.world.level.block.Block=1; import:net.minecraft.block.state.IBlockState->net.minecraft.world.level.block.state.BlockState=1; import:net.minecraft.entity.Entity->net.minecraft.world.entity.Entity=1; import:net.minecraft.util.math.BlockPos->net.minecraft.core.BlockPos=1; import:net.minecraft.util.math.MathHelper->net.minecraft.util.Mth=1; import:net.minecraft.util.math.Vec3d->net.minecraft.world.phys.Vec3=1; type:IBlockState->BlockState=2; type:MathHelper->Mth=6; type:Vec3d->Vec3=6
src/main/java/net/shadowmage/ancientwarfare/vehicle/pathing/Node.java,4,import:net.minecraft.util.math.BlockPos->net.minecraft.core.BlockPos=1; import:net.minecraft.util.math.MathHelper->net.minecraft.util.Mth=1; type:MathHelper->Mth=2
src/main/java/net/shadowmage/ancientwarfare/vehicle/pathing/PathFinderCrawler.java,1,import:net.minecraft.util.math.BlockPos->net.minecraft.core.BlockPos=1
src/main/java/net/shadowmage/ancientwarfare/vehicle/pathing/PathFinderThetaStar.java,1,import:net.minecraft.util.math.BlockPos->net.minecraft.core.BlockPos=1
src/main/java/net/shadowmage/ancientwarfare/vehicle/pathing/PathUtils.java,1,import:net.minecraft.util.math.BlockPos->net.minecraft.core.BlockPos=1
src/main/java/net/shadowmage/ancientwarfare/vehicle/pathing/PathWorldAccess.java,15,import:net.minecraft.block.Block->net.minecraft.world.level.block.Block=1; import:net.minecraft.block.state.IBlockState->net.minecraft.world.level.block.state.BlockState=1; import:net.minecraft.init.Blocks->net.minecraft.world.level.block.Blocks=1; import:net.minecraft.util.math.AxisAlignedBB->net.minecraft.world.phys.AABB=1; import:net.minecraft.util.math.BlockPos->net.minecraft.core.BlockPos=1; import:net.minecraft.world.World->net.minecraft.world.level.Level=1; type:AxisAlignedBB->AABB=3; type:IBlockState->BlockState=4; type:World->Level=2
src/main/java/net/shadowmage/ancientwarfare/vehicle/pathing/PathWorldAccessEntity.java,5,call:.isRemote->.isClientSide=1; import:net.minecraft.entity.Entity->net.minecraft.world.entity.Entity=1; import:net.minecraft.world.World->net.minecraft.world.level.Level=1; type:World->Level=2
src/main/java/net/shadowmage/ancientwarfare/vehicle/proxy/ClientProxy.java,4,import:net.minecraftforge.fml.relauncher.Side->net.minecraftforge.api.distmarker.Dist=1; import:net.minecraftforge.fml.relauncher.SideOnly->net.minecraftforge.api.distmarker.OnlyIn=1; type:Side->Dist=1; type:SideOnly->OnlyIn=1
src/main/java/net/shadowmage/ancientwarfare/vehicle/registry/AmmoRegistry.java,3,import:net.minecraft.item.Item->net.minecraft.world.item.Item=1; import:net.minecraft.item.ItemStack->net.minecraft.world.item.ItemStack=1; import:net.minecraft.util.ResourceLocation->net.minecraft.resources.ResourceLocation=1
src/main/java/net/shadowmage/ancientwarfare/vehicle/registry/ArmorRegistry.java,3,import:net.minecraft.item.Item->net.minecraft.world.item.Item=1; import:net.minecraft.item.ItemStack->net.minecraft.world.item.ItemStack=1; import:net.minecraft.util.ResourceLocation->net.minecraft.resources.ResourceLocation=1
src/main/java/net/shadowmage/ancientwarfare/vehicle/registry/SmeltingRecipeRegistry.java,3,import:net.minecraft.init.Items->net.minecraft.world.item.Items=1; import:net.minecraft.item.ItemStack->net.minecraft.world.item.ItemStack=1; import:net.minecraftforge.fml.common.eventhandler.SubscribeEvent->net.minecraftforge.eventbus.api.SubscribeEvent=1
src/main/java/net/shadowmage/ancientwarfare/vehicle/registry/UpgradeRegistry.java,3,import:net.minecraft.item.Item->net.minecraft.world.item.Item=1; import:net.minecraft.item.ItemStack->net.minecraft.world.item.ItemStack=1; import:net.minecraft.util.ResourceLocation->net.minecraft.resources.ResourceLocation=1
src/main/java/net/shadowmage/ancientwarfare/vehicle/render/RenderMissile.java,1,import:net.minecraft.util.ResourceLocation->net.minecraft.resources.ResourceLocation=1
src/main/java/net/shadowmage/ancientwarfare/vehicle/render/RenderOverlay.java,5,import:net.minecraft.client.gui.FontRenderer->net.minecraft.client.gui.Font=1; import:net.minecraft.client.resources.I18n->net.minecraft.client.resources.language.I18n=1; import:net.minecraftforge.fml.common.eventhandler.SubscribeEvent->net.minecraftforge.eventbus.api.SubscribeEvent=1; import:net.minecraftforge.fml.common.gameevent.TickEvent->net.minecraftforge.event.TickEvent=1; type:FontRenderer->Font=1
src/main/java/net/shadowmage/ancientwarfare/vehicle/render/RenderOverlayAdvanced.java,40,import:net.minecraft.entity.player.EntityPlayer->net.minecraft.world.entity.player.Player=1; import:net.minecraft.util.math.AxisAlignedBB->net.minecraft.world.phys.AABB=1; import:net.minecraft.util.math.BlockPos->net.minecraft.core.BlockPos=1; import:net.minecraft.util.math.Vec3d->net.minecraft.world.phys.Vec3=1; import:net.minecraftforge.fml.common.eventhandler.SubscribeEvent->net.minecraftforge.eventbus.api.SubscribeEvent=1; import:net.minecraftforge.fml.relauncher.Side->net.minecraftforge.api.distmarker.Dist=1; import:net.minecraftforge.fml.relauncher.SideOnly->net.minecraftforge.api.distmarker.OnlyIn=1; type:AxisAlignedBB->AABB=6; type:EntityPlayer->Player=7; type:Side->Dist=1; type:SideOnly->OnlyIn=1; type:Vec3d->Vec3=18
src/main/java/net/shadowmage/ancientwarfare/vehicle/render/RenderVehicle.java,8,call:.getDistanceSq(->.distanceToSqr(=1; import:net.minecraft.client.gui.FontRenderer->net.minecraft.client.gui.Font=1; import:net.minecraft.client.renderer.BufferBuilder->com.mojang.blaze3d.vertex.BufferBuilder=1; import:net.minecraft.client.renderer.Tessellator->com.mojang.blaze3d.vertex.Tesselator=1; import:net.minecraft.util.ResourceLocation->net.minecraft.resources.ResourceLocation=1; type:FontRenderer->Font=1; type:Tessellator->Tesselator=2
src/main/java/net/shadowmage/ancientwarfare/vehicle/render/missile/RenderMissileBase.java,1,import:net.minecraft.util.ResourceLocation->net.minecraft.resources.ResourceLocation=1
src/main/java/net/shadowmage/ancientwarfare/vehicle/render/vehicle/RenderChestCart.java,2,import:net.minecraft.util.math.MathHelper->net.minecraft.util.Mth=1; type:MathHelper->Mth=1
src/main/java/net/shadowmage/ancientwarfare/vehicle/render/vehicle/RenderHwacha.java,2,import:net.minecraft.util.math.MathHelper->net.minecraft.util.Mth=1; type:MathHelper->Mth=1
src/main/java/net/shadowmage/ancientwarfare/vehicle/render/vehicle/RenderVehicleBase.java,1,import:net.minecraft.util.ResourceLocation->net.minecraft.resources.ResourceLocation=1
src/main/java/net/shadowmage/ancientwarfare/vehicle/upgrades/IVehicleUpgradeType.java,1,import:net.minecraft.util.ResourceLocation->net.minecraft.resources.ResourceLocation=1
src/main/java/net/shadowmage/ancientwarfare/vehicle/upgrades/VehicleUpgradeBase.java,1,import:net.minecraft.util.ResourceLocation->net.minecraft.resources.ResourceLocation=1
