issue,file,note
legacy_access_transformer,src/main/resources/ancientwarfare_at.cfg,class/member names require 1.20.1 Mojmap remap
forge_marker_blockstate,src/main/resources/assets/ancientwarfare/blockstates/automation/animal_farm.json,Forge 1.12 extended blockstate/model format requires model rewrite
forge_marker_blockstate,src/main/resources/assets/ancientwarfare/blockstates/automation/auto_crafting.json,Forge 1.12 extended blockstate/model format requires model rewrite
forge_marker_blockstate,src/main/resources/assets/ancientwarfare/blockstates/automation/chunk_loader_deluxe.json,Forge 1.12 extended blockstate/model format requires model rewrite
forge_marker_blockstate,src/main/resources/assets/ancientwarfare/blockstates/automation/chunk_loader_simple.json,Forge 1.12 extended blockstate/model format requires model rewrite
forge_marker_blockstate,src/main/resources/assets/ancientwarfare/blockstates/automation/component.json,Forge 1.12 extended blockstate/model format requires model rewrite
forge_marker_blockstate,src/main/resources/assets/ancientwarfare/blockstates/automation/crop_farm.json,Forge 1.12 extended blockstate/model format requires model rewrite
forge_marker_blockstate,src/main/resources/assets/ancientwarfare/blockstates/automation/fish_farm.json,Forge 1.12 extended blockstate/model format requires model rewrite
forge_marker_blockstate,src/main/resources/assets/ancientwarfare/blockstates/automation/fruit_farm.json,Forge 1.12 extended blockstate/model format requires model rewrite
forge_marker_blockstate,src/main/resources/assets/ancientwarfare/blockstates/automation/mailbox.json,Forge 1.12 extended blockstate/model format requires model rewrite
forge_marker_blockstate,src/main/resources/assets/ancientwarfare/blockstates/automation/quarry.json,Forge 1.12 extended blockstate/model format requires model rewrite
forge_marker_blockstate,src/main/resources/assets/ancientwarfare/blockstates/automation/tree_farm.json,Forge 1.12 extended blockstate/model format requires model rewrite
forge_marker_blockstate,src/main/resources/assets/ancientwarfare/blockstates/automation/warehouse_control.json,Forge 1.12 extended blockstate/model format requires model rewrite
forge_marker_blockstate,src/main/resources/assets/ancientwarfare/blockstates/automation/warehouse_crafting.json,Forge 1.12 extended blockstate/model format requires model rewrite
forge_marker_blockstate,src/main/resources/assets/ancientwarfare/blockstates/automation/warehouse_interface.json,Forge 1.12 extended blockstate/model format requires model rewrite
forge_marker_blockstate,src/main/resources/assets/ancientwarfare/blockstates/automation/warehouse_stock_linker.json,Forge 1.12 extended blockstate/model format requires model rewrite
forge_marker_blockstate,src/main/resources/assets/ancientwarfare/blockstates/automation/warehouse_stock_viewer.json,Forge 1.12 extended blockstate/model format requires model rewrite
forge_marker_blockstate,src/main/resources/assets/ancientwarfare/blockstates/automation/warehouse_storage.json,Forge 1.12 extended blockstate/model format requires model rewrite
forge_marker_blockstate,src/main/resources/assets/ancientwarfare/blockstates/automation/worksite_upgrade.json,Forge 1.12 extended blockstate/model format requires model rewrite
forge_marker_blockstate,src/main/resources/assets/ancientwarfare/blockstates/core/engineering_station.json,Forge 1.12 extended blockstate/model format requires model rewrite
forge_marker_blockstate,src/main/resources/assets/ancientwarfare/blockstates/core/research_station.json,Forge 1.12 extended blockstate/model format requires model rewrite
forge_marker_blockstate,src/main/resources/assets/ancientwarfare/blockstates/npc/bard_instrument.json,Forge 1.12 extended blockstate/model format requires model rewrite
forge_marker_blockstate,src/main/resources/assets/ancientwarfare/blockstates/npc/headquarters.json,Forge 1.12 extended blockstate/model format requires model rewrite
forge_marker_blockstate,src/main/resources/assets/ancientwarfare/blockstates/npc/npc_spawner.json,Forge 1.12 extended blockstate/model format requires model rewrite
forge_marker_blockstate,src/main/resources/assets/ancientwarfare/blockstates/npc/town_hall.json,Forge 1.12 extended blockstate/model format requires model rewrite
forge_marker_blockstate,src/main/resources/assets/ancientwarfare/blockstates/structure/advanced_spawner.json,Forge 1.12 extended blockstate/model format requires model rewrite
forge_marker_blockstate,src/main/resources/assets/ancientwarfare/blockstates/structure/altar_candle.json,Forge 1.12 extended blockstate/model format requires model rewrite
forge_marker_blockstate,src/main/resources/assets/ancientwarfare/blockstates/structure/altar_lectern.json,Forge 1.12 extended blockstate/model format requires model rewrite
forge_marker_blockstate,src/main/resources/assets/ancientwarfare/blockstates/structure/altar_long_cloth.json,Forge 1.12 extended blockstate/model format requires model rewrite
forge_marker_blockstate,src/main/resources/assets/ancientwarfare/blockstates/structure/altar_short_cloth.json,Forge 1.12 extended blockstate/model format requires model rewrite
forge_marker_blockstate,src/main/resources/assets/ancientwarfare/blockstates/structure/altar_sun.json,Forge 1.12 extended blockstate/model format requires model rewrite
forge_marker_blockstate,src/main/resources/assets/ancientwarfare/blockstates/structure/bench.json,Forge 1.12 extended blockstate/model format requires model rewrite
forge_marker_blockstate,src/main/resources/assets/ancientwarfare/blockstates/structure/brazier_ember.json,Forge 1.12 extended blockstate/model format requires model rewrite
forge_marker_blockstate,src/main/resources/assets/ancientwarfare/blockstates/structure/brazier_flame.json,Forge 1.12 extended blockstate/model format requires model rewrite
forge_marker_blockstate,src/main/resources/assets/ancientwarfare/blockstates/structure/chair.json,Forge 1.12 extended blockstate/model format requires model rewrite
forge_marker_blockstate,src/main/resources/assets/ancientwarfare/blockstates/structure/coin_stack_ancient.json,Forge 1.12 extended blockstate/model format requires model rewrite
forge_marker_blockstate,src/main/resources/assets/ancientwarfare/blockstates/structure/coin_stack_copper.json,Forge 1.12 extended blockstate/model format requires model rewrite
forge_marker_blockstate,src/main/resources/assets/ancientwarfare/blockstates/structure/coin_stack_gold.json,Forge 1.12 extended blockstate/model format requires model rewrite
forge_marker_blockstate,src/main/resources/assets/ancientwarfare/blockstates/structure/coin_stack_silver.json,Forge 1.12 extended blockstate/model format requires model rewrite
forge_marker_blockstate,src/main/resources/assets/ancientwarfare/blockstates/structure/drafting_station.json,Forge 1.12 extended blockstate/model format requires model rewrite
forge_marker_blockstate,src/main/resources/assets/ancientwarfare/blockstates/structure/fire_pit.json,Forge 1.12 extended blockstate/model format requires model rewrite
forge_marker_blockstate,src/main/resources/assets/ancientwarfare/blockstates/structure/gate_spawner.json,Forge 1.12 extended blockstate/model format requires model rewrite
forge_marker_blockstate,src/main/resources/assets/ancientwarfare/blockstates/structure/gibbet.json,Forge 1.12 extended blockstate/model format requires model rewrite
forge_marker_blockstate,src/main/resources/assets/ancientwarfare/blockstates/structure/goblin_totem_1.json,Forge 1.12 extended blockstate/model format requires model rewrite
forge_marker_blockstate,src/main/resources/assets/ancientwarfare/blockstates/structure/goblin_totem_2.json,Forge 1.12 extended blockstate/model format requires model rewrite
forge_marker_blockstate,src/main/resources/assets/ancientwarfare/blockstates/structure/goblin_totem_2_lit.json,Forge 1.12 extended blockstate/model format requires model rewrite
forge_marker_blockstate,src/main/resources/assets/ancientwarfare/blockstates/structure/golden_idol.json,Forge 1.12 extended blockstate/model format requires model rewrite
forge_marker_blockstate,src/main/resources/assets/ancientwarfare/blockstates/structure/golden_throne.json,Forge 1.12 extended blockstate/model format requires model rewrite
forge_marker_blockstate,src/main/resources/assets/ancientwarfare/blockstates/structure/gravestone.json,Forge 1.12 extended blockstate/model format requires model rewrite
forge_marker_blockstate,src/main/resources/assets/ancientwarfare/blockstates/structure/iron_cage.json,Forge 1.12 extended blockstate/model format requires model rewrite
forge_marker_blockstate,src/main/resources/assets/ancientwarfare/blockstates/structure/loot_basket.json,Forge 1.12 extended blockstate/model format requires model rewrite
forge_marker_blockstate,src/main/resources/assets/ancientwarfare/blockstates/structure/orc_totem_1.json,Forge 1.12 extended blockstate/model format requires model rewrite
forge_marker_blockstate,src/main/resources/assets/ancientwarfare/blockstates/structure/orc_totem_2.json,Forge 1.12 extended blockstate/model format requires model rewrite
forge_marker_blockstate,src/main/resources/assets/ancientwarfare/blockstates/structure/orc_totem_2_lit.json,Forge 1.12 extended blockstate/model format requires model rewrite
forge_marker_blockstate,src/main/resources/assets/ancientwarfare/blockstates/structure/scissor_seat.json,Forge 1.12 extended blockstate/model format requires model rewrite
forge_marker_blockstate,src/main/resources/assets/ancientwarfare/blockstates/structure/stake.json,Forge 1.12 extended blockstate/model format requires model rewrite
forge_marker_blockstate,src/main/resources/assets/ancientwarfare/blockstates/structure/stool.json,Forge 1.12 extended blockstate/model format requires model rewrite
forge_marker_blockstate,src/main/resources/assets/ancientwarfare/blockstates/structure/stretching_rack.json,Forge 1.12 extended blockstate/model format requires model rewrite
forge_marker_blockstate,src/main/resources/assets/ancientwarfare/blockstates/structure/structure_builder_ticked.json,Forge 1.12 extended blockstate/model format requires model rewrite
forge_marker_blockstate,src/main/resources/assets/ancientwarfare/blockstates/structure/structure_scanner_block.json,Forge 1.12 extended blockstate/model format requires model rewrite
forge_marker_blockstate,src/main/resources/assets/ancientwarfare/blockstates/structure/table.json,Forge 1.12 extended blockstate/model format requires model rewrite
forge_marker_blockstate,src/main/resources/assets/ancientwarfare/blockstates/structure/totem_part.json,Forge 1.12 extended blockstate/model format requires model rewrite
forge_marker_blockstate,src/main/resources/assets/ancientwarfare/blockstates/structure/tribal_chair.json,Forge 1.12 extended blockstate/model format requires model rewrite
forge_marker_blockstate,src/main/resources/assets/ancientwarfare/blockstates/structure/tribal_stool.json,Forge 1.12 extended blockstate/model format requires model rewrite
forge_marker_blockstate,src/main/resources/assets/ancientwarfare/blockstates/structure/urn.json,Forge 1.12 extended blockstate/model format requires model rewrite
forge_marker_blockstate,src/main/resources/assets/ancientwarfare/blockstates/structure/wooden_post.json,Forge 1.12 extended blockstate/model format requires model rewrite
forge_marker_blockstate,src/main/resources/assets/ancientwarfare/blockstates/structure/wooden_throne.json,Forge 1.12 extended blockstate/model format requires model rewrite
forge_marker_blockstate,src/main/resources/assets/ancientwarfare/blockstates/vehicle/ammo.json,Forge 1.12 extended blockstate/model format requires model rewrite
forge_marker_blockstate,src/main/resources/assets/ancientwarfare/blockstates/vehicle/armor.json,Forge 1.12 extended blockstate/model format requires model rewrite
forge_marker_blockstate,src/main/resources/assets/ancientwarfare/blockstates/vehicle/misc.json,Forge 1.12 extended blockstate/model format requires model rewrite
forge_marker_blockstate,src/main/resources/assets/ancientwarfare/blockstates/vehicle/spawner.json,Forge 1.12 extended blockstate/model format requires model rewrite
forge_marker_blockstate,src/main/resources/assets/ancientwarfare/blockstates/vehicle/upgrade.json,Forge 1.12 extended blockstate/model format requires model rewrite
legacy_lang,src/main/resources/assets/ancientwarfare/lang/de_DE.lang,JSON language file generated alongside; retain until key remap is verified
legacy_lang,src/main/resources/assets/ancientwarfare/lang/en_US.lang,JSON language file generated alongside; retain until key remap is verified
legacy_lang,src/main/resources/assets/ancientwarfare/lang/fr_FR.lang,JSON language file generated alongside; retain until key remap is verified
legacy_lang,src/main/resources/assets/ancientwarfare/lang/ja_JP.lang,JSON language file generated alongside; retain until key remap is verified
legacy_lang,src/main/resources/assets/ancientwarfare/lang/nl_NL.lang,JSON language file generated alongside; retain until key remap is verified
legacy_lang,src/main/resources/assets/ancientwarfare/lang/ru_RU.lang,JSON language file generated alongside; retain until key remap is verified
legacy_lang,src/main/resources/assets/ancientwarfare/lang/zh_CN.lang,JSON language file generated alongside; retain until key remap is verified
legacy_lang,src/main/resources/assets/ancientwarfare/lang/zh_TW.lang,JSON language file generated alongside; retain until key remap is verified
loot_table_under_assets,src/main/resources/assets/ancientwarfare/loot_tables/chests/amazon.json,must be converted to modern loot schema before moving under data/<namespace>/loot_tables; verify every registry ID after DeferredRegister conversion
possibly_unnamespaced_registry_id,src/main/resources/assets/ancientwarfare/loot_tables/chests/amazon.json,must be converted to modern loot schema before moving under data/<namespace>/loot_tables; verify every registry ID after DeferredRegister conversion
loot_table_under_assets,src/main/resources/assets/ancientwarfare/loot_tables/chests/ammo_ballista.json,must be converted to modern loot schema before moving under data/<namespace>/loot_tables; verify every registry ID after DeferredRegister conversion
possibly_unnamespaced_registry_id,src/main/resources/assets/ancientwarfare/loot_tables/chests/ammo_ballista.json,must be converted to modern loot schema before moving under data/<namespace>/loot_tables; verify every registry ID after DeferredRegister conversion
loot_table_under_assets,src/main/resources/assets/ancientwarfare/loot_tables/chests/ammo_cannon.json,must be converted to modern loot schema before moving under data/<namespace>/loot_tables; verify every registry ID after DeferredRegister conversion
possibly_unnamespaced_registry_id,src/main/resources/assets/ancientwarfare/loot_tables/chests/ammo_cannon.json,must be converted to modern loot schema before moving under data/<namespace>/loot_tables; verify every registry ID after DeferredRegister conversion
loot_table_under_assets,src/main/resources/assets/ancientwarfare/loot_tables/chests/ammo_catapult_trebuchet.json,must be converted to modern loot schema before moving under data/<namespace>/loot_tables; verify every registry ID after DeferredRegister conversion
possibly_unnamespaced_registry_id,src/main/resources/assets/ancientwarfare/loot_tables/chests/ammo_catapult_trebuchet.json,must be converted to modern loot schema before moving under data/<namespace>/loot_tables; verify every registry ID after DeferredRegister conversion
loot_table_under_assets,src/main/resources/assets/ancientwarfare/loot_tables/chests/ammo_hwacha.json,must be converted to modern loot schema before moving under data/<namespace>/loot_tables; verify every registry ID after DeferredRegister conversion
possibly_unnamespaced_registry_id,src/main/resources/assets/ancientwarfare/loot_tables/chests/ammo_hwacha.json,must be converted to modern loot schema before moving under data/<namespace>/loot_tables; verify every registry ID after DeferredRegister conversion
loot_table_under_assets,src/main/resources/assets/ancientwarfare/loot_tables/chests/archivist.json,must be converted to modern loot schema before moving under data/<namespace>/loot_tables; verify every registry ID after DeferredRegister conversion
possibly_unnamespaced_registry_id,src/main/resources/assets/ancientwarfare/loot_tables/chests/archivist.json,must be converted to modern loot schema before moving under data/<namespace>/loot_tables; verify every registry ID after DeferredRegister conversion
loot_table_under_assets,src/main/resources/assets/ancientwarfare/loot_tables/chests/barbarian.json,must be converted to modern loot schema before moving under data/<namespace>/loot_tables; verify every registry ID after DeferredRegister conversion
possibly_unnamespaced_registry_id,src/main/resources/assets/ancientwarfare/loot_tables/chests/barbarian.json,must be converted to modern loot schema before moving under data/<namespace>/loot_tables; verify every registry ID after DeferredRegister conversion
loot_table_under_assets,src/main/resources/assets/ancientwarfare/loot_tables/chests/beast.json,must be converted to modern loot schema before moving under data/<namespace>/loot_tables; replace metadata with modern item/block IDs or set_nbt/components as appropriate; verify every registry ID after DeferredRegister conversion
legacy_loot_function_set_data,src/main/resources/assets/ancientwarfare/loot_tables/chests/beast.json,must be converted to modern loot schema before moving under data/<namespace>/loot_tables; replace metadata with modern item/block IDs or set_nbt/components as appropriate; verify every registry ID after DeferredRegister conversion
possibly_unnamespaced_registry_id,src/main/resources/assets/ancientwarfare/loot_tables/chests/beast.json,must be converted to modern loot schema before moving under data/<namespace>/loot_tables; replace metadata with modern item/block IDs or set_nbt/components as appropriate; verify every registry ID after DeferredRegister conversion
loot_table_under_assets,src/main/resources/assets/ancientwarfare/loot_tables/chests/beast_treasure_hoard.json,must be converted to modern loot schema before moving under data/<namespace>/loot_tables; verify every registry ID after DeferredRegister conversion
possibly_unnamespaced_registry_id,src/main/resources/assets/ancientwarfare/loot_tables/chests/beast_treasure_hoard.json,must be converted to modern loot schema before moving under data/<namespace>/loot_tables; verify every registry ID after DeferredRegister conversion
loot_table_under_assets,src/main/resources/assets/ancientwarfare/loot_tables/chests/brigand.json,must be converted to modern loot schema before moving under data/<namespace>/loot_tables; verify every registry ID after DeferredRegister conversion
possibly_unnamespaced_registry_id,src/main/resources/assets/ancientwarfare/loot_tables/chests/brigand.json,must be converted to modern loot schema before moving under data/<namespace>/loot_tables; verify every registry ID after DeferredRegister conversion
loot_table_under_assets,src/main/resources/assets/ancientwarfare/loot_tables/chests/buffloka.json,must be converted to modern loot schema before moving under data/<namespace>/loot_tables; verify every registry ID after DeferredRegister conversion
possibly_unnamespaced_registry_id,src/main/resources/assets/ancientwarfare/loot_tables/chests/buffloka.json,must be converted to modern loot schema before moving under data/<namespace>/loot_tables; verify every registry ID after DeferredRegister conversion
loot_table_under_assets,src/main/resources/assets/ancientwarfare/loot_tables/chests/buffloka_forest.json,must be converted to modern loot schema before moving under data/<namespace>/loot_tables; verify every registry ID after DeferredRegister conversion
possibly_unnamespaced_registry_id,src/main/resources/assets/ancientwarfare/loot_tables/chests/buffloka_forest.json,must be converted to modern loot schema before moving under data/<namespace>/loot_tables; verify every registry ID after DeferredRegister conversion
loot_table_under_assets,src/main/resources/assets/ancientwarfare/loot_tables/chests/buffloka_plains.json,must be converted to modern loot schema before moving under data/<namespace>/loot_tables; verify every registry ID after DeferredRegister conversion
possibly_unnamespaced_registry_id,src/main/resources/assets/ancientwarfare/loot_tables/chests/buffloka_plains.json,must be converted to modern loot schema before moving under data/<namespace>/loot_tables; verify every registry ID after DeferredRegister conversion
loot_table_under_assets,src/main/resources/assets/ancientwarfare/loot_tables/chests/castle_armoury_chainmail.json,must be converted to modern loot schema before moving under data/<namespace>/loot_tables; verify every registry ID after DeferredRegister conversion
possibly_unnamespaced_registry_id,src/main/resources/assets/ancientwarfare/loot_tables/chests/castle_armoury_chainmail.json,must be converted to modern loot schema before moving under data/<namespace>/loot_tables; verify every registry ID after DeferredRegister conversion
loot_table_under_assets,src/main/resources/assets/ancientwarfare/loot_tables/chests/castle_armoury_diamond.json,must be converted to modern loot schema before moving under data/<namespace>/loot_tables; verify every registry ID after DeferredRegister conversion
possibly_unnamespaced_registry_id,src/main/resources/assets/ancientwarfare/loot_tables/chests/castle_armoury_diamond.json,must be converted to modern loot schema before moving under data/<namespace>/loot_tables; verify every registry ID after DeferredRegister conversion
loot_table_under_assets,src/main/resources/assets/ancientwarfare/loot_tables/chests/castle_armoury_gold.json,must be converted to modern loot schema before moving under data/<namespace>/loot_tables; verify every registry ID after DeferredRegister conversion
possibly_unnamespaced_registry_id,src/main/resources/assets/ancientwarfare/loot_tables/chests/castle_armoury_gold.json,must be converted to modern loot schema before moving under data/<namespace>/loot_tables; verify every registry ID after DeferredRegister conversion
loot_table_under_assets,src/main/resources/assets/ancientwarfare/loot_tables/chests/castle_armoury_iron.json,must be converted to modern loot schema before moving under data/<namespace>/loot_tables; verify every registry ID after DeferredRegister conversion
possibly_unnamespaced_registry_id,src/main/resources/assets/ancientwarfare/loot_tables/chests/castle_armoury_iron.json,must be converted to modern loot schema before moving under data/<namespace>/loot_tables; verify every registry ID after DeferredRegister conversion
loot_table_under_assets,src/main/resources/assets/ancientwarfare/loot_tables/chests/castle_armoury_stone_leather.json,must be converted to modern loot schema before moving under data/<namespace>/loot_tables; verify every registry ID after DeferredRegister conversion
possibly_unnamespaced_registry_id,src/main/resources/assets/ancientwarfare/loot_tables/chests/castle_armoury_stone_leather.json,must be converted to modern loot schema before moving under data/<namespace>/loot_tables; verify every registry ID after DeferredRegister conversion
loot_table_under_assets,src/main/resources/assets/ancientwarfare/loot_tables/chests/castle_pantry_meat_cooked.json,must be converted to modern loot schema before moving under data/<namespace>/loot_tables; verify every registry ID after DeferredRegister conversion
possibly_unnamespaced_registry_id,src/main/resources/assets/ancientwarfare/loot_tables/chests/castle_pantry_meat_cooked.json,must be converted to modern loot schema before moving under data/<namespace>/loot_tables; verify every registry ID after DeferredRegister conversion
loot_table_under_assets,src/main/resources/assets/ancientwarfare/loot_tables/chests/castle_pantry_meat_raw.json,must be converted to modern loot schema before moving under data/<namespace>/loot_tables; verify every registry ID after DeferredRegister conversion
possibly_unnamespaced_registry_id,src/main/resources/assets/ancientwarfare/loot_tables/chests/castle_pantry_meat_raw.json,must be converted to modern loot schema before moving under data/<namespace>/loot_tables; verify every registry ID after DeferredRegister conversion
loot_table_under_assets,src/main/resources/assets/ancientwarfare/loot_tables/chests/castle_pantry_mixed.json,must be converted to modern loot schema before moving under data/<namespace>/loot_tables; verify every registry ID after DeferredRegister conversion
possibly_unnamespaced_registry_id,src/main/resources/assets/ancientwarfare/loot_tables/chests/castle_pantry_mixed.json,must be converted to modern loot schema before moving under data/<namespace>/loot_tables; verify every registry ID after DeferredRegister conversion
loot_table_under_assets,src/main/resources/assets/ancientwarfare/loot_tables/chests/castle_pantry_vegetable.json,must be converted to modern loot schema before moving under data/<namespace>/loot_tables; verify every registry ID after DeferredRegister conversion
possibly_unnamespaced_registry_id,src/main/resources/assets/ancientwarfare/loot_tables/chests/castle_pantry_vegetable.json,must be converted to modern loot schema before moving under data/<namespace>/loot_tables; verify every registry ID after DeferredRegister conversion
loot_table_under_assets,src/main/resources/assets/ancientwarfare/loot_tables/chests/castle_treasury_high_value.json,must be converted to modern loot schema before moving under data/<namespace>/loot_tables; verify every registry ID after DeferredRegister conversion
possibly_unnamespaced_registry_id,src/main/resources/assets/ancientwarfare/loot_tables/chests/castle_treasury_high_value.json,must be converted to modern loot schema before moving under data/<namespace>/loot_tables; verify every registry ID after DeferredRegister conversion
loot_table_under_assets,src/main/resources/assets/ancientwarfare/loot_tables/chests/castle_treasury_low_value.json,must be converted to modern loot schema before moving under data/<namespace>/loot_tables; replace metadata with modern item/block IDs or set_nbt/components as appropriate; verify every registry ID after DeferredRegister conversion
legacy_loot_function_set_data,src/main/resources/assets/ancientwarfare/loot_tables/chests/castle_treasury_low_value.json,must be converted to modern loot schema before moving under data/<namespace>/loot_tables; replace metadata with modern item/block IDs or set_nbt/components as appropriate; verify every registry ID after DeferredRegister conversion
possibly_unnamespaced_registry_id,src/main/resources/assets/ancientwarfare/loot_tables/chests/castle_treasury_low_value.json,must be converted to modern loot schema before moving under data/<namespace>/loot_tables; replace metadata with modern item/block IDs or set_nbt/components as appropriate; verify every registry ID after DeferredRegister conversion
loot_table_under_assets,src/main/resources/assets/ancientwarfare/loot_tables/chests/castle_treasury_medium_value.json,must be converted to modern loot schema before moving under data/<namespace>/loot_tables; replace metadata with modern item/block IDs or set_nbt/components as appropriate; verify every registry ID after DeferredRegister conversion
legacy_loot_function_set_data,src/main/resources/assets/ancientwarfare/loot_tables/chests/castle_treasury_medium_value.json,must be converted to modern loot schema before moving under data/<namespace>/loot_tables; replace metadata with modern item/block IDs or set_nbt/components as appropriate; verify every registry ID after DeferredRegister conversion
possibly_unnamespaced_registry_id,src/main/resources/assets/ancientwarfare/loot_tables/chests/castle_treasury_medium_value.json,must be converted to modern loot schema before moving under data/<namespace>/loot_tables; replace metadata with modern item/block IDs or set_nbt/components as appropriate; verify every registry ID after DeferredRegister conversion
loot_table_under_assets,src/main/resources/assets/ancientwarfare/loot_tables/chests/citizen_high_value.json,must be converted to modern loot schema before moving under data/<namespace>/loot_tables; verify every registry ID after DeferredRegister conversion
possibly_unnamespaced_registry_id,src/main/resources/assets/ancientwarfare/loot_tables/chests/citizen_high_value.json,must be converted to modern loot schema before moving under data/<namespace>/loot_tables; verify every registry ID after DeferredRegister conversion
loot_table_under_assets,src/main/resources/assets/ancientwarfare/loot_tables/chests/citizen_low_value.json,must be converted to modern loot schema before moving under data/<namespace>/loot_tables; verify every registry ID after DeferredRegister conversion
possibly_unnamespaced_registry_id,src/main/resources/assets/ancientwarfare/loot_tables/chests/citizen_low_value.json,must be converted to modern loot schema before moving under data/<namespace>/loot_tables; verify every registry ID after DeferredRegister conversion
loot_table_under_assets,src/main/resources/assets/ancientwarfare/loot_tables/chests/citizen_medium_value.json,must be converted to modern loot schema before moving under data/<namespace>/loot_tables; verify every registry ID after DeferredRegister conversion
possibly_unnamespaced_registry_id,src/main/resources/assets/ancientwarfare/loot_tables/chests/citizen_medium_value.json,must be converted to modern loot schema before moving under data/<namespace>/loot_tables; verify every registry ID after DeferredRegister conversion
loot_table_under_assets,src/main/resources/assets/ancientwarfare/loot_tables/chests/compat/betteranimalsplus/betteranimalsplus_village_farm_goat.json,must be converted to modern loot schema before moving under data/<namespace>/loot_tables; verify every registry ID after DeferredRegister conversion
possibly_unnamespaced_registry_id,src/main/resources/assets/ancientwarfare/loot_tables/chests/compat/betteranimalsplus/betteranimalsplus_village_farm_goat.json,must be converted to modern loot schema before moving under data/<namespace>/loot_tables; verify every registry ID after DeferredRegister conversion
loot_table_under_assets,src/main/resources/assets/ancientwarfare/loot_tables/chests/compat/betteranimalsplus/betteranimalsplus_village_farm_goose.json,must be converted to modern loot schema before moving under data/<namespace>/loot_tables; verify every registry ID after DeferredRegister conversion
possibly_unnamespaced_registry_id,src/main/resources/assets/ancientwarfare/loot_tables/chests/compat/betteranimalsplus/betteranimalsplus_village_farm_goose.json,must be converted to modern loot schema before moving under data/<namespace>/loot_tables; verify every registry ID after DeferredRegister conversion
loot_table_under_assets,src/main/resources/assets/ancientwarfare/loot_tables/chests/compat/betteranimalsplus/betteranimalsplus_village_farm_pheasant.json,must be converted to modern loot schema before moving under data/<namespace>/loot_tables; verify every registry ID after DeferredRegister conversion
possibly_unnamespaced_registry_id,src/main/resources/assets/ancientwarfare/loot_tables/chests/compat/betteranimalsplus/betteranimalsplus_village_farm_pheasant.json,must be converted to modern loot schema before moving under data/<namespace>/loot_tables; verify every registry ID after DeferredRegister conversion
loot_table_under_assets,src/main/resources/assets/ancientwarfare/loot_tables/chests/compat/betteranimalsplus/betteranimalsplus_village_farm_turkey.json,must be converted to modern loot schema before moving under data/<namespace>/loot_tables; verify every registry ID after DeferredRegister conversion
possibly_unnamespaced_registry_id,src/main/resources/assets/ancientwarfare/loot_tables/chests/compat/betteranimalsplus/betteranimalsplus_village_farm_turkey.json,must be converted to modern loot schema before moving under data/<namespace>/loot_tables; verify every registry ID after DeferredRegister conversion
loot_table_under_assets,src/main/resources/assets/ancientwarfare/loot_tables/chests/compat/biomesoplenty/biomesoplenty_village_farm_barley.json,must be converted to modern loot schema before moving under data/<namespace>/loot_tables; replace metadata with modern item/block IDs or set_nbt/components as appropriate; verify every registry ID after DeferredRegister conversion
legacy_loot_function_set_data,src/main/resources/assets/ancientwarfare/loot_tables/chests/compat/biomesoplenty/biomesoplenty_village_farm_barley.json,must be converted to modern loot schema before moving under data/<namespace>/loot_tables; replace metadata with modern item/block IDs or set_nbt/components as appropriate; verify every registry ID after DeferredRegister conversion
possibly_unnamespaced_registry_id,src/main/resources/assets/ancientwarfare/loot_tables/chests/compat/biomesoplenty/biomesoplenty_village_farm_barley.json,must be converted to modern loot schema before moving under data/<namespace>/loot_tables; replace metadata with modern item/block IDs or set_nbt/components as appropriate; verify every registry ID after DeferredRegister conversion
loot_table_under_assets,src/main/resources/assets/ancientwarfare/loot_tables/chests/compat/explorercraft/explorercraft_village_farm_leek.json,must be converted to modern loot schema before moving under data/<namespace>/loot_tables; verify every registry ID after DeferredRegister conversion
possibly_unnamespaced_registry_id,src/main/resources/assets/ancientwarfare/loot_tables/chests/compat/explorercraft/explorercraft_village_farm_leek.json,must be converted to modern loot schema before moving under data/<namespace>/loot_tables; verify every registry ID after DeferredRegister conversion
loot_table_under_assets,src/main/resources/assets/ancientwarfare/loot_tables/chests/compat/explorercraft/explorercraft_village_farm_rice.json,must be converted to modern loot schema before moving under data/<namespace>/loot_tables; verify every registry ID after DeferredRegister conversion
possibly_unnamespaced_registry_id,src/main/resources/assets/ancientwarfare/loot_tables/chests/compat/explorercraft/explorercraft_village_farm_rice.json,must be converted to modern loot schema before moving under data/<namespace>/loot_tables; verify every registry ID after DeferredRegister conversion
loot_table_under_assets,src/main/resources/assets/ancientwarfare/loot_tables/chests/compat/gemsplusplus/gemsplusplus_village_craftsman_jewel.json,must be converted to modern loot schema before moving under data/<namespace>/loot_tables; verify every registry ID after DeferredRegister conversion
possibly_unnamespaced_registry_id,src/main/resources/assets/ancientwarfare/loot_tables/chests/compat/gemsplusplus/gemsplusplus_village_craftsman_jewel.json,must be converted to modern loot schema before moving under data/<namespace>/loot_tables; verify every registry ID after DeferredRegister conversion
loot_table_under_assets,src/main/resources/assets/ancientwarfare/loot_tables/chests/compat/growthcraft_rice/growthcraft_rice_village_farm_rice.json,must be converted to modern loot schema before moving under data/<namespace>/loot_tables; verify every registry ID after DeferredRegister conversion
possibly_unnamespaced_registry_id,src/main/resources/assets/ancientwarfare/loot_tables/chests/compat/growthcraft_rice/growthcraft_rice_village_farm_rice.json,must be converted to modern loot schema before moving under data/<namespace>/loot_tables; verify every registry ID after DeferredRegister conversion
loot_table_under_assets,src/main/resources/assets/ancientwarfare/loot_tables/chests/compat/harvestcraft/harvestcraft_shop_bakery.json,must be converted to modern loot schema before moving under data/<namespace>/loot_tables; verify every registry ID after DeferredRegister conversion
possibly_unnamespaced_registry_id,src/main/resources/assets/ancientwarfare/loot_tables/chests/compat/harvestcraft/harvestcraft_shop_bakery.json,must be converted to modern loot schema before moving under data/<namespace>/loot_tables; verify every registry ID after DeferredRegister conversion
loot_table_under_assets,src/main/resources/assets/ancientwarfare/loot_tables/chests/compat/harvestcraft/harvestcraft_shop_grain.json,must be converted to modern loot schema before moving under data/<namespace>/loot_tables; verify every registry ID after DeferredRegister conversion
possibly_unnamespaced_registry_id,src/main/resources/assets/ancientwarfare/loot_tables/chests/compat/harvestcraft/harvestcraft_shop_grain.json,must be converted to modern loot schema before moving under data/<namespace>/loot_tables; verify every registry ID after DeferredRegister conversion
loot_table_under_assets,src/main/resources/assets/ancientwarfare/loot_tables/chests/compat/harvestcraft/harvestcraft_shop_oliveoil.json,must be converted to modern loot schema before moving under data/<namespace>/loot_tables; verify every registry ID after DeferredRegister conversion
possibly_unnamespaced_registry_id,src/main/resources/assets/ancientwarfare/loot_tables/chests/compat/harvestcraft/harvestcraft_shop_oliveoil.json,must be converted to modern loot schema before moving under data/<namespace>/loot_tables; verify every registry ID after DeferredRegister conversion
loot_table_under_assets,src/main/resources/assets/ancientwarfare/loot_tables/chests/compat/harvestcraft/harvestcraft_shop_potatoes.json,must be converted to modern loot schema before moving under data/<namespace>/loot_tables; verify every registry ID after DeferredRegister conversion
possibly_unnamespaced_registry_id,src/main/resources/assets/ancientwarfare/loot_tables/chests/compat/harvestcraft/harvestcraft_shop_potatoes.json,must be converted to modern loot schema before moving under data/<namespace>/loot_tables; verify every registry ID after DeferredRegister conversion
loot_table_under_assets,src/main/resources/assets/ancientwarfare/loot_tables/chests/compat/harvestcraft/harvestcraft_shop_sea_life.json,must be converted to modern loot schema before moving under data/<namespace>/loot_tables; replace metadata with modern item/block IDs or set_nbt/components as appropriate; verify every registry ID after DeferredRegister conversion
legacy_loot_function_set_data,src/main/resources/assets/ancientwarfare/loot_tables/chests/compat/harvestcraft/harvestcraft_shop_sea_life.json,must be converted to modern loot schema before moving under data/<namespace>/loot_tables; replace metadata with modern item/block IDs or set_nbt/components as appropriate; verify every registry ID after DeferredRegister conversion
possibly_unnamespaced_registry_id,src/main/resources/assets/ancientwarfare/loot_tables/chests/compat/harvestcraft/harvestcraft_shop_sea_life.json,must be converted to modern loot schema before moving under data/<namespace>/loot_tables; replace metadata with modern item/block IDs or set_nbt/components as appropriate; verify every registry ID after DeferredRegister conversion
loot_table_under_assets,src/main/resources/assets/ancientwarfare/loot_tables/chests/compat/harvestcraft/harvestcraft_shop_spice.json,must be converted to modern loot schema before moving under data/<namespace>/loot_tables; verify every registry ID after DeferredRegister conversion
possibly_unnamespaced_registry_id,src/main/resources/assets/ancientwarfare/loot_tables/chests/compat/harvestcraft/harvestcraft_shop_spice.json,must be converted to modern loot schema before moving under data/<namespace>/loot_tables; verify every registry ID after DeferredRegister conversion
loot_table_under_assets,src/main/resources/assets/ancientwarfare/loot_tables/chests/compat/harvestcraft/harvestcraft_village_farm_barley.json,must be converted to modern loot schema before moving under data/<namespace>/loot_tables; verify every registry ID after DeferredRegister conversion
possibly_unnamespaced_registry_id,src/main/resources/assets/ancientwarfare/loot_tables/chests/compat/harvestcraft/harvestcraft_village_farm_barley.json,must be converted to modern loot schema before moving under data/<namespace>/loot_tables; verify every registry ID after DeferredRegister conversion
loot_table_under_assets,src/main/resources/assets/ancientwarfare/loot_tables/chests/compat/harvestcraft/harvestcraft_village_farm_beans.json,must be converted to modern loot schema before moving under data/<namespace>/loot_tables; verify every registry ID after DeferredRegister conversion
possibly_unnamespaced_registry_id,src/main/resources/assets/ancientwarfare/loot_tables/chests/compat/harvestcraft/harvestcraft_village_farm_beans.json,must be converted to modern loot schema before moving under data/<namespace>/loot_tables; verify every registry ID after DeferredRegister conversion
loot_table_under_assets,src/main/resources/assets/ancientwarfare/loot_tables/chests/compat/harvestcraft/harvestcraft_village_farm_cabbage.json,must be converted to modern loot schema before moving under data/<namespace>/loot_tables; verify every registry ID after DeferredRegister conversion
possibly_unnamespaced_registry_id,src/main/resources/assets/ancientwarfare/loot_tables/chests/compat/harvestcraft/harvestcraft_village_farm_cabbage.json,must be converted to modern loot schema before moving under data/<namespace>/loot_tables; verify every registry ID after DeferredRegister conversion
loot_table_under_assets,src/main/resources/assets/ancientwarfare/loot_tables/chests/compat/harvestcraft/harvestcraft_village_farm_cotton.json,must be converted to modern loot schema before moving under data/<namespace>/loot_tables; verify every registry ID after DeferredRegister conversion
possibly_unnamespaced_registry_id,src/main/resources/assets/ancientwarfare/loot_tables/chests/compat/harvestcraft/harvestcraft_village_farm_cotton.json,must be converted to modern loot schema before moving under data/<namespace>/loot_tables; verify every registry ID after DeferredRegister conversion
loot_table_under_assets,src/main/resources/assets/ancientwarfare/loot_tables/chests/compat/harvestcraft/harvestcraft_village_farm_flax.json,must be converted to modern loot schema before moving under data/<namespace>/loot_tables; verify every registry ID after DeferredRegister conversion
possibly_unnamespaced_registry_id,src/main/resources/assets/ancientwarfare/loot_tables/chests/compat/harvestcraft/harvestcraft_village_farm_flax.json,must be converted to modern loot schema before moving under data/<namespace>/loot_tables; verify every registry ID after DeferredRegister conversion
loot_table_under_assets,src/main/resources/assets/ancientwarfare/loot_tables/chests/compat/harvestcraft/harvestcraft_village_farm_garlic.json,must be converted to modern loot schema before moving under data/<namespace>/loot_tables; verify every registry ID after DeferredRegister conversion
possibly_unnamespaced_registry_id,src/main/resources/assets/ancientwarfare/loot_tables/chests/compat/harvestcraft/harvestcraft_village_farm_garlic.json,must be converted to modern loot schema before moving under data/<namespace>/loot_tables; verify every registry ID after DeferredRegister conversion
loot_table_under_assets,src/main/resources/assets/ancientwarfare/loot_tables/chests/compat/harvestcraft/harvestcraft_village_farm_leek.json,must be converted to modern loot schema before moving under data/<namespace>/loot_tables; verify every registry ID after DeferredRegister conversion
possibly_unnamespaced_registry_id,src/main/resources/assets/ancientwarfare/loot_tables/chests/compat/harvestcraft/harvestcraft_village_farm_leek.json,must be converted to modern loot schema before moving under data/<namespace>/loot_tables; verify every registry ID after DeferredRegister conversion
loot_table_under_assets,src/main/resources/assets/ancientwarfare/loot_tables/chests/compat/harvestcraft/harvestcraft_village_farm_oat.json,must be converted to modern loot schema before moving under data/<namespace>/loot_tables; verify every registry ID after DeferredRegister conversion
possibly_unnamespaced_registry_id,src/main/resources/assets/ancientwarfare/loot_tables/chests/compat/harvestcraft/harvestcraft_village_farm_oat.json,must be converted to modern loot schema before moving under data/<namespace>/loot_tables; verify every registry ID after DeferredRegister conversion
loot_table_under_assets,src/main/resources/assets/ancientwarfare/loot_tables/chests/compat/harvestcraft/harvestcraft_village_farm_onion.json,must be converted to modern loot schema before moving under data/<namespace>/loot_tables; verify every registry ID after DeferredRegister conversion
possibly_unnamespaced_registry_id,src/main/resources/assets/ancientwarfare/loot_tables/chests/compat/harvestcraft/harvestcraft_village_farm_onion.json,must be converted to modern loot schema before moving under data/<namespace>/loot_tables; verify every registry ID after DeferredRegister conversion
loot_table_under_assets,src/main/resources/assets/ancientwarfare/loot_tables/chests/compat/harvestcraft/harvestcraft_village_farm_peas.json,must be converted to modern loot schema before moving under data/<namespace>/loot_tables; verify every registry ID after DeferredRegister conversion
possibly_unnamespaced_registry_id,src/main/resources/assets/ancientwarfare/loot_tables/chests/compat/harvestcraft/harvestcraft_village_farm_peas.json,must be converted to modern loot schema before moving under data/<namespace>/loot_tables; verify every registry ID after DeferredRegister conversion
loot_table_under_assets,src/main/resources/assets/ancientwarfare/loot_tables/chests/compat/harvestcraft/harvestcraft_village_farm_rice.json,must be converted to modern loot schema before moving under data/<namespace>/loot_tables; verify every registry ID after DeferredRegister conversion
possibly_unnamespaced_registry_id,src/main/resources/assets/ancientwarfare/loot_tables/chests/compat/harvestcraft/harvestcraft_village_farm_rice.json,must be converted to modern loot schema before moving under data/<namespace>/loot_tables; verify every registry ID after DeferredRegister conversion
loot_table_under_assets,src/main/resources/assets/ancientwarfare/loot_tables/chests/compat/harvestcraft/harvestcraft_village_farm_rye.json,must be converted to modern loot schema before moving under data/<namespace>/loot_tables; verify every registry ID after DeferredRegister conversion
possibly_unnamespaced_registry_id,src/main/resources/assets/ancientwarfare/loot_tables/chests/compat/harvestcraft/harvestcraft_village_farm_rye.json,must be converted to modern loot schema before moving under data/<namespace>/loot_tables; verify every registry ID after DeferredRegister conversion
loot_table_under_assets,src/main/resources/assets/ancientwarfare/loot_tables/chests/compat/rustic/rustic_lumberjack_ironwood.json,must be converted to modern loot schema before moving under data/<namespace>/loot_tables; replace metadata with modern item/block IDs or set_nbt/components as appropriate; verify every registry ID after DeferredRegister conversion
legacy_loot_function_set_data,src/main/resources/assets/ancientwarfare/loot_tables/chests/compat/rustic/rustic_lumberjack_ironwood.json,must be converted to modern loot schema before moving under data/<namespace>/loot_tables; replace metadata with modern item/block IDs or set_nbt/components as appropriate; verify every registry ID after DeferredRegister conversion
possibly_unnamespaced_registry_id,src/main/resources/assets/ancientwarfare/loot_tables/chests/compat/rustic/rustic_lumberjack_ironwood.json,must be converted to modern loot schema before moving under data/<namespace>/loot_tables; replace metadata with modern item/block IDs or set_nbt/components as appropriate; verify every registry ID after DeferredRegister conversion
loot_table_under_assets,src/main/resources/assets/ancientwarfare/loot_tables/chests/compat/rustic/rustic_shop_wine.json,must be converted to modern loot schema before moving under data/<namespace>/loot_tables; verify every registry ID after DeferredRegister conversion
possibly_unnamespaced_registry_id,src/main/resources/assets/ancientwarfare/loot_tables/chests/compat/rustic/rustic_shop_wine.json,must be converted to modern loot schema before moving under data/<namespace>/loot_tables; verify every registry ID after DeferredRegister conversion
loot_table_under_assets,src/main/resources/assets/ancientwarfare/loot_tables/chests/compat/rustic/rustic_village_craftsman_carpenter_ironwood.json,must be converted to modern loot schema before moving under data/<namespace>/loot_tables; verify every registry ID after DeferredRegister conversion
possibly_unnamespaced_registry_id,src/main/resources/assets/ancientwarfare/loot_tables/chests/compat/rustic/rustic_village_craftsman_carpenter_ironwood.json,must be converted to modern loot schema before moving under data/<namespace>/loot_tables; verify every registry ID after DeferredRegister conversion
loot_table_under_assets,src/main/resources/assets/ancientwarfare/loot_tables/chests/compat/rustic/rustic_village_farm_aloe_vera.json,must be converted to modern loot schema before moving under data/<namespace>/loot_tables; verify every registry ID after DeferredRegister conversion
possibly_unnamespaced_registry_id,src/main/resources/assets/ancientwarfare/loot_tables/chests/compat/rustic/rustic_village_farm_aloe_vera.json,must be converted to modern loot schema before moving under data/<namespace>/loot_tables; verify every registry ID after DeferredRegister conversion
loot_table_under_assets,src/main/resources/assets/ancientwarfare/loot_tables/chests/compat/rustic/rustic_village_farm_beekeeper.json,must be converted to modern loot schema before moving under data/<namespace>/loot_tables; verify every registry ID after DeferredRegister conversion
possibly_unnamespaced_registry_id,src/main/resources/assets/ancientwarfare/loot_tables/chests/compat/rustic/rustic_village_farm_beekeeper.json,must be converted to modern loot schema before moving under data/<namespace>/loot_tables; verify every registry ID after DeferredRegister conversion
loot_table_under_assets,src/main/resources/assets/ancientwarfare/loot_tables/chests/compat/rustic/rustic_village_farm_olive.json,must be converted to modern loot schema before moving under data/<namespace>/loot_tables; verify every registry ID after DeferredRegister conversion
possibly_unnamespaced_registry_id,src/main/resources/assets/ancientwarfare/loot_tables/chests/compat/rustic/rustic_village_farm_olive.json,must be converted to modern loot schema before moving under data/<namespace>/loot_tables; verify every registry ID after DeferredRegister conversion
loot_table_under_assets,src/main/resources/assets/ancientwarfare/loot_tables/chests/compat/rustic/rustic_village_farm_vegetables.json,must be converted to modern loot schema before moving under data/<namespace>/loot_tables; verify every registry ID after DeferredRegister conversion
possibly_unnamespaced_registry_id,src/main/resources/assets/ancientwarfare/loot_tables/chests/compat/rustic/rustic_village_farm_vegetables.json,must be converted to modern loot schema before moving under data/<namespace>/loot_tables; verify every registry ID after DeferredRegister conversion
loot_table_under_assets,src/main/resources/assets/ancientwarfare/loot_tables/chests/compat/rustic/rustic_village_farm_wine.json,must be converted to modern loot schema before moving under data/<namespace>/loot_tables; verify every registry ID after DeferredRegister conversion
possibly_unnamespaced_registry_id,src/main/resources/assets/ancientwarfare/loot_tables/chests/compat/rustic/rustic_village_farm_wine.json,must be converted to modern loot schema before moving under data/<namespace>/loot_tables; verify every registry ID after DeferredRegister conversion
loot_table_under_assets,src/main/resources/assets/ancientwarfare/loot_tables/chests/compat/zawa/zawa_tannery.json,must be converted to modern loot schema before moving under data/<namespace>/loot_tables; verify every registry ID after DeferredRegister conversion
possibly_unnamespaced_registry_id,src/main/resources/assets/ancientwarfare/loot_tables/chests/compat/zawa/zawa_tannery.json,must be converted to modern loot schema before moving under data/<namespace>/loot_tables; verify every registry ID after DeferredRegister conversion
loot_table_under_assets,src/main/resources/assets/ancientwarfare/loot_tables/chests/coven.json,must be converted to modern loot schema before moving under data/<namespace>/loot_tables; verify every registry ID after DeferredRegister conversion
possibly_unnamespaced_registry_id,src/main/resources/assets/ancientwarfare/loot_tables/chests/coven.json,must be converted to modern loot schema before moving under data/<namespace>/loot_tables; verify every registry ID after DeferredRegister conversion
loot_table_under_assets,src/main/resources/assets/ancientwarfare/loot_tables/chests/demon.json,must be converted to modern loot schema before moving under data/<namespace>/loot_tables; verify every registry ID after DeferredRegister conversion
possibly_unnamespaced_registry_id,src/main/resources/assets/ancientwarfare/loot_tables/chests/demon.json,must be converted to modern loot schema before moving under data/<namespace>/loot_tables; verify every registry ID after DeferredRegister conversion
loot_table_under_assets,src/main/resources/assets/ancientwarfare/loot_tables/chests/dwarf.json,must be converted to modern loot schema before moving under data/<namespace>/loot_tables; verify every registry ID after DeferredRegister conversion
possibly_unnamespaced_registry_id,src/main/resources/assets/ancientwarfare/loot_tables/chests/dwarf.json,must be converted to modern loot schema before moving under data/<namespace>/loot_tables; verify every registry ID after DeferredRegister conversion
loot_table_under_assets,src/main/resources/assets/ancientwarfare/loot_tables/chests/elf.json,must be converted to modern loot schema before moving under data/<namespace>/loot_tables; verify every registry ID after DeferredRegister conversion
possibly_unnamespaced_registry_id,src/main/resources/assets/ancientwarfare/loot_tables/chests/elf.json,must be converted to modern loot schema before moving under data/<namespace>/loot_tables; verify every registry ID after DeferredRegister conversion
loot_table_under_assets,src/main/resources/assets/ancientwarfare/loot_tables/chests/empire.json,must be converted to modern loot schema before moving under data/<namespace>/loot_tables; verify every registry ID after DeferredRegister conversion
possibly_unnamespaced_registry_id,src/main/resources/assets/ancientwarfare/loot_tables/chests/empire.json,must be converted to modern loot schema before moving under data/<namespace>/loot_tables; verify every registry ID after DeferredRegister conversion
loot_table_under_assets,src/main/resources/assets/ancientwarfare/loot_tables/chests/empire_court.json,must be converted to modern loot schema before moving under data/<namespace>/loot_tables; verify every registry ID after DeferredRegister conversion
possibly_unnamespaced_registry_id,src/main/resources/assets/ancientwarfare/loot_tables/chests/empire_court.json,must be converted to modern loot schema before moving under data/<namespace>/loot_tables; verify every registry ID after DeferredRegister conversion
loot_table_under_assets,src/main/resources/assets/ancientwarfare/loot_tables/chests/enchanted_book.json,must be converted to modern loot schema before moving under data/<namespace>/loot_tables; verify every registry ID after DeferredRegister conversion
possibly_unnamespaced_registry_id,src/main/resources/assets/ancientwarfare/loot_tables/chests/enchanted_book.json,must be converted to modern loot schema before moving under data/<namespace>/loot_tables; verify every registry ID after DeferredRegister conversion
loot_table_under_assets,src/main/resources/assets/ancientwarfare/loot_tables/chests/ent.json,must be converted to modern loot schema before moving under data/<namespace>/loot_tables; verify every registry ID after DeferredRegister conversion
possibly_unnamespaced_registry_id,src/main/resources/assets/ancientwarfare/loot_tables/chests/ent.json,must be converted to modern loot schema before moving under data/<namespace>/loot_tables; verify every registry ID after DeferredRegister conversion
loot_table_under_assets,src/main/resources/assets/ancientwarfare/loot_tables/chests/evil.json,must be converted to modern loot schema before moving under data/<namespace>/loot_tables; verify every registry ID after DeferredRegister conversion
possibly_unnamespaced_registry_id,src/main/resources/assets/ancientwarfare/loot_tables/chests/evil.json,must be converted to modern loot schema before moving under data/<namespace>/loot_tables; verify every registry ID after DeferredRegister conversion
loot_table_under_assets,src/main/resources/assets/ancientwarfare/loot_tables/chests/giant.json,must be converted to modern loot schema before moving under data/<namespace>/loot_tables; verify every registry ID after DeferredRegister conversion
possibly_unnamespaced_registry_id,src/main/resources/assets/ancientwarfare/loot_tables/chests/giant.json,must be converted to modern loot schema before moving under data/<namespace>/loot_tables; verify every registry ID after DeferredRegister conversion
loot_table_under_assets,src/main/resources/assets/ancientwarfare/loot_tables/chests/gnome.json,must be converted to modern loot schema before moving under data/<namespace>/loot_tables; verify every registry ID after DeferredRegister conversion
possibly_unnamespaced_registry_id,src/main/resources/assets/ancientwarfare/loot_tables/chests/gnome.json,must be converted to modern loot schema before moving under data/<namespace>/loot_tables; verify every registry ID after DeferredRegister conversion
loot_table_under_assets,src/main/resources/assets/ancientwarfare/loot_tables/chests/goblin.json,must be converted to modern loot schema before moving under data/<namespace>/loot_tables; verify every registry ID after DeferredRegister conversion
possibly_unnamespaced_registry_id,src/main/resources/assets/ancientwarfare/loot_tables/chests/goblin.json,must be converted to modern loot schema before moving under data/<namespace>/loot_tables; verify every registry ID after DeferredRegister conversion
loot_table_under_assets,src/main/resources/assets/ancientwarfare/loot_tables/chests/good.json,must be converted to modern loot schema before moving under data/<namespace>/loot_tables; verify every registry ID after DeferredRegister conversion
possibly_unnamespaced_registry_id,src/main/resources/assets/ancientwarfare/loot_tables/chests/good.json,must be converted to modern loot schema before moving under data/<namespace>/loot_tables; verify every registry ID after DeferredRegister conversion
loot_table_under_assets,src/main/resources/assets/ancientwarfare/loot_tables/chests/gravestone_high_value.json,must be converted to modern loot schema before moving under data/<namespace>/loot_tables; replace metadata with modern item/block IDs or set_nbt/components as appropriate; verify every registry ID after DeferredRegister conversion
legacy_loot_function_set_data,src/main/resources/assets/ancientwarfare/loot_tables/chests/gravestone_high_value.json,must be converted to modern loot schema before moving under data/<namespace>/loot_tables; replace metadata with modern item/block IDs or set_nbt/components as appropriate; verify every registry ID after DeferredRegister conversion
possibly_unnamespaced_registry_id,src/main/resources/assets/ancientwarfare/loot_tables/chests/gravestone_high_value.json,must be converted to modern loot schema before moving under data/<namespace>/loot_tables; replace metadata with modern item/block IDs or set_nbt/components as appropriate; verify every registry ID after DeferredRegister conversion
loot_table_under_assets,src/main/resources/assets/ancientwarfare/loot_tables/chests/gravestone_low_value.json,must be converted to modern loot schema before moving under data/<namespace>/loot_tables; replace metadata with modern item/block IDs or set_nbt/components as appropriate; verify every registry ID after DeferredRegister conversion
legacy_loot_function_set_data,src/main/resources/assets/ancientwarfare/loot_tables/chests/gravestone_low_value.json,must be converted to modern loot schema before moving under data/<namespace>/loot_tables; replace metadata with modern item/block IDs or set_nbt/components as appropriate; verify every registry ID after DeferredRegister conversion
possibly_unnamespaced_registry_id,src/main/resources/assets/ancientwarfare/loot_tables/chests/gravestone_low_value.json,must be converted to modern loot schema before moving under data/<namespace>/loot_tables; replace metadata with modern item/block IDs or set_nbt/components as appropriate; verify every registry ID after DeferredRegister conversion
loot_table_under_assets,src/main/resources/assets/ancientwarfare/loot_tables/chests/gravestone_medium_value.json,must be converted to modern loot schema before moving under data/<namespace>/loot_tables; replace metadata with modern item/block IDs or set_nbt/components as appropriate; verify every registry ID after DeferredRegister conversion
legacy_loot_function_set_data,src/main/resources/assets/ancientwarfare/loot_tables/chests/gravestone_medium_value.json,must be converted to modern loot schema before moving under data/<namespace>/loot_tables; replace metadata with modern item/block IDs or set_nbt/components as appropriate; verify every registry ID after DeferredRegister conversion
possibly_unnamespaced_registry_id,src/main/resources/assets/ancientwarfare/loot_tables/chests/gravestone_medium_value.json,must be converted to modern loot schema before moving under data/<namespace>/loot_tables; replace metadata with modern item/block IDs or set_nbt/components as appropriate; verify every registry ID after DeferredRegister conversion
loot_table_under_assets,src/main/resources/assets/ancientwarfare/loot_tables/chests/gremlin.json,must be converted to modern loot schema before moving under data/<namespace>/loot_tables; verify every registry ID after DeferredRegister conversion
possibly_unnamespaced_registry_id,src/main/resources/assets/ancientwarfare/loot_tables/chests/gremlin.json,must be converted to modern loot schema before moving under data/<namespace>/loot_tables; verify every registry ID after DeferredRegister conversion
loot_table_under_assets,src/main/resources/assets/ancientwarfare/loot_tables/chests/guardian.json,must be converted to modern loot schema before moving under data/<namespace>/loot_tables; verify every registry ID after DeferredRegister conversion
possibly_unnamespaced_registry_id,src/main/resources/assets/ancientwarfare/loot_tables/chests/guardian.json,must be converted to modern loot schema before moving under data/<namespace>/loot_tables; verify every registry ID after DeferredRegister conversion
loot_table_under_assets,src/main/resources/assets/ancientwarfare/loot_tables/chests/guild.json,must be converted to modern loot schema before moving under data/<namespace>/loot_tables; verify every registry ID after DeferredRegister conversion
possibly_unnamespaced_registry_id,src/main/resources/assets/ancientwarfare/loot_tables/chests/guild.json,must be converted to modern loot schema before moving under data/<namespace>/loot_tables; verify every registry ID after DeferredRegister conversion
loot_table_under_assets,src/main/resources/assets/ancientwarfare/loot_tables/chests/hobbit.json,must be converted to modern loot schema before moving under data/<namespace>/loot_tables; verify every registry ID after DeferredRegister conversion
possibly_unnamespaced_registry_id,src/main/resources/assets/ancientwarfare/loot_tables/chests/hobbit.json,must be converted to modern loot schema before moving under data/<namespace>/loot_tables; verify every registry ID after DeferredRegister conversion
loot_table_under_assets,src/main/resources/assets/ancientwarfare/loot_tables/chests/icelord.json,must be converted to modern loot schema before moving under data/<namespace>/loot_tables; verify every registry ID after DeferredRegister conversion
possibly_unnamespaced_registry_id,src/main/resources/assets/ancientwarfare/loot_tables/chests/icelord.json,must be converted to modern loot schema before moving under data/<namespace>/loot_tables; verify every registry ID after DeferredRegister conversion
loot_table_under_assets,src/main/resources/assets/ancientwarfare/loot_tables/chests/inject/abandoned_mineshaft.json,must be converted to modern loot schema before moving under data/<namespace>/loot_tables; verify every registry ID after DeferredRegister conversion
possibly_unnamespaced_registry_id,src/main/resources/assets/ancientwarfare/loot_tables/chests/inject/abandoned_mineshaft.json,must be converted to modern loot schema before moving under data/<namespace>/loot_tables; verify every registry ID after DeferredRegister conversion
loot_table_under_assets,src/main/resources/assets/ancientwarfare/loot_tables/chests/inject/desert_pyramid.json,must be converted to modern loot schema before moving under data/<namespace>/loot_tables; verify every registry ID after DeferredRegister conversion
possibly_unnamespaced_registry_id,src/main/resources/assets/ancientwarfare/loot_tables/chests/inject/desert_pyramid.json,must be converted to modern loot schema before moving under data/<namespace>/loot_tables; verify every registry ID after DeferredRegister conversion
loot_table_under_assets,src/main/resources/assets/ancientwarfare/loot_tables/chests/inject/igloo_chest.json,must be converted to modern loot schema before moving under data/<namespace>/loot_tables; verify every registry ID after DeferredRegister conversion
possibly_unnamespaced_registry_id,src/main/resources/assets/ancientwarfare/loot_tables/chests/inject/igloo_chest.json,must be converted to modern loot schema before moving under data/<namespace>/loot_tables; verify every registry ID after DeferredRegister conversion
loot_table_under_assets,src/main/resources/assets/ancientwarfare/loot_tables/chests/inject/jungle_temple.json,must be converted to modern loot schema before moving under data/<namespace>/loot_tables; verify every registry ID after DeferredRegister conversion
possibly_unnamespaced_registry_id,src/main/resources/assets/ancientwarfare/loot_tables/chests/inject/jungle_temple.json,must be converted to modern loot schema before moving under data/<namespace>/loot_tables; verify every registry ID after DeferredRegister conversion
loot_table_under_assets,src/main/resources/assets/ancientwarfare/loot_tables/chests/inject/simple_dungeon.json,must be converted to modern loot schema before moving under data/<namespace>/loot_tables; verify every registry ID after DeferredRegister conversion
possibly_unnamespaced_registry_id,src/main/resources/assets/ancientwarfare/loot_tables/chests/inject/simple_dungeon.json,must be converted to modern loot schema before moving under data/<namespace>/loot_tables; verify every registry ID after DeferredRegister conversion
loot_table_under_assets,src/main/resources/assets/ancientwarfare/loot_tables/chests/inject/stronghold_corridor.json,must be converted to modern loot schema before moving under data/<namespace>/loot_tables; verify every registry ID after DeferredRegister conversion
possibly_unnamespaced_registry_id,src/main/resources/assets/ancientwarfare/loot_tables/chests/inject/stronghold_corridor.json,must be converted to modern loot schema before moving under data/<namespace>/loot_tables; verify every registry ID after DeferredRegister conversion
loot_table_under_assets,src/main/resources/assets/ancientwarfare/loot_tables/chests/inject/village_blacksmith.json,must be converted to modern loot schema before moving under data/<namespace>/loot_tables; verify every registry ID after DeferredRegister conversion
possibly_unnamespaced_registry_id,src/main/resources/assets/ancientwarfare/loot_tables/chests/inject/village_blacksmith.json,must be converted to modern loot schema before moving under data/<namespace>/loot_tables; verify every registry ID after DeferredRegister conversion
loot_table_under_assets,src/main/resources/assets/ancientwarfare/loot_tables/chests/ishtari.json,must be converted to modern loot schema before moving under data/<namespace>/loot_tables; verify every registry ID after DeferredRegister conversion
possibly_unnamespaced_registry_id,src/main/resources/assets/ancientwarfare/loot_tables/chests/ishtari.json,must be converted to modern loot schema before moving under data/<namespace>/loot_tables; verify every registry ID after DeferredRegister conversion
loot_table_under_assets,src/main/resources/assets/ancientwarfare/loot_tables/chests/klown.json,must be converted to modern loot schema before moving under data/<namespace>/loot_tables; verify every registry ID after DeferredRegister conversion
possibly_unnamespaced_registry_id,src/main/resources/assets/ancientwarfare/loot_tables/chests/klown.json,must be converted to modern loot schema before moving under data/<namespace>/loot_tables; verify every registry ID after DeferredRegister conversion
loot_table_under_assets,src/main/resources/assets/ancientwarfare/loot_tables/chests/kong.json,must be converted to modern loot schema before moving under data/<namespace>/loot_tables; replace metadata with modern item/block IDs or set_nbt/components as appropriate; verify every registry ID after DeferredRegister conversion
legacy_loot_function_set_data,src/main/resources/assets/ancientwarfare/loot_tables/chests/kong.json,must be converted to modern loot schema before moving under data/<namespace>/loot_tables; replace metadata with modern item/block IDs or set_nbt/components as appropriate; verify every registry ID after DeferredRegister conversion
possibly_unnamespaced_registry_id,src/main/resources/assets/ancientwarfare/loot_tables/chests/kong.json,must be converted to modern loot schema before moving under data/<namespace>/loot_tables; replace metadata with modern item/block IDs or set_nbt/components as appropriate; verify every registry ID after DeferredRegister conversion
loot_table_under_assets,src/main/resources/assets/ancientwarfare/loot_tables/chests/lizardman.json,must be converted to modern loot schema before moving under data/<namespace>/loot_tables; verify every registry ID after DeferredRegister conversion
possibly_unnamespaced_registry_id,src/main/resources/assets/ancientwarfare/loot_tables/chests/lizardman.json,must be converted to modern loot schema before moving under data/<namespace>/loot_tables; verify every registry ID after DeferredRegister conversion
loot_table_under_assets,src/main/resources/assets/ancientwarfare/loot_tables/chests/lumberjack_acacia.json,must be converted to modern loot schema before moving under data/<namespace>/loot_tables; replace metadata with modern item/block IDs or set_nbt/components as appropriate; verify every registry ID after DeferredRegister conversion
legacy_loot_function_set_data,src/main/resources/assets/ancientwarfare/loot_tables/chests/lumberjack_acacia.json,must be converted to modern loot schema before moving under data/<namespace>/loot_tables; replace metadata with modern item/block IDs or set_nbt/components as appropriate; verify every registry ID after DeferredRegister conversion
possibly_unnamespaced_registry_id,src/main/resources/assets/ancientwarfare/loot_tables/chests/lumberjack_acacia.json,must be converted to modern loot schema before moving under data/<namespace>/loot_tables; replace metadata with modern item/block IDs or set_nbt/components as appropriate; verify every registry ID after DeferredRegister conversion
loot_table_under_assets,src/main/resources/assets/ancientwarfare/loot_tables/chests/lumberjack_birch.json,must be converted to modern loot schema before moving under data/<namespace>/loot_tables; replace metadata with modern item/block IDs or set_nbt/components as appropriate; verify every registry ID after DeferredRegister conversion
legacy_loot_function_set_data,src/main/resources/assets/ancientwarfare/loot_tables/chests/lumberjack_birch.json,must be converted to modern loot schema before moving under data/<namespace>/loot_tables; replace metadata with modern item/block IDs or set_nbt/components as appropriate; verify every registry ID after DeferredRegister conversion
possibly_unnamespaced_registry_id,src/main/resources/assets/ancientwarfare/loot_tables/chests/lumberjack_birch.json,must be converted to modern loot schema before moving under data/<namespace>/loot_tables; replace metadata with modern item/block IDs or set_nbt/components as appropriate; verify every registry ID after DeferredRegister conversion
loot_table_under_assets,src/main/resources/assets/ancientwarfare/loot_tables/chests/lumberjack_dark_oak.json,must be converted to modern loot schema before moving under data/<namespace>/loot_tables; replace metadata with modern item/block IDs or set_nbt/components as appropriate; verify every registry ID after DeferredRegister conversion
legacy_loot_function_set_data,src/main/resources/assets/ancientwarfare/loot_tables/chests/lumberjack_dark_oak.json,must be converted to modern loot schema before moving under data/<namespace>/loot_tables; replace metadata with modern item/block IDs or set_nbt/components as appropriate; verify every registry ID after DeferredRegister conversion
possibly_unnamespaced_registry_id,src/main/resources/assets/ancientwarfare/loot_tables/chests/lumberjack_dark_oak.json,must be converted to modern loot schema before moving under data/<namespace>/loot_tables; replace metadata with modern item/block IDs or set_nbt/components as appropriate; verify every registry ID after DeferredRegister conversion
loot_table_under_assets,src/main/resources/assets/ancientwarfare/loot_tables/chests/lumberjack_jungle.json,must be converted to modern loot schema before moving under data/<namespace>/loot_tables; replace metadata with modern item/block IDs or set_nbt/components as appropriate; verify every registry ID after DeferredRegister conversion
legacy_loot_function_set_data,src/main/resources/assets/ancientwarfare/loot_tables/chests/lumberjack_jungle.json,must be converted to modern loot schema before moving under data/<namespace>/loot_tables; replace metadata with modern item/block IDs or set_nbt/components as appropriate; verify every registry ID after DeferredRegister conversion
possibly_unnamespaced_registry_id,src/main/resources/assets/ancientwarfare/loot_tables/chests/lumberjack_jungle.json,must be converted to modern loot schema before moving under data/<namespace>/loot_tables; replace metadata with modern item/block IDs or set_nbt/components as appropriate; verify every registry ID after DeferredRegister conversion
loot_table_under_assets,src/main/resources/assets/ancientwarfare/loot_tables/chests/lumberjack_oak.json,must be converted to modern loot schema before moving under data/<namespace>/loot_tables; replace metadata with modern item/block IDs or set_nbt/components as appropriate; verify every registry ID after DeferredRegister conversion
legacy_loot_function_set_data,src/main/resources/assets/ancientwarfare/loot_tables/chests/lumberjack_oak.json,must be converted to modern loot schema before moving under data/<namespace>/loot_tables; replace metadata with modern item/block IDs or set_nbt/components as appropriate; verify every registry ID after DeferredRegister conversion
possibly_unnamespaced_registry_id,src/main/resources/assets/ancientwarfare/loot_tables/chests/lumberjack_oak.json,must be converted to modern loot schema before moving under data/<namespace>/loot_tables; replace metadata with modern item/block IDs or set_nbt/components as appropriate; verify every registry ID after DeferredRegister conversion
loot_table_under_assets,src/main/resources/assets/ancientwarfare/loot_tables/chests/lumberjack_spruce.json,must be converted to modern loot schema before moving under data/<namespace>/loot_tables; replace metadata with modern item/block IDs or set_nbt/components as appropriate; verify every registry ID after DeferredRegister conversion
legacy_loot_function_set_data,src/main/resources/assets/ancientwarfare/loot_tables/chests/lumberjack_spruce.json,must be converted to modern loot schema before moving under data/<namespace>/loot_tables; replace metadata with modern item/block IDs or set_nbt/components as appropriate; verify every registry ID after DeferredRegister conversion
possibly_unnamespaced_registry_id,src/main/resources/assets/ancientwarfare/loot_tables/chests/lumberjack_spruce.json,must be converted to modern loot schema before moving under data/<namespace>/loot_tables; replace metadata with modern item/block IDs or set_nbt/components as appropriate; verify every registry ID after DeferredRegister conversion
loot_table_under_assets,src/main/resources/assets/ancientwarfare/loot_tables/chests/malice.json,must be converted to modern loot schema before moving under data/<namespace>/loot_tables; verify every registry ID after DeferredRegister conversion
possibly_unnamespaced_registry_id,src/main/resources/assets/ancientwarfare/loot_tables/chests/malice.json,must be converted to modern loot schema before moving under data/<namespace>/loot_tables; verify every registry ID after DeferredRegister conversion
loot_table_under_assets,src/main/resources/assets/ancientwarfare/loot_tables/chests/minossian.json,must be converted to modern loot schema before moving under data/<namespace>/loot_tables; verify every registry ID after DeferredRegister conversion
possibly_unnamespaced_registry_id,src/main/resources/assets/ancientwarfare/loot_tables/chests/minossian.json,must be converted to modern loot schema before moving under data/<namespace>/loot_tables; verify every registry ID after DeferredRegister conversion
loot_table_under_assets,src/main/resources/assets/ancientwarfare/loot_tables/chests/monster.json,must be converted to modern loot schema before moving under data/<namespace>/loot_tables; verify every registry ID after DeferredRegister conversion
possibly_unnamespaced_registry_id,src/main/resources/assets/ancientwarfare/loot_tables/chests/monster.json,must be converted to modern loot schema before moving under data/<namespace>/loot_tables; verify every registry ID after DeferredRegister conversion
loot_table_under_assets,src/main/resources/assets/ancientwarfare/loot_tables/chests/monster_treasure_hoard.json,must be converted to modern loot schema before moving under data/<namespace>/loot_tables; verify every registry ID after DeferredRegister conversion
possibly_unnamespaced_registry_id,src/main/resources/assets/ancientwarfare/loot_tables/chests/monster_treasure_hoard.json,must be converted to modern loot schema before moving under data/<namespace>/loot_tables; verify every registry ID after DeferredRegister conversion
loot_table_under_assets,src/main/resources/assets/ancientwarfare/loot_tables/chests/nogg.json,must be converted to modern loot schema before moving under data/<namespace>/loot_tables; verify every registry ID after DeferredRegister conversion
possibly_unnamespaced_registry_id,src/main/resources/assets/ancientwarfare/loot_tables/chests/nogg.json,must be converted to modern loot schema before moving under data/<namespace>/loot_tables; verify every registry ID after DeferredRegister conversion
loot_table_under_assets,src/main/resources/assets/ancientwarfare/loot_tables/chests/norska.json,must be converted to modern loot schema before moving under data/<namespace>/loot_tables; verify every registry ID after DeferredRegister conversion
possibly_unnamespaced_registry_id,src/main/resources/assets/ancientwarfare/loot_tables/chests/norska.json,must be converted to modern loot schema before moving under data/<namespace>/loot_tables; verify every registry ID after DeferredRegister conversion
loot_table_under_assets,src/main/resources/assets/ancientwarfare/loot_tables/chests/orc.json,must be converted to modern loot schema before moving under data/<namespace>/loot_tables; verify every registry ID after DeferredRegister conversion
possibly_unnamespaced_registry_id,src/main/resources/assets/ancientwarfare/loot_tables/chests/orc.json,must be converted to modern loot schema before moving under data/<namespace>/loot_tables; verify every registry ID after DeferredRegister conversion
loot_table_under_assets,src/main/resources/assets/ancientwarfare/loot_tables/chests/peasant_high_value.json,must be converted to modern loot schema before moving under data/<namespace>/loot_tables; replace metadata with modern item/block IDs or set_nbt/components as appropriate; verify every registry ID after DeferredRegister conversion
legacy_loot_function_set_data,src/main/resources/assets/ancientwarfare/loot_tables/chests/peasant_high_value.json,must be converted to modern loot schema before moving under data/<namespace>/loot_tables; replace metadata with modern item/block IDs or set_nbt/components as appropriate; verify every registry ID after DeferredRegister conversion
possibly_unnamespaced_registry_id,src/main/resources/assets/ancientwarfare/loot_tables/chests/peasant_high_value.json,must be converted to modern loot schema before moving under data/<namespace>/loot_tables; replace metadata with modern item/block IDs or set_nbt/components as appropriate; verify every registry ID after DeferredRegister conversion
loot_table_under_assets,src/main/resources/assets/ancientwarfare/loot_tables/chests/peasant_low_value.json,must be converted to modern loot schema before moving under data/<namespace>/loot_tables; replace metadata with modern item/block IDs or set_nbt/components as appropriate; verify every registry ID after DeferredRegister conversion
legacy_loot_function_set_data,src/main/resources/assets/ancientwarfare/loot_tables/chests/peasant_low_value.json,must be converted to modern loot schema before moving under data/<namespace>/loot_tables; replace metadata with modern item/block IDs or set_nbt/components as appropriate; verify every registry ID after DeferredRegister conversion
possibly_unnamespaced_registry_id,src/main/resources/assets/ancientwarfare/loot_tables/chests/peasant_low_value.json,must be converted to modern loot schema before moving under data/<namespace>/loot_tables; replace metadata with modern item/block IDs or set_nbt/components as appropriate; verify every registry ID after DeferredRegister conversion
loot_table_under_assets,src/main/resources/assets/ancientwarfare/loot_tables/chests/peasant_medium_value.json,must be converted to modern loot schema before moving under data/<namespace>/loot_tables; replace metadata with modern item/block IDs or set_nbt/components as appropriate; verify every registry ID after DeferredRegister conversion
legacy_loot_function_set_data,src/main/resources/assets/ancientwarfare/loot_tables/chests/peasant_medium_value.json,must be converted to modern loot schema before moving under data/<namespace>/loot_tables; replace metadata with modern item/block IDs or set_nbt/components as appropriate; verify every registry ID after DeferredRegister conversion
possibly_unnamespaced_registry_id,src/main/resources/assets/ancientwarfare/loot_tables/chests/peasant_medium_value.json,must be converted to modern loot schema before moving under data/<namespace>/loot_tables; replace metadata with modern item/block IDs or set_nbt/components as appropriate; verify every registry ID after DeferredRegister conversion
loot_table_under_assets,src/main/resources/assets/ancientwarfare/loot_tables/chests/pirate.json,must be converted to modern loot schema before moving under data/<namespace>/loot_tables; verify every registry ID after DeferredRegister conversion
possibly_unnamespaced_registry_id,src/main/resources/assets/ancientwarfare/loot_tables/chests/pirate.json,must be converted to modern loot schema before moving under data/<namespace>/loot_tables; verify every registry ID after DeferredRegister conversion
loot_table_under_assets,src/main/resources/assets/ancientwarfare/loot_tables/chests/pirate_provisions.json,must be converted to modern loot schema before moving under data/<namespace>/loot_tables; verify every registry ID after DeferredRegister conversion
possibly_unnamespaced_registry_id,src/main/resources/assets/ancientwarfare/loot_tables/chests/pirate_provisions.json,must be converted to modern loot schema before moving under data/<namespace>/loot_tables; verify every registry ID after DeferredRegister conversion
loot_table_under_assets,src/main/resources/assets/ancientwarfare/loot_tables/chests/pirate_treasure.json,must be converted to modern loot schema before moving under data/<namespace>/loot_tables; verify every registry ID after DeferredRegister conversion
possibly_unnamespaced_registry_id,src/main/resources/assets/ancientwarfare/loot_tables/chests/pirate_treasure.json,must be converted to modern loot schema before moving under data/<namespace>/loot_tables; verify every registry ID after DeferredRegister conversion
loot_table_under_assets,src/main/resources/assets/ancientwarfare/loot_tables/chests/potion_beneficial.json,must be converted to modern loot schema before moving under data/<namespace>/loot_tables; verify every registry ID after DeferredRegister conversion
possibly_unnamespaced_registry_id,src/main/resources/assets/ancientwarfare/loot_tables/chests/potion_beneficial.json,must be converted to modern loot schema before moving under data/<namespace>/loot_tables; verify every registry ID after DeferredRegister conversion
loot_table_under_assets,src/main/resources/assets/ancientwarfare/loot_tables/chests/potion_harmful.json,must be converted to modern loot schema before moving under data/<namespace>/loot_tables; verify every registry ID after DeferredRegister conversion
possibly_unnamespaced_registry_id,src/main/resources/assets/ancientwarfare/loot_tables/chests/potion_harmful.json,must be converted to modern loot schema before moving under data/<namespace>/loot_tables; verify every registry ID after DeferredRegister conversion
loot_table_under_assets,src/main/resources/assets/ancientwarfare/loot_tables/chests/rakshasa.json,must be converted to modern loot schema before moving under data/<namespace>/loot_tables; verify every registry ID after DeferredRegister conversion
possibly_unnamespaced_registry_id,src/main/resources/assets/ancientwarfare/loot_tables/chests/rakshasa.json,must be converted to modern loot schema before moving under data/<namespace>/loot_tables; verify every registry ID after DeferredRegister conversion
loot_table_under_assets,src/main/resources/assets/ancientwarfare/loot_tables/chests/research_note.json,must be converted to modern loot schema before moving under data/<namespace>/loot_tables; verify every registry ID after DeferredRegister conversion
possibly_unnamespaced_registry_id,src/main/resources/assets/ancientwarfare/loot_tables/chests/research_note.json,must be converted to modern loot schema before moving under data/<namespace>/loot_tables; verify every registry ID after DeferredRegister conversion
loot_table_under_assets,src/main/resources/assets/ancientwarfare/loot_tables/chests/sarkonid.json,must be converted to modern loot schema before moving under data/<namespace>/loot_tables; verify every registry ID after DeferredRegister conversion
possibly_unnamespaced_registry_id,src/main/resources/assets/ancientwarfare/loot_tables/chests/sarkonid.json,must be converted to modern loot schema before moving under data/<namespace>/loot_tables; verify every registry ID after DeferredRegister conversion
loot_table_under_assets,src/main/resources/assets/ancientwarfare/loot_tables/chests/sealsker.json,must be converted to modern loot schema before moving under data/<namespace>/loot_tables; verify every registry ID after DeferredRegister conversion
possibly_unnamespaced_registry_id,src/main/resources/assets/ancientwarfare/loot_tables/chests/sealsker.json,must be converted to modern loot schema before moving under data/<namespace>/loot_tables; verify every registry ID after DeferredRegister conversion
loot_table_under_assets,src/main/resources/assets/ancientwarfare/loot_tables/chests/shop_iron_tools.json,must be converted to modern loot schema before moving under data/<namespace>/loot_tables; verify every registry ID after DeferredRegister conversion
possibly_unnamespaced_registry_id,src/main/resources/assets/ancientwarfare/loot_tables/chests/shop_iron_tools.json,must be converted to modern loot schema before moving under data/<namespace>/loot_tables; verify every registry ID after DeferredRegister conversion
loot_table_under_assets,src/main/resources/assets/ancientwarfare/loot_tables/chests/shop_potion_ingredients.json,must be converted to modern loot schema before moving under data/<namespace>/loot_tables; verify every registry ID after DeferredRegister conversion
possibly_unnamespaced_registry_id,src/main/resources/assets/ancientwarfare/loot_tables/chests/shop_potion_ingredients.json,must be converted to modern loot schema before moving under data/<namespace>/loot_tables; verify every registry ID after DeferredRegister conversion
loot_table_under_assets,src/main/resources/assets/ancientwarfare/loot_tables/chests/shop_simple_bits.json,must be converted to modern loot schema before moving under data/<namespace>/loot_tables; verify every registry ID after DeferredRegister conversion
possibly_unnamespaced_registry_id,src/main/resources/assets/ancientwarfare/loot_tables/chests/shop_simple_bits.json,must be converted to modern loot schema before moving under data/<namespace>/loot_tables; verify every registry ID after DeferredRegister conversion
loot_table_under_assets,src/main/resources/assets/ancientwarfare/loot_tables/chests/shop_wool_carpet.json,must be converted to modern loot schema before moving under data/<namespace>/loot_tables; replace metadata with modern item/block IDs or set_nbt/components as appropriate; verify every registry ID after DeferredRegister conversion
legacy_loot_function_set_data,src/main/resources/assets/ancientwarfare/loot_tables/chests/shop_wool_carpet.json,must be converted to modern loot schema before moving under data/<namespace>/loot_tables; replace metadata with modern item/block IDs or set_nbt/components as appropriate; verify every registry ID after DeferredRegister conversion
possibly_unnamespaced_registry_id,src/main/resources/assets/ancientwarfare/loot_tables/chests/shop_wool_carpet.json,must be converted to modern loot schema before moving under data/<namespace>/loot_tables; replace metadata with modern item/block IDs or set_nbt/components as appropriate; verify every registry ID after DeferredRegister conversion
loot_table_under_assets,src/main/resources/assets/ancientwarfare/loot_tables/chests/smingol.json,must be converted to modern loot schema before moving under data/<namespace>/loot_tables; verify every registry ID after DeferredRegister conversion
possibly_unnamespaced_registry_id,src/main/resources/assets/ancientwarfare/loot_tables/chests/smingol.json,must be converted to modern loot schema before moving under data/<namespace>/loot_tables; verify every registry ID after DeferredRegister conversion
loot_table_under_assets,src/main/resources/assets/ancientwarfare/loot_tables/chests/undead.json,must be converted to modern loot schema before moving under data/<namespace>/loot_tables; verify every registry ID after DeferredRegister conversion
possibly_unnamespaced_registry_id,src/main/resources/assets/ancientwarfare/loot_tables/chests/undead.json,must be converted to modern loot schema before moving under data/<namespace>/loot_tables; verify every registry ID after DeferredRegister conversion
loot_table_under_assets,src/main/resources/assets/ancientwarfare/loot_tables/chests/vampire.json,must be converted to modern loot schema before moving under data/<namespace>/loot_tables; verify every registry ID after DeferredRegister conversion
possibly_unnamespaced_registry_id,src/main/resources/assets/ancientwarfare/loot_tables/chests/vampire.json,must be converted to modern loot schema before moving under data/<namespace>/loot_tables; verify every registry ID after DeferredRegister conversion
loot_table_under_assets,src/main/resources/assets/ancientwarfare/loot_tables/chests/village_blacksmith.json,must be converted to modern loot schema before moving under data/<namespace>/loot_tables; verify every registry ID after DeferredRegister conversion
possibly_unnamespaced_registry_id,src/main/resources/assets/ancientwarfare/loot_tables/chests/village_blacksmith.json,must be converted to modern loot schema before moving under data/<namespace>/loot_tables; verify every registry ID after DeferredRegister conversion
loot_table_under_assets,src/main/resources/assets/ancientwarfare/loot_tables/chests/village_church.json,must be converted to modern loot schema before moving under data/<namespace>/loot_tables; verify every registry ID after DeferredRegister conversion
possibly_unnamespaced_registry_id,src/main/resources/assets/ancientwarfare/loot_tables/chests/village_church.json,must be converted to modern loot schema before moving under data/<namespace>/loot_tables; verify every registry ID after DeferredRegister conversion
loot_table_under_assets,src/main/resources/assets/ancientwarfare/loot_tables/chests/village_craftsman_carpenter_acacia.json,must be converted to modern loot schema before moving under data/<namespace>/loot_tables; replace metadata with modern item/block IDs or set_nbt/components as appropriate; verify every registry ID after DeferredRegister conversion
legacy_loot_function_set_data,src/main/resources/assets/ancientwarfare/loot_tables/chests/village_craftsman_carpenter_acacia.json,must be converted to modern loot schema before moving under data/<namespace>/loot_tables; replace metadata with modern item/block IDs or set_nbt/components as appropriate; verify every registry ID after DeferredRegister conversion
possibly_unnamespaced_registry_id,src/main/resources/assets/ancientwarfare/loot_tables/chests/village_craftsman_carpenter_acacia.json,must be converted to modern loot schema before moving under data/<namespace>/loot_tables; replace metadata with modern item/block IDs or set_nbt/components as appropriate; verify every registry ID after DeferredRegister conversion
loot_table_under_assets,src/main/resources/assets/ancientwarfare/loot_tables/chests/village_craftsman_carpenter_birch.json,must be converted to modern loot schema before moving under data/<namespace>/loot_tables; replace metadata with modern item/block IDs or set_nbt/components as appropriate; verify every registry ID after DeferredRegister conversion
legacy_loot_function_set_data,src/main/resources/assets/ancientwarfare/loot_tables/chests/village_craftsman_carpenter_birch.json,must be converted to modern loot schema before moving under data/<namespace>/loot_tables; replace metadata with modern item/block IDs or set_nbt/components as appropriate; verify every registry ID after DeferredRegister conversion
possibly_unnamespaced_registry_id,src/main/resources/assets/ancientwarfare/loot_tables/chests/village_craftsman_carpenter_birch.json,must be converted to modern loot schema before moving under data/<namespace>/loot_tables; replace metadata with modern item/block IDs or set_nbt/components as appropriate; verify every registry ID after DeferredRegister conversion
loot_table_under_assets,src/main/resources/assets/ancientwarfare/loot_tables/chests/village_craftsman_carpenter_dark_oak.json,must be converted to modern loot schema before moving under data/<namespace>/loot_tables; replace metadata with modern item/block IDs or set_nbt/components as appropriate; verify every registry ID after DeferredRegister conversion
legacy_loot_function_set_data,src/main/resources/assets/ancientwarfare/loot_tables/chests/village_craftsman_carpenter_dark_oak.json,must be converted to modern loot schema before moving under data/<namespace>/loot_tables; replace metadata with modern item/block IDs or set_nbt/components as appropriate; verify every registry ID after DeferredRegister conversion
possibly_unnamespaced_registry_id,src/main/resources/assets/ancientwarfare/loot_tables/chests/village_craftsman_carpenter_dark_oak.json,must be converted to modern loot schema before moving under data/<namespace>/loot_tables; replace metadata with modern item/block IDs or set_nbt/components as appropriate; verify every registry ID after DeferredRegister conversion
loot_table_under_assets,src/main/resources/assets/ancientwarfare/loot_tables/chests/village_craftsman_carpenter_jungle.json,must be converted to modern loot schema before moving under data/<namespace>/loot_tables; replace metadata with modern item/block IDs or set_nbt/components as appropriate; verify every registry ID after DeferredRegister conversion
legacy_loot_function_set_data,src/main/resources/assets/ancientwarfare/loot_tables/chests/village_craftsman_carpenter_jungle.json,must be converted to modern loot schema before moving under data/<namespace>/loot_tables; replace metadata with modern item/block IDs or set_nbt/components as appropriate; verify every registry ID after DeferredRegister conversion
possibly_unnamespaced_registry_id,src/main/resources/assets/ancientwarfare/loot_tables/chests/village_craftsman_carpenter_jungle.json,must be converted to modern loot schema before moving under data/<namespace>/loot_tables; replace metadata with modern item/block IDs or set_nbt/components as appropriate; verify every registry ID after DeferredRegister conversion
loot_table_under_assets,src/main/resources/assets/ancientwarfare/loot_tables/chests/village_craftsman_carpenter_oak.json,must be converted to modern loot schema before moving under data/<namespace>/loot_tables; replace metadata with modern item/block IDs or set_nbt/components as appropriate; verify every registry ID after DeferredRegister conversion
legacy_loot_function_set_data,src/main/resources/assets/ancientwarfare/loot_tables/chests/village_craftsman_carpenter_oak.json,must be converted to modern loot schema before moving under data/<namespace>/loot_tables; replace metadata with modern item/block IDs or set_nbt/components as appropriate; verify every registry ID after DeferredRegister conversion
possibly_unnamespaced_registry_id,src/main/resources/assets/ancientwarfare/loot_tables/chests/village_craftsman_carpenter_oak.json,must be converted to modern loot schema before moving under data/<namespace>/loot_tables; replace metadata with modern item/block IDs or set_nbt/components as appropriate; verify every registry ID after DeferredRegister conversion
loot_table_under_assets,src/main/resources/assets/ancientwarfare/loot_tables/chests/village_craftsman_carpenter_spruce.json,must be converted to modern loot schema before moving under data/<namespace>/loot_tables; replace metadata with modern item/block IDs or set_nbt/components as appropriate; verify every registry ID after DeferredRegister conversion
legacy_loot_function_set_data,src/main/resources/assets/ancientwarfare/loot_tables/chests/village_craftsman_carpenter_spruce.json,must be converted to modern loot schema before moving under data/<namespace>/loot_tables; replace metadata with modern item/block IDs or set_nbt/components as appropriate; verify every registry ID after DeferredRegister conversion
possibly_unnamespaced_registry_id,src/main/resources/assets/ancientwarfare/loot_tables/chests/village_craftsman_carpenter_spruce.json,must be converted to modern loot schema before moving under data/<namespace>/loot_tables; replace metadata with modern item/block IDs or set_nbt/components as appropriate; verify every registry ID after DeferredRegister conversion
loot_table_under_assets,src/main/resources/assets/ancientwarfare/loot_tables/chests/village_craftsman_glass_worker.json,must be converted to modern loot schema before moving under data/<namespace>/loot_tables; replace metadata with modern item/block IDs or set_nbt/components as appropriate; verify every registry ID after DeferredRegister conversion
legacy_loot_function_set_data,src/main/resources/assets/ancientwarfare/loot_tables/chests/village_craftsman_glass_worker.json,must be converted to modern loot schema before moving under data/<namespace>/loot_tables; replace metadata with modern item/block IDs or set_nbt/components as appropriate; verify every registry ID after DeferredRegister conversion
possibly_unnamespaced_registry_id,src/main/resources/assets/ancientwarfare/loot_tables/chests/village_craftsman_glass_worker.json,must be converted to modern loot schema before moving under data/<namespace>/loot_tables; replace metadata with modern item/block IDs or set_nbt/components as appropriate; verify every registry ID after DeferredRegister conversion
loot_table_under_assets,src/main/resources/assets/ancientwarfare/loot_tables/chests/village_craftsman_pottery.json,must be converted to modern loot schema before moving under data/<namespace>/loot_tables; verify every registry ID after DeferredRegister conversion
possibly_unnamespaced_registry_id,src/main/resources/assets/ancientwarfare/loot_tables/chests/village_craftsman_pottery.json,must be converted to modern loot schema before moving under data/<namespace>/loot_tables; verify every registry ID after DeferredRegister conversion
loot_table_under_assets,src/main/resources/assets/ancientwarfare/loot_tables/chests/village_farm_apple.json,must be converted to modern loot schema before moving under data/<namespace>/loot_tables; verify every registry ID after DeferredRegister conversion
possibly_unnamespaced_registry_id,src/main/resources/assets/ancientwarfare/loot_tables/chests/village_farm_apple.json,must be converted to modern loot schema before moving under data/<namespace>/loot_tables; verify every registry ID after DeferredRegister conversion
loot_table_under_assets,src/main/resources/assets/ancientwarfare/loot_tables/chests/village_farm_chicken.json,must be converted to modern loot schema before moving under data/<namespace>/loot_tables; verify every registry ID after DeferredRegister conversion
possibly_unnamespaced_registry_id,src/main/resources/assets/ancientwarfare/loot_tables/chests/village_farm_chicken.json,must be converted to modern loot schema before moving under data/<namespace>/loot_tables; verify every registry ID after DeferredRegister conversion
loot_table_under_assets,src/main/resources/assets/ancientwarfare/loot_tables/chests/village_farm_cocoa.json,must be converted to modern loot schema before moving under data/<namespace>/loot_tables; replace metadata with modern item/block IDs or set_nbt/components as appropriate; verify every registry ID after DeferredRegister conversion
legacy_loot_function_set_data,src/main/resources/assets/ancientwarfare/loot_tables/chests/village_farm_cocoa.json,must be converted to modern loot schema before moving under data/<namespace>/loot_tables; replace metadata with modern item/block IDs or set_nbt/components as appropriate; verify every registry ID after DeferredRegister conversion
possibly_unnamespaced_registry_id,src/main/resources/assets/ancientwarfare/loot_tables/chests/village_farm_cocoa.json,must be converted to modern loot schema before moving under data/<namespace>/loot_tables; replace metadata with modern item/block IDs or set_nbt/components as appropriate; verify every registry ID after DeferredRegister conversion
loot_table_under_assets,src/main/resources/assets/ancientwarfare/loot_tables/chests/village_farm_cow.json,must be converted to modern loot schema before moving under data/<namespace>/loot_tables; verify every registry ID after DeferredRegister conversion
possibly_unnamespaced_registry_id,src/main/resources/assets/ancientwarfare/loot_tables/chests/village_farm_cow.json,must be converted to modern loot schema before moving under data/<namespace>/loot_tables; verify every registry ID after DeferredRegister conversion
loot_table_under_assets,src/main/resources/assets/ancientwarfare/loot_tables/chests/village_farm_horse.json,must be converted to modern loot schema before moving under data/<namespace>/loot_tables; verify every registry ID after DeferredRegister conversion
possibly_unnamespaced_registry_id,src/main/resources/assets/ancientwarfare/loot_tables/chests/village_farm_horse.json,must be converted to modern loot schema before moving under data/<namespace>/loot_tables; verify every registry ID after DeferredRegister conversion
loot_table_under_assets,src/main/resources/assets/ancientwarfare/loot_tables/chests/village_farm_melon.json,must be converted to modern loot schema before moving under data/<namespace>/loot_tables; verify every registry ID after DeferredRegister conversion
possibly_unnamespaced_registry_id,src/main/resources/assets/ancientwarfare/loot_tables/chests/village_farm_melon.json,must be converted to modern loot schema before moving under data/<namespace>/loot_tables; verify every registry ID after DeferredRegister conversion
loot_table_under_assets,src/main/resources/assets/ancientwarfare/loot_tables/chests/village_farm_mixed.json,must be converted to modern loot schema before moving under data/<namespace>/loot_tables; verify every registry ID after DeferredRegister conversion
possibly_unnamespaced_registry_id,src/main/resources/assets/ancientwarfare/loot_tables/chests/village_farm_mixed.json,must be converted to modern loot schema before moving under data/<namespace>/loot_tables; verify every registry ID after DeferredRegister conversion
loot_table_under_assets,src/main/resources/assets/ancientwarfare/loot_tables/chests/village_farm_mushroom.json,must be converted to modern loot schema before moving under data/<namespace>/loot_tables; verify every registry ID after DeferredRegister conversion
possibly_unnamespaced_registry_id,src/main/resources/assets/ancientwarfare/loot_tables/chests/village_farm_mushroom.json,must be converted to modern loot schema before moving under data/<namespace>/loot_tables; verify every registry ID after DeferredRegister conversion
loot_table_under_assets,src/main/resources/assets/ancientwarfare/loot_tables/chests/village_farm_pig.json,must be converted to modern loot schema before moving under data/<namespace>/loot_tables; verify every registry ID after DeferredRegister conversion
possibly_unnamespaced_registry_id,src/main/resources/assets/ancientwarfare/loot_tables/chests/village_farm_pig.json,must be converted to modern loot schema before moving under data/<namespace>/loot_tables; verify every registry ID after DeferredRegister conversion
loot_table_under_assets,src/main/resources/assets/ancientwarfare/loot_tables/chests/village_farm_pumpkin.json,must be converted to modern loot schema before moving under data/<namespace>/loot_tables; verify every registry ID after DeferredRegister conversion
possibly_unnamespaced_registry_id,src/main/resources/assets/ancientwarfare/loot_tables/chests/village_farm_pumpkin.json,must be converted to modern loot schema before moving under data/<namespace>/loot_tables; verify every registry ID after DeferredRegister conversion
loot_table_under_assets,src/main/resources/assets/ancientwarfare/loot_tables/chests/village_farm_sheep.json,must be converted to modern loot schema before moving under data/<namespace>/loot_tables; verify every registry ID after DeferredRegister conversion
possibly_unnamespaced_registry_id,src/main/resources/assets/ancientwarfare/loot_tables/chests/village_farm_sheep.json,must be converted to modern loot schema before moving under data/<namespace>/loot_tables; verify every registry ID after DeferredRegister conversion
loot_table_under_assets,src/main/resources/assets/ancientwarfare/loot_tables/chests/village_farm_sugarcane.json,must be converted to modern loot schema before moving under data/<namespace>/loot_tables; verify every registry ID after DeferredRegister conversion
possibly_unnamespaced_registry_id,src/main/resources/assets/ancientwarfare/loot_tables/chests/village_farm_sugarcane.json,must be converted to modern loot schema before moving under data/<namespace>/loot_tables; verify every registry ID after DeferredRegister conversion
loot_table_under_assets,src/main/resources/assets/ancientwarfare/loot_tables/chests/village_farm_vegetable.json,must be converted to modern loot schema before moving under data/<namespace>/loot_tables; verify every registry ID after DeferredRegister conversion
possibly_unnamespaced_registry_id,src/main/resources/assets/ancientwarfare/loot_tables/chests/village_farm_vegetable.json,must be converted to modern loot schema before moving under data/<namespace>/loot_tables; verify every registry ID after DeferredRegister conversion
loot_table_under_assets,src/main/resources/assets/ancientwarfare/loot_tables/chests/village_farm_wheat.json,must be converted to modern loot schema before moving under data/<namespace>/loot_tables; verify every registry ID after DeferredRegister conversion
possibly_unnamespaced_registry_id,src/main/resources/assets/ancientwarfare/loot_tables/chests/village_farm_wheat.json,must be converted to modern loot schema before moving under data/<namespace>/loot_tables; verify every registry ID after DeferredRegister conversion
loot_table_under_assets,src/main/resources/assets/ancientwarfare/loot_tables/chests/village_fisherman.json,must be converted to modern loot schema before moving under data/<namespace>/loot_tables; verify every registry ID after DeferredRegister conversion
possibly_unnamespaced_registry_id,src/main/resources/assets/ancientwarfare/loot_tables/chests/village_fisherman.json,must be converted to modern loot schema before moving under data/<namespace>/loot_tables; verify every registry ID after DeferredRegister conversion
loot_table_under_assets,src/main/resources/assets/ancientwarfare/loot_tables/chests/village_library.json,must be converted to modern loot schema before moving under data/<namespace>/loot_tables; verify every registry ID after DeferredRegister conversion
possibly_unnamespaced_registry_id,src/main/resources/assets/ancientwarfare/loot_tables/chests/village_library.json,must be converted to modern loot schema before moving under data/<namespace>/loot_tables; verify every registry ID after DeferredRegister conversion
loot_table_under_assets,src/main/resources/assets/ancientwarfare/loot_tables/chests/village_magician.json,must be converted to modern loot schema before moving under data/<namespace>/loot_tables; verify every registry ID after DeferredRegister conversion
possibly_unnamespaced_registry_id,src/main/resources/assets/ancientwarfare/loot_tables/chests/village_magician.json,must be converted to modern loot schema before moving under data/<namespace>/loot_tables; verify every registry ID after DeferredRegister conversion
loot_table_under_assets,src/main/resources/assets/ancientwarfare/loot_tables/chests/village_mill.json,must be converted to modern loot schema before moving under data/<namespace>/loot_tables; verify every registry ID after DeferredRegister conversion
possibly_unnamespaced_registry_id,src/main/resources/assets/ancientwarfare/loot_tables/chests/village_mill.json,must be converted to modern loot schema before moving under data/<namespace>/loot_tables; verify every registry ID after DeferredRegister conversion
loot_table_under_assets,src/main/resources/assets/ancientwarfare/loot_tables/chests/village_mine.json,must be converted to modern loot schema before moving under data/<namespace>/loot_tables; verify every registry ID after DeferredRegister conversion
possibly_unnamespaced_registry_id,src/main/resources/assets/ancientwarfare/loot_tables/chests/village_mine.json,must be converted to modern loot schema before moving under data/<namespace>/loot_tables; verify every registry ID after DeferredRegister conversion
loot_table_under_assets,src/main/resources/assets/ancientwarfare/loot_tables/chests/vyncan.json,must be converted to modern loot schema before moving under data/<namespace>/loot_tables; verify every registry ID after DeferredRegister conversion
possibly_unnamespaced_registry_id,src/main/resources/assets/ancientwarfare/loot_tables/chests/vyncan.json,must be converted to modern loot schema before moving under data/<namespace>/loot_tables; verify every registry ID after DeferredRegister conversion
loot_table_under_assets,src/main/resources/assets/ancientwarfare/loot_tables/chests/vyncan_jungle.json,must be converted to modern loot schema before moving under data/<namespace>/loot_tables; replace metadata with modern item/block IDs or set_nbt/components as appropriate; verify every registry ID after DeferredRegister conversion
legacy_loot_function_set_data,src/main/resources/assets/ancientwarfare/loot_tables/chests/vyncan_jungle.json,must be converted to modern loot schema before moving under data/<namespace>/loot_tables; replace metadata with modern item/block IDs or set_nbt/components as appropriate; verify every registry ID after DeferredRegister conversion
possibly_unnamespaced_registry_id,src/main/resources/assets/ancientwarfare/loot_tables/chests/vyncan_jungle.json,must be converted to modern loot schema before moving under data/<namespace>/loot_tables; replace metadata with modern item/block IDs or set_nbt/components as appropriate; verify every registry ID after DeferredRegister conversion
loot_table_under_assets,src/main/resources/assets/ancientwarfare/loot_tables/chests/vyncan_mesa.json,must be converted to modern loot schema before moving under data/<namespace>/loot_tables; verify every registry ID after DeferredRegister conversion
possibly_unnamespaced_registry_id,src/main/resources/assets/ancientwarfare/loot_tables/chests/vyncan_mesa.json,must be converted to modern loot schema before moving under data/<namespace>/loot_tables; verify every registry ID after DeferredRegister conversion
loot_table_under_assets,src/main/resources/assets/ancientwarfare/loot_tables/chests/witchbane.json,must be converted to modern loot schema before moving under data/<namespace>/loot_tables; verify every registry ID after DeferredRegister conversion
possibly_unnamespaced_registry_id,src/main/resources/assets/ancientwarfare/loot_tables/chests/witchbane.json,must be converted to modern loot schema before moving under data/<namespace>/loot_tables; verify every registry ID after DeferredRegister conversion
loot_table_under_assets,src/main/resources/assets/ancientwarfare/loot_tables/chests/wizardly.json,must be converted to modern loot schema before moving under data/<namespace>/loot_tables; verify every registry ID after DeferredRegister conversion
possibly_unnamespaced_registry_id,src/main/resources/assets/ancientwarfare/loot_tables/chests/wizardly.json,must be converted to modern loot schema before moving under data/<namespace>/loot_tables; verify every registry ID after DeferredRegister conversion
loot_table_under_assets,src/main/resources/assets/ancientwarfare/loot_tables/chests/xoltec.json,must be converted to modern loot schema before moving under data/<namespace>/loot_tables; verify every registry ID after DeferredRegister conversion
possibly_unnamespaced_registry_id,src/main/resources/assets/ancientwarfare/loot_tables/chests/xoltec.json,must be converted to modern loot schema before moving under data/<namespace>/loot_tables; verify every registry ID after DeferredRegister conversion
loot_table_under_assets,src/main/resources/assets/ancientwarfare/loot_tables/chests/xoltec_terracotta.json,must be converted to modern loot schema before moving under data/<namespace>/loot_tables; verify every registry ID after DeferredRegister conversion
possibly_unnamespaced_registry_id,src/main/resources/assets/ancientwarfare/loot_tables/chests/xoltec_terracotta.json,must be converted to modern loot schema before moving under data/<namespace>/loot_tables; verify every registry ID after DeferredRegister conversion
loot_table_under_assets,src/main/resources/assets/ancientwarfare/loot_tables/chests/zimba.json,must be converted to modern loot schema before moving under data/<namespace>/loot_tables; verify every registry ID after DeferredRegister conversion
possibly_unnamespaced_registry_id,src/main/resources/assets/ancientwarfare/loot_tables/chests/zimba.json,must be converted to modern loot schema before moving under data/<namespace>/loot_tables; verify every registry ID after DeferredRegister conversion
loot_table_under_assets,src/main/resources/assets/ancientwarfare/loot_tables/chests/zimba_ancient_mines.json,must be converted to modern loot schema before moving under data/<namespace>/loot_tables; verify every registry ID after DeferredRegister conversion
possibly_unnamespaced_registry_id,src/main/resources/assets/ancientwarfare/loot_tables/chests/zimba_ancient_mines.json,must be converted to modern loot schema before moving under data/<namespace>/loot_tables; verify every registry ID after DeferredRegister conversion
loot_table_under_assets,src/main/resources/assets/ancientwarfare/loot_tables/entities/archer.json,must be converted to modern loot schema before moving under data/<namespace>/loot_tables; verify every registry ID after DeferredRegister conversion
possibly_unnamespaced_registry_id,src/main/resources/assets/ancientwarfare/loot_tables/entities/archer.json,must be converted to modern loot schema before moving under data/<namespace>/loot_tables; verify every registry ID after DeferredRegister conversion
loot_table_under_assets,src/main/resources/assets/ancientwarfare/loot_tables/entities/archer_elite.json,must be converted to modern loot schema before moving under data/<namespace>/loot_tables; verify every registry ID after DeferredRegister conversion
possibly_unnamespaced_registry_id,src/main/resources/assets/ancientwarfare/loot_tables/entities/archer_elite.json,must be converted to modern loot schema before moving under data/<namespace>/loot_tables; verify every registry ID after DeferredRegister conversion
loot_table_under_assets,src/main/resources/assets/ancientwarfare/loot_tables/entities/cavalry.json,must be converted to modern loot schema before moving under data/<namespace>/loot_tables; verify every registry ID after DeferredRegister conversion
possibly_unnamespaced_registry_id,src/main/resources/assets/ancientwarfare/loot_tables/entities/cavalry.json,must be converted to modern loot schema before moving under data/<namespace>/loot_tables; verify every registry ID after DeferredRegister conversion
loot_table_under_assets,src/main/resources/assets/ancientwarfare/loot_tables/entities/leader.json,must be converted to modern loot schema before moving under data/<namespace>/loot_tables; verify every registry ID after DeferredRegister conversion
possibly_unnamespaced_registry_id,src/main/resources/assets/ancientwarfare/loot_tables/entities/leader.json,must be converted to modern loot schema before moving under data/<namespace>/loot_tables; verify every registry ID after DeferredRegister conversion
loot_table_under_assets,src/main/resources/assets/ancientwarfare/loot_tables/entities/leader_elite.json,must be converted to modern loot schema before moving under data/<namespace>/loot_tables; verify every registry ID after DeferredRegister conversion
possibly_unnamespaced_registry_id,src/main/resources/assets/ancientwarfare/loot_tables/entities/leader_elite.json,must be converted to modern loot schema before moving under data/<namespace>/loot_tables; verify every registry ID after DeferredRegister conversion
loot_table_under_assets,src/main/resources/assets/ancientwarfare/loot_tables/entities/mounted_archer.json,must be converted to modern loot schema before moving under data/<namespace>/loot_tables; verify every registry ID after DeferredRegister conversion
possibly_unnamespaced_registry_id,src/main/resources/assets/ancientwarfare/loot_tables/entities/mounted_archer.json,must be converted to modern loot schema before moving under data/<namespace>/loot_tables; verify every registry ID after DeferredRegister conversion
loot_table_under_assets,src/main/resources/assets/ancientwarfare/loot_tables/entities/priest.json,must be converted to modern loot schema before moving under data/<namespace>/loot_tables; verify every registry ID after DeferredRegister conversion
possibly_unnamespaced_registry_id,src/main/resources/assets/ancientwarfare/loot_tables/entities/priest.json,must be converted to modern loot schema before moving under data/<namespace>/loot_tables; verify every registry ID after DeferredRegister conversion
loot_table_under_assets,src/main/resources/assets/ancientwarfare/loot_tables/entities/siege_engineer.json,must be converted to modern loot schema before moving under data/<namespace>/loot_tables; verify every registry ID after DeferredRegister conversion
possibly_unnamespaced_registry_id,src/main/resources/assets/ancientwarfare/loot_tables/entities/siege_engineer.json,must be converted to modern loot schema before moving under data/<namespace>/loot_tables; verify every registry ID after DeferredRegister conversion
loot_table_under_assets,src/main/resources/assets/ancientwarfare/loot_tables/entities/soldier.json,must be converted to modern loot schema before moving under data/<namespace>/loot_tables; verify every registry ID after DeferredRegister conversion
possibly_unnamespaced_registry_id,src/main/resources/assets/ancientwarfare/loot_tables/entities/soldier.json,must be converted to modern loot schema before moving under data/<namespace>/loot_tables; verify every registry ID after DeferredRegister conversion
loot_table_under_assets,src/main/resources/assets/ancientwarfare/loot_tables/entities/soldier_elite.json,must be converted to modern loot schema before moving under data/<namespace>/loot_tables; verify every registry ID after DeferredRegister conversion
possibly_unnamespaced_registry_id,src/main/resources/assets/ancientwarfare/loot_tables/entities/soldier_elite.json,must be converted to modern loot schema before moving under data/<namespace>/loot_tables; verify every registry ID after DeferredRegister conversion
loot_table_under_assets,src/main/resources/assets/ancientwarfare/loot_tables/entities/undead_archer.json,must be converted to modern loot schema before moving under data/<namespace>/loot_tables; verify every registry ID after DeferredRegister conversion
possibly_unnamespaced_registry_id,src/main/resources/assets/ancientwarfare/loot_tables/entities/undead_archer.json,must be converted to modern loot schema before moving under data/<namespace>/loot_tables; verify every registry ID after DeferredRegister conversion
loot_table_under_assets,src/main/resources/assets/ancientwarfare/loot_tables/entities/undead_archer_elite.json,must be converted to modern loot schema before moving under data/<namespace>/loot_tables; verify every registry ID after DeferredRegister conversion
possibly_unnamespaced_registry_id,src/main/resources/assets/ancientwarfare/loot_tables/entities/undead_archer_elite.json,must be converted to modern loot schema before moving under data/<namespace>/loot_tables; verify every registry ID after DeferredRegister conversion
loot_table_under_assets,src/main/resources/assets/ancientwarfare/loot_tables/entities/undead_cavalry.json,must be converted to modern loot schema before moving under data/<namespace>/loot_tables; verify every registry ID after DeferredRegister conversion
possibly_unnamespaced_registry_id,src/main/resources/assets/ancientwarfare/loot_tables/entities/undead_cavalry.json,must be converted to modern loot schema before moving under data/<namespace>/loot_tables; verify every registry ID after DeferredRegister conversion
loot_table_under_assets,src/main/resources/assets/ancientwarfare/loot_tables/entities/undead_leader.json,must be converted to modern loot schema before moving under data/<namespace>/loot_tables; verify every registry ID after DeferredRegister conversion
possibly_unnamespaced_registry_id,src/main/resources/assets/ancientwarfare/loot_tables/entities/undead_leader.json,must be converted to modern loot schema before moving under data/<namespace>/loot_tables; verify every registry ID after DeferredRegister conversion
loot_table_under_assets,src/main/resources/assets/ancientwarfare/loot_tables/entities/undead_leader_elite.json,must be converted to modern loot schema before moving under data/<namespace>/loot_tables; verify every registry ID after DeferredRegister conversion
possibly_unnamespaced_registry_id,src/main/resources/assets/ancientwarfare/loot_tables/entities/undead_leader_elite.json,must be converted to modern loot schema before moving under data/<namespace>/loot_tables; verify every registry ID after DeferredRegister conversion
loot_table_under_assets,src/main/resources/assets/ancientwarfare/loot_tables/entities/undead_mounted_archer.json,must be converted to modern loot schema before moving under data/<namespace>/loot_tables; verify every registry ID after DeferredRegister conversion
possibly_unnamespaced_registry_id,src/main/resources/assets/ancientwarfare/loot_tables/entities/undead_mounted_archer.json,must be converted to modern loot schema before moving under data/<namespace>/loot_tables; verify every registry ID after DeferredRegister conversion
loot_table_under_assets,src/main/resources/assets/ancientwarfare/loot_tables/entities/undead_priest.json,must be converted to modern loot schema before moving under data/<namespace>/loot_tables; verify every registry ID after DeferredRegister conversion
possibly_unnamespaced_registry_id,src/main/resources/assets/ancientwarfare/loot_tables/entities/undead_priest.json,must be converted to modern loot schema before moving under data/<namespace>/loot_tables; verify every registry ID after DeferredRegister conversion
loot_table_under_assets,src/main/resources/assets/ancientwarfare/loot_tables/entities/undead_soldier.json,must be converted to modern loot schema before moving under data/<namespace>/loot_tables; verify every registry ID after DeferredRegister conversion
possibly_unnamespaced_registry_id,src/main/resources/assets/ancientwarfare/loot_tables/entities/undead_soldier.json,must be converted to modern loot schema before moving under data/<namespace>/loot_tables; verify every registry ID after DeferredRegister conversion
loot_table_under_assets,src/main/resources/assets/ancientwarfare/loot_tables/entities/undead_soldier_elite.json,must be converted to modern loot schema before moving under data/<namespace>/loot_tables; verify every registry ID after DeferredRegister conversion
possibly_unnamespaced_registry_id,src/main/resources/assets/ancientwarfare/loot_tables/entities/undead_soldier_elite.json,must be converted to modern loot schema before moving under data/<namespace>/loot_tables; verify every registry ID after DeferredRegister conversion
possibly_unnamespaced_registry_id,src/main/resources/assets/ancientwarfare/models/block/automation/auto_crafting.json,verify every registry ID after DeferredRegister conversion
legacy_obj_model,src/main/resources/assets/ancientwarfare/models/block/automation/flywheel_controller.obj,verify Forge OBJ loader/model event registration on 1.20.1
legacy_obj_model,src/main/resources/assets/ancientwarfare/models/block/automation/flywheel_large.obj,verify Forge OBJ loader/model event registration on 1.20.1
legacy_obj_model,src/main/resources/assets/ancientwarfare/models/block/automation/flywheel_small.obj,verify Forge OBJ loader/model event registration on 1.20.1
legacy_obj_model,src/main/resources/assets/ancientwarfare/models/block/automation/hand_cranked_generator.obj,verify Forge OBJ loader/model event registration on 1.20.1
legacy_obj_model,src/main/resources/assets/ancientwarfare/models/block/automation/stirling_generator.obj,verify Forge OBJ loader/model event registration on 1.20.1
legacy_obj_model,src/main/resources/assets/ancientwarfare/models/block/automation/torque_shaft.obj,verify Forge OBJ loader/model event registration on 1.20.1
legacy_obj_model,src/main/resources/assets/ancientwarfare/models/block/automation/torque_transport.obj,verify Forge OBJ loader/model event registration on 1.20.1
possibly_unnamespaced_registry_id,src/main/resources/assets/ancientwarfare/models/block/automation/warehouse_stock_linker.json,verify every registry ID after DeferredRegister conversion
legacy_obj_model,src/main/resources/assets/ancientwarfare/models/block/automation/waterwheel_generator.obj,verify Forge OBJ loader/model event registration on 1.20.1
legacy_obj_model,src/main/resources/assets/ancientwarfare/models/block/automation/windmill_blade.obj,verify Forge OBJ loader/model event registration on 1.20.1
legacy_obj_model,src/main/resources/assets/ancientwarfare/models/block/automation/windmill_blade_cube.obj,verify Forge OBJ loader/model event registration on 1.20.1
legacy_obj_model,src/main/resources/assets/ancientwarfare/models/block/automation/windmill_generator.obj,verify Forge OBJ loader/model event registration on 1.20.1
possibly_unnamespaced_registry_id,src/main/resources/assets/ancientwarfare/models/block/core/engineering_station.json,verify every registry ID after DeferredRegister conversion
possibly_unnamespaced_registry_id,src/main/resources/assets/ancientwarfare/models/block/core/research_station.json,verify every registry ID after DeferredRegister conversion
possibly_unnamespaced_registry_id,src/main/resources/assets/ancientwarfare/models/block/core/research_station_has_book.json,verify every registry ID after DeferredRegister conversion
possibly_unnamespaced_registry_id,src/main/resources/assets/ancientwarfare/models/block/npc/town_hall.json,verify every registry ID after DeferredRegister conversion
possibly_unnamespaced_registry_id,src/main/resources/assets/ancientwarfare/models/block/structure/advanced_spawner.json,verify every registry ID after DeferredRegister conversion
possibly_unnamespaced_registry_id,src/main/resources/assets/ancientwarfare/models/block/structure/altar_candle.json,verify every registry ID after DeferredRegister conversion
possibly_unnamespaced_registry_id,src/main/resources/assets/ancientwarfare/models/block/structure/altar_lectern.json,verify every registry ID after DeferredRegister conversion
possibly_unnamespaced_registry_id,src/main/resources/assets/ancientwarfare/models/block/structure/altar_sun.json,verify every registry ID after DeferredRegister conversion
possibly_unnamespaced_registry_id,src/main/resources/assets/ancientwarfare/models/block/structure/bench_leg_left.json,verify every registry ID after DeferredRegister conversion
possibly_unnamespaced_registry_id,src/main/resources/assets/ancientwarfare/models/block/structure/bench_leg_right.json,verify every registry ID after DeferredRegister conversion
possibly_unnamespaced_registry_id,src/main/resources/assets/ancientwarfare/models/block/structure/bench_support_middle.json,verify every registry ID after DeferredRegister conversion
possibly_unnamespaced_registry_id,src/main/resources/assets/ancientwarfare/models/block/structure/bench_support_one_side.json,verify every registry ID after DeferredRegister conversion
possibly_unnamespaced_registry_id,src/main/resources/assets/ancientwarfare/models/block/structure/bench_support_two_side.json,verify every registry ID after DeferredRegister conversion
possibly_unnamespaced_registry_id,src/main/resources/assets/ancientwarfare/models/block/structure/bench_top.json,verify every registry ID after DeferredRegister conversion
possibly_unnamespaced_registry_id,src/main/resources/assets/ancientwarfare/models/block/structure/brazier_ember_off.json,verify every registry ID after DeferredRegister conversion
possibly_unnamespaced_registry_id,src/main/resources/assets/ancientwarfare/models/block/structure/brazier_ember_on.json,verify every registry ID after DeferredRegister conversion
possibly_unnamespaced_registry_id,src/main/resources/assets/ancientwarfare/models/block/structure/brazier_flame_off.json,verify every registry ID after DeferredRegister conversion
possibly_unnamespaced_registry_id,src/main/resources/assets/ancientwarfare/models/block/structure/brazier_flame_on.json,verify every registry ID after DeferredRegister conversion
possibly_unnamespaced_registry_id,src/main/resources/assets/ancientwarfare/models/block/structure/chair.json,verify every registry ID after DeferredRegister conversion
possibly_unnamespaced_registry_id,src/main/resources/assets/ancientwarfare/models/block/structure/coin_stack_16.json,verify every registry ID after DeferredRegister conversion
possibly_unnamespaced_registry_id,src/main/resources/assets/ancientwarfare/models/block/structure/coin_stack_24.json,verify every registry ID after DeferredRegister conversion
possibly_unnamespaced_registry_id,src/main/resources/assets/ancientwarfare/models/block/structure/coin_stack_32.json,verify every registry ID after DeferredRegister conversion
possibly_unnamespaced_registry_id,src/main/resources/assets/ancientwarfare/models/block/structure/coin_stack_40.json,verify every registry ID after DeferredRegister conversion
possibly_unnamespaced_registry_id,src/main/resources/assets/ancientwarfare/models/block/structure/coin_stack_48.json,verify every registry ID after DeferredRegister conversion
possibly_unnamespaced_registry_id,src/main/resources/assets/ancientwarfare/models/block/structure/coin_stack_56.json,verify every registry ID after DeferredRegister conversion
possibly_unnamespaced_registry_id,src/main/resources/assets/ancientwarfare/models/block/structure/coin_stack_64.json,verify every registry ID after DeferredRegister conversion
possibly_unnamespaced_registry_id,src/main/resources/assets/ancientwarfare/models/block/structure/coin_stack_8.json,verify every registry ID after DeferredRegister conversion
possibly_unnamespaced_registry_id,src/main/resources/assets/ancientwarfare/models/block/structure/double_loot_basket.json,verify every registry ID after DeferredRegister conversion
possibly_unnamespaced_registry_id,src/main/resources/assets/ancientwarfare/models/block/structure/drafting_station.json,verify every registry ID after DeferredRegister conversion
possibly_unnamespaced_registry_id,src/main/resources/assets/ancientwarfare/models/block/structure/fire_pit.json,verify every registry ID after DeferredRegister conversion
possibly_unnamespaced_registry_id,src/main/resources/assets/ancientwarfare/models/block/structure/fire_pit_log.json,verify every registry ID after DeferredRegister conversion
possibly_unnamespaced_registry_id,src/main/resources/assets/ancientwarfare/models/block/structure/fire_pit_log_unlit.json,verify every registry ID after DeferredRegister conversion
possibly_unnamespaced_registry_id,src/main/resources/assets/ancientwarfare/models/block/structure/fire_pit_square.json,verify every registry ID after DeferredRegister conversion
possibly_unnamespaced_registry_id,src/main/resources/assets/ancientwarfare/models/block/structure/fire_pit_square_unlit.json,verify every registry ID after DeferredRegister conversion
possibly_unnamespaced_registry_id,src/main/resources/assets/ancientwarfare/models/block/structure/fire_pit_unlit.json,verify every registry ID after DeferredRegister conversion
possibly_unnamespaced_registry_id,src/main/resources/assets/ancientwarfare/models/block/structure/gibbet_bottom.json,verify every registry ID after DeferredRegister conversion
possibly_unnamespaced_registry_id,src/main/resources/assets/ancientwarfare/models/block/structure/gibbet_top.json,verify every registry ID after DeferredRegister conversion
possibly_unnamespaced_registry_id,src/main/resources/assets/ancientwarfare/models/block/structure/golden_idol.json,verify every registry ID after DeferredRegister conversion
possibly_unnamespaced_registry_id,src/main/resources/assets/ancientwarfare/models/block/structure/golden_throne_bottom.json,verify every registry ID after DeferredRegister conversion
possibly_unnamespaced_registry_id,src/main/resources/assets/ancientwarfare/models/block/structure/golden_throne_top.json,verify every registry ID after DeferredRegister conversion
possibly_unnamespaced_registry_id,src/main/resources/assets/ancientwarfare/models/block/structure/gravestone_3.json,verify every registry ID after DeferredRegister conversion
possibly_unnamespaced_registry_id,src/main/resources/assets/ancientwarfare/models/block/structure/iron_cage_bottom.json,verify every registry ID after DeferredRegister conversion
possibly_unnamespaced_registry_id,src/main/resources/assets/ancientwarfare/models/block/structure/iron_cage_top.json,verify every registry ID after DeferredRegister conversion
possibly_unnamespaced_registry_id,src/main/resources/assets/ancientwarfare/models/block/structure/loot_basket.json,verify every registry ID after DeferredRegister conversion
possibly_unnamespaced_registry_id,src/main/resources/assets/ancientwarfare/models/block/structure/stake_bottom.json,verify every registry ID after DeferredRegister conversion
possibly_unnamespaced_registry_id,src/main/resources/assets/ancientwarfare/models/block/structure/stake_top.json,verify every registry ID after DeferredRegister conversion
possibly_unnamespaced_registry_id,src/main/resources/assets/ancientwarfare/models/block/structure/stool.json,verify every registry ID after DeferredRegister conversion
possibly_unnamespaced_registry_id,src/main/resources/assets/ancientwarfare/models/block/structure/stretching_rack_north.json,verify every registry ID after DeferredRegister conversion
possibly_unnamespaced_registry_id,src/main/resources/assets/ancientwarfare/models/block/structure/stretching_rack_south.json,verify every registry ID after DeferredRegister conversion
possibly_unnamespaced_registry_id,src/main/resources/assets/ancientwarfare/models/block/structure/table_leg.json,verify every registry ID after DeferredRegister conversion
possibly_unnamespaced_registry_id,src/main/resources/assets/ancientwarfare/models/block/structure/table_top.json,verify every registry ID after DeferredRegister conversion
possibly_unnamespaced_registry_id,src/main/resources/assets/ancientwarfare/models/block/structure/totem_part_base.json,verify every registry ID after DeferredRegister conversion
possibly_unnamespaced_registry_id,src/main/resources/assets/ancientwarfare/models/block/structure/totem_part_elephant_body.json,verify every registry ID after DeferredRegister conversion
possibly_unnamespaced_registry_id,src/main/resources/assets/ancientwarfare/models/block/structure/totem_part_elephant_left.json,verify every registry ID after DeferredRegister conversion
possibly_unnamespaced_registry_id,src/main/resources/assets/ancientwarfare/models/block/structure/totem_part_elephant_right.json,verify every registry ID after DeferredRegister conversion
possibly_unnamespaced_registry_id,src/main/resources/assets/ancientwarfare/models/block/structure/totem_part_irminsul_base.json,verify every registry ID after DeferredRegister conversion
possibly_unnamespaced_registry_id,src/main/resources/assets/ancientwarfare/models/block/structure/totem_part_irminsul_mid.json,verify every registry ID after DeferredRegister conversion
possibly_unnamespaced_registry_id,src/main/resources/assets/ancientwarfare/models/block/structure/totem_part_irminsul_side.json,verify every registry ID after DeferredRegister conversion
possibly_unnamespaced_registry_id,src/main/resources/assets/ancientwarfare/models/block/structure/totem_part_irminsul_top.json,verify every registry ID after DeferredRegister conversion
possibly_unnamespaced_registry_id,src/main/resources/assets/ancientwarfare/models/block/structure/totem_part_mid.json,verify every registry ID after DeferredRegister conversion
possibly_unnamespaced_registry_id,src/main/resources/assets/ancientwarfare/models/block/structure/totem_part_mid_alt.json,verify every registry ID after DeferredRegister conversion
possibly_unnamespaced_registry_id,src/main/resources/assets/ancientwarfare/models/block/structure/totem_part_top.json,verify every registry ID after DeferredRegister conversion
possibly_unnamespaced_registry_id,src/main/resources/assets/ancientwarfare/models/block/structure/totem_part_wings.json,verify every registry ID after DeferredRegister conversion
possibly_unnamespaced_registry_id,src/main/resources/assets/ancientwarfare/models/block/structure/tribal_chair.json,verify every registry ID after DeferredRegister conversion
possibly_unnamespaced_registry_id,src/main/resources/assets/ancientwarfare/models/block/structure/tribal_stool.json,verify every registry ID after DeferredRegister conversion
possibly_unnamespaced_registry_id,src/main/resources/assets/ancientwarfare/models/block/structure/urn.json,verify every registry ID after DeferredRegister conversion
possibly_unnamespaced_registry_id,src/main/resources/assets/ancientwarfare/models/block/structure/wooden_post_bottom.json,verify every registry ID after DeferredRegister conversion
possibly_unnamespaced_registry_id,src/main/resources/assets/ancientwarfare/models/block/structure/wooden_post_top.json,verify every registry ID after DeferredRegister conversion
possibly_unnamespaced_registry_id,src/main/resources/assets/ancientwarfare/models/block/structure/wooden_throne.json,verify every registry ID after DeferredRegister conversion
possibly_unnamespaced_registry_id,src/main/resources/assets/ancientwarfare/models/block/structure/xoltec_idol_body_left.json,verify every registry ID after DeferredRegister conversion
possibly_unnamespaced_registry_id,src/main/resources/assets/ancientwarfare/models/block/structure/xoltec_idol_body_right.json,verify every registry ID after DeferredRegister conversion
possibly_unnamespaced_registry_id,src/main/resources/assets/ancientwarfare/models/block/structure/xoltec_idol_head_left.json,verify every registry ID after DeferredRegister conversion
possibly_unnamespaced_registry_id,src/main/resources/assets/ancientwarfare/models/block/structure/xoltec_idol_head_right.json,verify every registry ID after DeferredRegister conversion
possibly_unnamespaced_registry_id,src/main/resources/assets/ancientwarfare/models/item/npc/death_scythe.json,verify every registry ID after DeferredRegister conversion
possibly_unnamespaced_registry_id,src/main/resources/assets/ancientwarfare/models/item/npc/ice_spear.json,verify every registry ID after DeferredRegister conversion
possibly_unnamespaced_registry_id,src/main/resources/assets/ancientwarfare/models/item/npc/obsidian_spear.json,verify every registry ID after DeferredRegister conversion
possibly_unnamespaced_registry_id,src/main/resources/assets/ancientwarfare/models/item/npc/scythe.json,verify every registry ID after DeferredRegister conversion
possibly_unnamespaced_registry_id,src/main/resources/assets/ancientwarfare/models/item/npc/shield_buffloka.json,verify every registry ID after DeferredRegister conversion
possibly_unnamespaced_registry_id,src/main/resources/assets/ancientwarfare/models/item/npc/shield_buffloka_blocking.json,verify every registry ID after DeferredRegister conversion
possibly_unnamespaced_registry_id,src/main/resources/assets/ancientwarfare/models/item/npc/shield_round_1.json,verify every registry ID after DeferredRegister conversion
possibly_unnamespaced_registry_id,src/main/resources/assets/ancientwarfare/models/item/npc/shield_round_blocking.json,verify every registry ID after DeferredRegister conversion
possibly_unnamespaced_registry_id,src/main/resources/assets/ancientwarfare/models/item/npc/shield_tribal_1.json,verify every registry ID after DeferredRegister conversion
possibly_unnamespaced_registry_id,src/main/resources/assets/ancientwarfare/models/item/npc/shield_tribal_blocking.json,verify every registry ID after DeferredRegister conversion
possibly_unnamespaced_registry_id,src/main/resources/assets/ancientwarfare/models/item/npc/wooden_cleaver.json,verify every registry ID after DeferredRegister conversion
possibly_unnamespaced_registry_id,src/main/resources/assets/ancientwarfare/models/item/npc/wooden_halberd.json,verify every registry ID after DeferredRegister conversion
possibly_unnamespaced_registry_id,src/main/resources/assets/ancientwarfare/models/item/npc/wooden_lance.json,verify every registry ID after DeferredRegister conversion
possibly_unnamespaced_registry_id,src/main/resources/assets/ancientwarfare/models/item/npc/wooden_shield.json,verify every registry ID after DeferredRegister conversion
possibly_unnamespaced_registry_id,src/main/resources/assets/ancientwarfare/models/item/npc/wooden_shield_blocking.json,verify every registry ID after DeferredRegister conversion
possibly_unnamespaced_registry_id,src/main/resources/assets/ancientwarfare/models/item/npc/wooden_spear.json,verify every registry ID after DeferredRegister conversion
possibly_unnamespaced_registry_id,src/main/resources/assets/ancientwarfare/models/item/structure/golden_throne.json,verify every registry ID after DeferredRegister conversion
possibly_unnamespaced_registry_id,src/main/resources/assets/ancientwarfare/recipes/_constants.json,verify every registry ID after DeferredRegister conversion; custom AW recipe assets require serializer/reload-listener decision; do not blindly move
recipe_under_assets,src/main/resources/assets/ancientwarfare/recipes/_constants.json,verify every registry ID after DeferredRegister conversion; custom AW recipe assets require serializer/reload-listener decision; do not blindly move
possibly_unnamespaced_registry_id,src/main/resources/assets/ancientwarfare/recipes/automation/iron_bearings.json,verify every registry ID after DeferredRegister conversion; custom AW recipe assets require serializer/reload-listener decision; do not blindly move
recipe_under_assets,src/main/resources/assets/ancientwarfare/recipes/automation/iron_bearings.json,verify every registry ID after DeferredRegister conversion; custom AW recipe assets require serializer/reload-listener decision; do not blindly move
possibly_unnamespaced_registry_id,src/main/resources/assets/ancientwarfare/recipes/automation/iron_gear.json,verify every registry ID after DeferredRegister conversion; custom AW recipe assets require serializer/reload-listener decision; do not blindly move
recipe_under_assets,src/main/resources/assets/ancientwarfare/recipes/automation/iron_gear.json,verify every registry ID after DeferredRegister conversion; custom AW recipe assets require serializer/reload-listener decision; do not blindly move
possibly_unnamespaced_registry_id,src/main/resources/assets/ancientwarfare/recipes/automation/iron_shaft.json,verify every registry ID after DeferredRegister conversion; custom AW recipe assets require serializer/reload-listener decision; do not blindly move
recipe_under_assets,src/main/resources/assets/ancientwarfare/recipes/automation/iron_shaft.json,verify every registry ID after DeferredRegister conversion; custom AW recipe assets require serializer/reload-listener decision; do not blindly move
possibly_unnamespaced_registry_id,src/main/resources/assets/ancientwarfare/recipes/automation/steel_bearings.json,verify every registry ID after DeferredRegister conversion; custom AW recipe assets require serializer/reload-listener decision; do not blindly move
recipe_under_assets,src/main/resources/assets/ancientwarfare/recipes/automation/steel_bearings.json,verify every registry ID after DeferredRegister conversion; custom AW recipe assets require serializer/reload-listener decision; do not blindly move
possibly_unnamespaced_registry_id,src/main/resources/assets/ancientwarfare/recipes/automation/steel_gear.json,verify every registry ID after DeferredRegister conversion; custom AW recipe assets require serializer/reload-listener decision; do not blindly move
recipe_under_assets,src/main/resources/assets/ancientwarfare/recipes/automation/steel_gear.json,verify every registry ID after DeferredRegister conversion; custom AW recipe assets require serializer/reload-listener decision; do not blindly move
possibly_unnamespaced_registry_id,src/main/resources/assets/ancientwarfare/recipes/automation/steel_shaft.json,verify every registry ID after DeferredRegister conversion; custom AW recipe assets require serializer/reload-listener decision; do not blindly move
recipe_under_assets,src/main/resources/assets/ancientwarfare/recipes/automation/steel_shaft.json,verify every registry ID after DeferredRegister conversion; custom AW recipe assets require serializer/reload-listener decision; do not blindly move
possibly_unnamespaced_registry_id,src/main/resources/assets/ancientwarfare/recipes/automation/wooden_bearings.json,verify every registry ID after DeferredRegister conversion; custom AW recipe assets require serializer/reload-listener decision; do not blindly move
recipe_under_assets,src/main/resources/assets/ancientwarfare/recipes/automation/wooden_bearings.json,verify every registry ID after DeferredRegister conversion; custom AW recipe assets require serializer/reload-listener decision; do not blindly move
possibly_unnamespaced_registry_id,src/main/resources/assets/ancientwarfare/recipes/automation/wooden_gear.json,verify every registry ID after DeferredRegister conversion; custom AW recipe assets require serializer/reload-listener decision; do not blindly move
recipe_under_assets,src/main/resources/assets/ancientwarfare/recipes/automation/wooden_gear.json,verify every registry ID after DeferredRegister conversion; custom AW recipe assets require serializer/reload-listener decision; do not blindly move
possibly_unnamespaced_registry_id,src/main/resources/assets/ancientwarfare/recipes/automation/wooden_shaft.json,verify every registry ID after DeferredRegister conversion; custom AW recipe assets require serializer/reload-listener decision; do not blindly move
recipe_under_assets,src/main/resources/assets/ancientwarfare/recipes/automation/wooden_shaft.json,verify every registry ID after DeferredRegister conversion; custom AW recipe assets require serializer/reload-listener decision; do not blindly move
possibly_unnamespaced_registry_id,src/main/resources/assets/ancientwarfare/recipes/core/engineering_station.json,verify every registry ID after DeferredRegister conversion; custom AW recipe assets require serializer/reload-listener decision; do not blindly move
recipe_under_assets,src/main/resources/assets/ancientwarfare/recipes/core/engineering_station.json,verify every registry ID after DeferredRegister conversion; custom AW recipe assets require serializer/reload-listener decision; do not blindly move
recipe_under_assets,src/main/resources/assets/ancientwarfare/recipes/core/manual.json,custom AW recipe assets require serializer/reload-listener decision; do not blindly move
possibly_unnamespaced_registry_id,src/main/resources/assets/ancientwarfare/recipes/core/research_book.json,verify every registry ID after DeferredRegister conversion; custom AW recipe assets require serializer/reload-listener decision; do not blindly move
recipe_under_assets,src/main/resources/assets/ancientwarfare/recipes/core/research_book.json,verify every registry ID after DeferredRegister conversion; custom AW recipe assets require serializer/reload-listener decision; do not blindly move
possibly_unnamespaced_registry_id,src/main/resources/assets/ancientwarfare/recipes/core/research_station.json,verify every registry ID after DeferredRegister conversion; custom AW recipe assets require serializer/reload-listener decision; do not blindly move
recipe_under_assets,src/main/resources/assets/ancientwarfare/recipes/core/research_station.json,verify every registry ID after DeferredRegister conversion; custom AW recipe assets require serializer/reload-listener decision; do not blindly move
possibly_unnamespaced_registry_id,src/main/resources/assets/ancientwarfare/recipes/npc/diamond_halberd.json,verify every registry ID after DeferredRegister conversion; custom AW recipe assets require serializer/reload-listener decision; do not blindly move
recipe_under_assets,src/main/resources/assets/ancientwarfare/recipes/npc/diamond_halberd.json,verify every registry ID after DeferredRegister conversion; custom AW recipe assets require serializer/reload-listener decision; do not blindly move
possibly_unnamespaced_registry_id,src/main/resources/assets/ancientwarfare/recipes/npc/diamond_lance.json,verify every registry ID after DeferredRegister conversion; custom AW recipe assets require serializer/reload-listener decision; do not blindly move
recipe_under_assets,src/main/resources/assets/ancientwarfare/recipes/npc/diamond_lance.json,verify every registry ID after DeferredRegister conversion; custom AW recipe assets require serializer/reload-listener decision; do not blindly move
possibly_unnamespaced_registry_id,src/main/resources/assets/ancientwarfare/recipes/npc/diamond_spear.json,verify every registry ID after DeferredRegister conversion; custom AW recipe assets require serializer/reload-listener decision; do not blindly move
recipe_under_assets,src/main/resources/assets/ancientwarfare/recipes/npc/diamond_spear.json,verify every registry ID after DeferredRegister conversion; custom AW recipe assets require serializer/reload-listener decision; do not blindly move
possibly_unnamespaced_registry_id,src/main/resources/assets/ancientwarfare/recipes/npc/golden_halberd.json,verify every registry ID after DeferredRegister conversion; custom AW recipe assets require serializer/reload-listener decision; do not blindly move
recipe_under_assets,src/main/resources/assets/ancientwarfare/recipes/npc/golden_halberd.json,verify every registry ID after DeferredRegister conversion; custom AW recipe assets require serializer/reload-listener decision; do not blindly move
possibly_unnamespaced_registry_id,src/main/resources/assets/ancientwarfare/recipes/npc/golden_lance.json,verify every registry ID after DeferredRegister conversion; custom AW recipe assets require serializer/reload-listener decision; do not blindly move
recipe_under_assets,src/main/resources/assets/ancientwarfare/recipes/npc/golden_lance.json,verify every registry ID after DeferredRegister conversion; custom AW recipe assets require serializer/reload-listener decision; do not blindly move
possibly_unnamespaced_registry_id,src/main/resources/assets/ancientwarfare/recipes/npc/golden_spear.json,verify every registry ID after DeferredRegister conversion; custom AW recipe assets require serializer/reload-listener decision; do not blindly move
recipe_under_assets,src/main/resources/assets/ancientwarfare/recipes/npc/golden_spear.json,verify every registry ID after DeferredRegister conversion; custom AW recipe assets require serializer/reload-listener decision; do not blindly move
possibly_unnamespaced_registry_id,src/main/resources/assets/ancientwarfare/recipes/npc/iron_halberd.json,verify every registry ID after DeferredRegister conversion; custom AW recipe assets require serializer/reload-listener decision; do not blindly move
recipe_under_assets,src/main/resources/assets/ancientwarfare/recipes/npc/iron_halberd.json,verify every registry ID after DeferredRegister conversion; custom AW recipe assets require serializer/reload-listener decision; do not blindly move
possibly_unnamespaced_registry_id,src/main/resources/assets/ancientwarfare/recipes/npc/iron_lance.json,verify every registry ID after DeferredRegister conversion; custom AW recipe assets require serializer/reload-listener decision; do not blindly move
recipe_under_assets,src/main/resources/assets/ancientwarfare/recipes/npc/iron_lance.json,verify every registry ID after DeferredRegister conversion; custom AW recipe assets require serializer/reload-listener decision; do not blindly move
possibly_unnamespaced_registry_id,src/main/resources/assets/ancientwarfare/recipes/npc/iron_spear.json,verify every registry ID after DeferredRegister conversion; custom AW recipe assets require serializer/reload-listener decision; do not blindly move
recipe_under_assets,src/main/resources/assets/ancientwarfare/recipes/npc/iron_spear.json,verify every registry ID after DeferredRegister conversion; custom AW recipe assets require serializer/reload-listener decision; do not blindly move
possibly_unnamespaced_registry_id,src/main/resources/assets/ancientwarfare/recipes/npc/stone_halberd.json,verify every registry ID after DeferredRegister conversion; custom AW recipe assets require serializer/reload-listener decision; do not blindly move
recipe_under_assets,src/main/resources/assets/ancientwarfare/recipes/npc/stone_halberd.json,verify every registry ID after DeferredRegister conversion; custom AW recipe assets require serializer/reload-listener decision; do not blindly move
possibly_unnamespaced_registry_id,src/main/resources/assets/ancientwarfare/recipes/npc/stone_lance.json,verify every registry ID after DeferredRegister conversion; custom AW recipe assets require serializer/reload-listener decision; do not blindly move
recipe_under_assets,src/main/resources/assets/ancientwarfare/recipes/npc/stone_lance.json,verify every registry ID after DeferredRegister conversion; custom AW recipe assets require serializer/reload-listener decision; do not blindly move
possibly_unnamespaced_registry_id,src/main/resources/assets/ancientwarfare/recipes/npc/stone_spear.json,verify every registry ID after DeferredRegister conversion; custom AW recipe assets require serializer/reload-listener decision; do not blindly move
recipe_under_assets,src/main/resources/assets/ancientwarfare/recipes/npc/stone_spear.json,verify every registry ID after DeferredRegister conversion; custom AW recipe assets require serializer/reload-listener decision; do not blindly move
possibly_unnamespaced_registry_id,src/main/resources/assets/ancientwarfare/recipes/npc/wooden_halberd.json,verify every registry ID after DeferredRegister conversion; custom AW recipe assets require serializer/reload-listener decision; do not blindly move
recipe_under_assets,src/main/resources/assets/ancientwarfare/recipes/npc/wooden_halberd.json,verify every registry ID after DeferredRegister conversion; custom AW recipe assets require serializer/reload-listener decision; do not blindly move
possibly_unnamespaced_registry_id,src/main/resources/assets/ancientwarfare/recipes/npc/wooden_lance.json,verify every registry ID after DeferredRegister conversion; custom AW recipe assets require serializer/reload-listener decision; do not blindly move
recipe_under_assets,src/main/resources/assets/ancientwarfare/recipes/npc/wooden_lance.json,verify every registry ID after DeferredRegister conversion; custom AW recipe assets require serializer/reload-listener decision; do not blindly move
possibly_unnamespaced_registry_id,src/main/resources/assets/ancientwarfare/recipes/npc/wooden_spear.json,verify every registry ID after DeferredRegister conversion; custom AW recipe assets require serializer/reload-listener decision; do not blindly move
recipe_under_assets,src/main/resources/assets/ancientwarfare/recipes/npc/wooden_spear.json,verify every registry ID after DeferredRegister conversion; custom AW recipe assets require serializer/reload-listener decision; do not blindly move
recipe_under_assets,src/main/resources/assets/ancientwarfare/recipes/structure/coin_stack_ancient.json,custom AW recipe assets require serializer/reload-listener decision; do not blindly move
recipe_under_assets,src/main/resources/assets/ancientwarfare/recipes/structure/coin_stack_copper.json,custom AW recipe assets require serializer/reload-listener decision; do not blindly move
recipe_under_assets,src/main/resources/assets/ancientwarfare/recipes/structure/coin_stack_gold.json,custom AW recipe assets require serializer/reload-listener decision; do not blindly move
recipe_under_assets,src/main/resources/assets/ancientwarfare/recipes/structure/coin_stack_silver.json,custom AW recipe assets require serializer/reload-listener decision; do not blindly move
possibly_unnamespaced_registry_id,src/main/resources/assets/ancientwarfare/recipes/structure/fire_pit_default.json,verify every registry ID after DeferredRegister conversion; custom AW recipe assets require serializer/reload-listener decision; do not blindly move
recipe_under_assets,src/main/resources/assets/ancientwarfare/recipes/structure/fire_pit_default.json,verify every registry ID after DeferredRegister conversion; custom AW recipe assets require serializer/reload-listener decision; do not blindly move
possibly_unnamespaced_registry_id,src/main/resources/assets/ancientwarfare/recipes/structure/fire_pit_log.json,verify every registry ID after DeferredRegister conversion; custom AW recipe assets require serializer/reload-listener decision; do not blindly move
recipe_under_assets,src/main/resources/assets/ancientwarfare/recipes/structure/fire_pit_log.json,verify every registry ID after DeferredRegister conversion; custom AW recipe assets require serializer/reload-listener decision; do not blindly move
possibly_unnamespaced_registry_id,src/main/resources/assets/ancientwarfare/recipes/structure/fire_pit_square.json,verify every registry ID after DeferredRegister conversion; custom AW recipe assets require serializer/reload-listener decision; do not blindly move
recipe_under_assets,src/main/resources/assets/ancientwarfare/recipes/structure/fire_pit_square.json,verify every registry ID after DeferredRegister conversion; custom AW recipe assets require serializer/reload-listener decision; do not blindly move
possibly_unnamespaced_registry_id,src/main/resources/assets/ancientwarfare/recipes/structure/totem_part_base.json,verify every registry ID after DeferredRegister conversion; custom AW recipe assets require serializer/reload-listener decision; do not blindly move
recipe_under_assets,src/main/resources/assets/ancientwarfare/recipes/structure/totem_part_base.json,verify every registry ID after DeferredRegister conversion; custom AW recipe assets require serializer/reload-listener decision; do not blindly move
possibly_unnamespaced_registry_id,src/main/resources/assets/ancientwarfare/recipes/structure/totem_part_mid.json,verify every registry ID after DeferredRegister conversion; custom AW recipe assets require serializer/reload-listener decision; do not blindly move
recipe_under_assets,src/main/resources/assets/ancientwarfare/recipes/structure/totem_part_mid.json,verify every registry ID after DeferredRegister conversion; custom AW recipe assets require serializer/reload-listener decision; do not blindly move
possibly_unnamespaced_registry_id,src/main/resources/assets/ancientwarfare/recipes/structure/totem_part_mid_alt.json,verify every registry ID after DeferredRegister conversion; custom AW recipe assets require serializer/reload-listener decision; do not blindly move
recipe_under_assets,src/main/resources/assets/ancientwarfare/recipes/structure/totem_part_mid_alt.json,verify every registry ID after DeferredRegister conversion; custom AW recipe assets require serializer/reload-listener decision; do not blindly move
possibly_unnamespaced_registry_id,src/main/resources/assets/ancientwarfare/recipes/structure/totem_part_top.json,verify every registry ID after DeferredRegister conversion; custom AW recipe assets require serializer/reload-listener decision; do not blindly move
recipe_under_assets,src/main/resources/assets/ancientwarfare/recipes/structure/totem_part_top.json,verify every registry ID after DeferredRegister conversion; custom AW recipe assets require serializer/reload-listener decision; do not blindly move
possibly_unnamespaced_registry_id,src/main/resources/assets/ancientwarfare/registry/manual/zh_cn/structures.json,verify every registry ID after DeferredRegister conversion
possibly_unnamespaced_registry_id,src/main/resources/assets/ancientwarfare/registry/npc/faction_trade_lists.json,verify every registry ID after DeferredRegister conversion
possibly_unnamespaced_registry_id,src/main/resources/assets/ancientwarfare/registry/npc/factions.json,verify every registry ID after DeferredRegister conversion
possibly_unnamespaced_registry_id,src/main/resources/assets/ancientwarfare/registry/research/advanced_siege_warfare.json,verify every registry ID after DeferredRegister conversion
possibly_unnamespaced_registry_id,src/main/resources/assets/ancientwarfare/registry/research/agriculture.json,verify every registry ID after DeferredRegister conversion
possibly_unnamespaced_registry_id,src/main/resources/assets/ancientwarfare/registry/research/animal_husbandry.json,verify every registry ID after DeferredRegister conversion
possibly_unnamespaced_registry_id,src/main/resources/assets/ancientwarfare/registry/research/ballistics.json,verify every registry ID after DeferredRegister conversion
possibly_unnamespaced_registry_id,src/main/resources/assets/ancientwarfare/registry/research/chemistry.json,verify every registry ID after DeferredRegister conversion
possibly_unnamespaced_registry_id,src/main/resources/assets/ancientwarfare/registry/research/combustion.json,verify every registry ID after DeferredRegister conversion
possibly_unnamespaced_registry_id,src/main/resources/assets/ancientwarfare/registry/research/command.json,verify every registry ID after DeferredRegister conversion
possibly_unnamespaced_registry_id,src/main/resources/assets/ancientwarfare/registry/research/conscription.json,verify every registry ID after DeferredRegister conversion
possibly_unnamespaced_registry_id,src/main/resources/assets/ancientwarfare/registry/research/construction.json,verify every registry ID after DeferredRegister conversion
possibly_unnamespaced_registry_id,src/main/resources/assets/ancientwarfare/registry/research/engineering.json,verify every registry ID after DeferredRegister conversion
possibly_unnamespaced_registry_id,src/main/resources/assets/ancientwarfare/registry/research/explosives.json,verify every registry ID after DeferredRegister conversion
possibly_unnamespaced_registry_id,src/main/resources/assets/ancientwarfare/registry/research/farming.json,verify every registry ID after DeferredRegister conversion
possibly_unnamespaced_registry_id,src/main/resources/assets/ancientwarfare/registry/research/fishing.json,verify every registry ID after DeferredRegister conversion
possibly_unnamespaced_registry_id,src/main/resources/assets/ancientwarfare/registry/research/gunpowder.json,verify every registry ID after DeferredRegister conversion
possibly_unnamespaced_registry_id,src/main/resources/assets/ancientwarfare/registry/research/invention.json,verify every registry ID after DeferredRegister conversion
possibly_unnamespaced_registry_id,src/main/resources/assets/ancientwarfare/registry/research/leadership.json,verify every registry ID after DeferredRegister conversion
possibly_unnamespaced_registry_id,src/main/resources/assets/ancientwarfare/registry/research/machinery.json,verify every registry ID after DeferredRegister conversion
possibly_unnamespaced_registry_id,src/main/resources/assets/ancientwarfare/registry/research/mass_production.json,verify every registry ID after DeferredRegister conversion
possibly_unnamespaced_registry_id,src/main/resources/assets/ancientwarfare/registry/research/mathematics.json,verify every registry ID after DeferredRegister conversion
possibly_unnamespaced_registry_id,src/main/resources/assets/ancientwarfare/registry/research/mining.json,verify every registry ID after DeferredRegister conversion
possibly_unnamespaced_registry_id,src/main/resources/assets/ancientwarfare/registry/research/naval_warfare.json,verify every registry ID after DeferredRegister conversion
possibly_unnamespaced_registry_id,src/main/resources/assets/ancientwarfare/registry/research/navigation.json,verify every registry ID after DeferredRegister conversion
possibly_unnamespaced_registry_id,src/main/resources/assets/ancientwarfare/registry/research/refining.json,verify every registry ID after DeferredRegister conversion
possibly_unnamespaced_registry_id,src/main/resources/assets/ancientwarfare/registry/research/rocketry.json,verify every registry ID after DeferredRegister conversion
possibly_unnamespaced_registry_id,src/main/resources/assets/ancientwarfare/registry/research/seafaring.json,verify every registry ID after DeferredRegister conversion
possibly_unnamespaced_registry_id,src/main/resources/assets/ancientwarfare/registry/research/siege_warfare.json,verify every registry ID after DeferredRegister conversion
possibly_unnamespaced_registry_id,src/main/resources/assets/ancientwarfare/registry/research/tactics.json,verify every registry ID after DeferredRegister conversion
possibly_unnamespaced_registry_id,src/main/resources/assets/ancientwarfare/registry/research/the_wheel.json,verify every registry ID after DeferredRegister conversion
possibly_unnamespaced_registry_id,src/main/resources/assets/ancientwarfare/registry/research/theory_of_gravity.json,verify every registry ID after DeferredRegister conversion
possibly_unnamespaced_registry_id,src/main/resources/assets/ancientwarfare/registry/research/trade.json,verify every registry ID after DeferredRegister conversion
possibly_unnamespaced_registry_id,src/main/resources/assets/ancientwarfare/research_recipes/_constants.json,verify every registry ID after DeferredRegister conversion
possibly_unnamespaced_registry_id,src/main/resources/assets/ancientwarfare/research_recipes/automation/chunk_loader_deluxe.json,verify every registry ID after DeferredRegister conversion
possibly_unnamespaced_registry_id,src/main/resources/assets/ancientwarfare/research_recipes/automation/chunk_loader_simple.json,verify every registry ID after DeferredRegister conversion
possibly_unnamespaced_registry_id,src/main/resources/assets/ancientwarfare/research_recipes/automation/mailbox.json,verify every registry ID after DeferredRegister conversion
possibly_unnamespaced_registry_id,src/main/resources/assets/ancientwarfare/research_recipes/automation/torque/flywheel_controller_heavy.json,verify every registry ID after DeferredRegister conversion
possibly_unnamespaced_registry_id,src/main/resources/assets/ancientwarfare/research_recipes/automation/torque/flywheel_controller_light.json,verify every registry ID after DeferredRegister conversion
possibly_unnamespaced_registry_id,src/main/resources/assets/ancientwarfare/research_recipes/automation/torque/flywheel_controller_medium.json,verify every registry ID after DeferredRegister conversion
possibly_unnamespaced_registry_id,src/main/resources/assets/ancientwarfare/research_recipes/automation/torque/flywheel_storage_heavy.json,verify every registry ID after DeferredRegister conversion
possibly_unnamespaced_registry_id,src/main/resources/assets/ancientwarfare/research_recipes/automation/torque/flywheel_storage_light.json,verify every registry ID after DeferredRegister conversion
possibly_unnamespaced_registry_id,src/main/resources/assets/ancientwarfare/research_recipes/automation/torque/flywheel_storage_medium.json,verify every registry ID after DeferredRegister conversion
possibly_unnamespaced_registry_id,src/main/resources/assets/ancientwarfare/research_recipes/automation/torque/hand_cranked_generator.json,verify every registry ID after DeferredRegister conversion
possibly_unnamespaced_registry_id,src/main/resources/assets/ancientwarfare/research_recipes/automation/torque/stirling_generator.json,verify every registry ID after DeferredRegister conversion
possibly_unnamespaced_registry_id,src/main/resources/assets/ancientwarfare/research_recipes/automation/torque/torque_distributor_heavy.json,verify every registry ID after DeferredRegister conversion
possibly_unnamespaced_registry_id,src/main/resources/assets/ancientwarfare/research_recipes/automation/torque/torque_distributor_light.json,verify every registry ID after DeferredRegister conversion
possibly_unnamespaced_registry_id,src/main/resources/assets/ancientwarfare/research_recipes/automation/torque/torque_distributor_medium.json,verify every registry ID after DeferredRegister conversion
possibly_unnamespaced_registry_id,src/main/resources/assets/ancientwarfare/research_recipes/automation/torque/torque_junction_heavy.json,verify every registry ID after DeferredRegister conversion
possibly_unnamespaced_registry_id,src/main/resources/assets/ancientwarfare/research_recipes/automation/torque/torque_junction_light.json,verify every registry ID after DeferredRegister conversion
possibly_unnamespaced_registry_id,src/main/resources/assets/ancientwarfare/research_recipes/automation/torque/torque_junction_medium.json,verify every registry ID after DeferredRegister conversion
possibly_unnamespaced_registry_id,src/main/resources/assets/ancientwarfare/research_recipes/automation/torque/torque_shaft_heavy.json,verify every registry ID after DeferredRegister conversion
possibly_unnamespaced_registry_id,src/main/resources/assets/ancientwarfare/research_recipes/automation/torque/torque_shaft_light.json,verify every registry ID after DeferredRegister conversion
possibly_unnamespaced_registry_id,src/main/resources/assets/ancientwarfare/research_recipes/automation/torque/torque_shaft_medium.json,verify every registry ID after DeferredRegister conversion
possibly_unnamespaced_registry_id,src/main/resources/assets/ancientwarfare/research_recipes/automation/torque/waterwheel_generator.json,verify every registry ID after DeferredRegister conversion
possibly_unnamespaced_registry_id,src/main/resources/assets/ancientwarfare/research_recipes/automation/torque/windmill_blade.json,verify every registry ID after DeferredRegister conversion
possibly_unnamespaced_registry_id,src/main/resources/assets/ancientwarfare/research_recipes/automation/torque/windmill_generator.json,verify every registry ID after DeferredRegister conversion
possibly_unnamespaced_registry_id,src/main/resources/assets/ancientwarfare/research_recipes/automation/warehouse_control.json,verify every registry ID after DeferredRegister conversion
possibly_unnamespaced_registry_id,src/main/resources/assets/ancientwarfare/research_recipes/automation/warehouse_crafting.json,verify every registry ID after DeferredRegister conversion
possibly_unnamespaced_registry_id,src/main/resources/assets/ancientwarfare/research_recipes/automation/warehouse_interface.json,verify every registry ID after DeferredRegister conversion
possibly_unnamespaced_registry_id,src/main/resources/assets/ancientwarfare/research_recipes/automation/warehouse_stock_linker.json,verify every registry ID after DeferredRegister conversion
possibly_unnamespaced_registry_id,src/main/resources/assets/ancientwarfare/research_recipes/automation/warehouse_stock_viewer.json,verify every registry ID after DeferredRegister conversion
possibly_unnamespaced_registry_id,src/main/resources/assets/ancientwarfare/research_recipes/automation/warehouse_storage_large.json,verify every registry ID after DeferredRegister conversion
possibly_unnamespaced_registry_id,src/main/resources/assets/ancientwarfare/research_recipes/automation/warehouse_storage_medium.json,verify every registry ID after DeferredRegister conversion
possibly_unnamespaced_registry_id,src/main/resources/assets/ancientwarfare/research_recipes/automation/warehouse_storage_small.json,verify every registry ID after DeferredRegister conversion
possibly_unnamespaced_registry_id,src/main/resources/assets/ancientwarfare/research_recipes/automation/worksite/animal_farm.json,verify every registry ID after DeferredRegister conversion
possibly_unnamespaced_registry_id,src/main/resources/assets/ancientwarfare/research_recipes/automation/worksite/auto_crafting.json,verify every registry ID after DeferredRegister conversion
possibly_unnamespaced_registry_id,src/main/resources/assets/ancientwarfare/research_recipes/automation/worksite/crop_farm.json,verify every registry ID after DeferredRegister conversion
possibly_unnamespaced_registry_id,src/main/resources/assets/ancientwarfare/research_recipes/automation/worksite/fish_farm.json,verify every registry ID after DeferredRegister conversion
possibly_unnamespaced_registry_id,src/main/resources/assets/ancientwarfare/research_recipes/automation/worksite/fruit_farm.json,verify every registry ID after DeferredRegister conversion
possibly_unnamespaced_registry_id,src/main/resources/assets/ancientwarfare/research_recipes/automation/worksite/quarry.json,verify every registry ID after DeferredRegister conversion
possibly_unnamespaced_registry_id,src/main/resources/assets/ancientwarfare/research_recipes/automation/worksite/tree_farm.json,verify every registry ID after DeferredRegister conversion
possibly_unnamespaced_registry_id,src/main/resources/assets/ancientwarfare/research_recipes/automation/worksite/upgrade/basic_chunk_loader.json,verify every registry ID after DeferredRegister conversion
possibly_unnamespaced_registry_id,src/main/resources/assets/ancientwarfare/research_recipes/automation/worksite/upgrade/enchanted_tools_1.json,verify every registry ID after DeferredRegister conversion
possibly_unnamespaced_registry_id,src/main/resources/assets/ancientwarfare/research_recipes/automation/worksite/upgrade/enchanted_tools_2.json,verify every registry ID after DeferredRegister conversion
possibly_unnamespaced_registry_id,src/main/resources/assets/ancientwarfare/research_recipes/automation/worksite/upgrade/quarry_chunk_loader.json,verify every registry ID after DeferredRegister conversion
possibly_unnamespaced_registry_id,src/main/resources/assets/ancientwarfare/research_recipes/automation/worksite/upgrade/quarry_large.json,verify every registry ID after DeferredRegister conversion
possibly_unnamespaced_registry_id,src/main/resources/assets/ancientwarfare/research_recipes/automation/worksite/upgrade/quarry_medium.json,verify every registry ID after DeferredRegister conversion
possibly_unnamespaced_registry_id,src/main/resources/assets/ancientwarfare/research_recipes/automation/worksite/upgrade/size_large.json,verify every registry ID after DeferredRegister conversion
possibly_unnamespaced_registry_id,src/main/resources/assets/ancientwarfare/research_recipes/automation/worksite/upgrade/size_medium.json,verify every registry ID after DeferredRegister conversion
possibly_unnamespaced_registry_id,src/main/resources/assets/ancientwarfare/research_recipes/automation/worksite/upgrade/tool_quality_3.json,verify every registry ID after DeferredRegister conversion
possibly_unnamespaced_registry_id,src/main/resources/assets/ancientwarfare/research_recipes/core/backpack_0.json,verify every registry ID after DeferredRegister conversion
possibly_unnamespaced_registry_id,src/main/resources/assets/ancientwarfare/research_recipes/core/backpack_1.json,verify every registry ID after DeferredRegister conversion
possibly_unnamespaced_registry_id,src/main/resources/assets/ancientwarfare/research_recipes/core/backpack_2.json,verify every registry ID after DeferredRegister conversion
possibly_unnamespaced_registry_id,src/main/resources/assets/ancientwarfare/research_recipes/core/backpack_3.json,verify every registry ID after DeferredRegister conversion
possibly_unnamespaced_registry_id,src/main/resources/assets/ancientwarfare/research_recipes/core/diamond_hammer.json,verify every registry ID after DeferredRegister conversion
possibly_unnamespaced_registry_id,src/main/resources/assets/ancientwarfare/research_recipes/core/diamond_quill.json,verify every registry ID after DeferredRegister conversion
possibly_unnamespaced_registry_id,src/main/resources/assets/ancientwarfare/research_recipes/core/gold_hammer.json,verify every registry ID after DeferredRegister conversion
possibly_unnamespaced_registry_id,src/main/resources/assets/ancientwarfare/research_recipes/core/gold_quill.json,verify every registry ID after DeferredRegister conversion
possibly_unnamespaced_registry_id,src/main/resources/assets/ancientwarfare/research_recipes/core/iron_hammer.json,verify every registry ID after DeferredRegister conversion
possibly_unnamespaced_registry_id,src/main/resources/assets/ancientwarfare/research_recipes/core/iron_quill.json,verify every registry ID after DeferredRegister conversion
possibly_unnamespaced_registry_id,src/main/resources/assets/ancientwarfare/research_recipes/core/steel_ingot.json,verify every registry ID after DeferredRegister conversion
possibly_unnamespaced_registry_id,src/main/resources/assets/ancientwarfare/research_recipes/core/stone_hammer.json,verify every registry ID after DeferredRegister conversion
possibly_unnamespaced_registry_id,src/main/resources/assets/ancientwarfare/research_recipes/core/stone_quill.json,verify every registry ID after DeferredRegister conversion
possibly_unnamespaced_registry_id,src/main/resources/assets/ancientwarfare/research_recipes/core/wooden_hammer.json,verify every registry ID after DeferredRegister conversion
possibly_unnamespaced_registry_id,src/main/resources/assets/ancientwarfare/research_recipes/core/wooden_quill.json,verify every registry ID after DeferredRegister conversion
possibly_unnamespaced_registry_id,src/main/resources/assets/ancientwarfare/research_recipes/npc/bard_instrument_drum.json,verify every registry ID after DeferredRegister conversion
possibly_unnamespaced_registry_id,src/main/resources/assets/ancientwarfare/research_recipes/npc/bard_instrument_flute.json,verify every registry ID after DeferredRegister conversion
possibly_unnamespaced_registry_id,src/main/resources/assets/ancientwarfare/research_recipes/npc/bard_instrument_harp.json,verify every registry ID after DeferredRegister conversion
possibly_unnamespaced_registry_id,src/main/resources/assets/ancientwarfare/research_recipes/npc/bard_instrument_lute.json,verify every registry ID after DeferredRegister conversion
possibly_unnamespaced_registry_id,src/main/resources/assets/ancientwarfare/research_recipes/npc/combat_order.json,verify every registry ID after DeferredRegister conversion
possibly_unnamespaced_registry_id,src/main/resources/assets/ancientwarfare/research_recipes/npc/diamond_command_baton.json,verify every registry ID after DeferredRegister conversion
possibly_unnamespaced_registry_id,src/main/resources/assets/ancientwarfare/research_recipes/npc/gold_command_baton.json,verify every registry ID after DeferredRegister conversion
possibly_unnamespaced_registry_id,src/main/resources/assets/ancientwarfare/research_recipes/npc/iron_command_baton.json,verify every registry ID after DeferredRegister conversion
possibly_unnamespaced_registry_id,src/main/resources/assets/ancientwarfare/research_recipes/npc/routing_order.json,verify every registry ID after DeferredRegister conversion
possibly_unnamespaced_registry_id,src/main/resources/assets/ancientwarfare/research_recipes/npc/spawner_bard.json,verify every registry ID after DeferredRegister conversion
possibly_unnamespaced_registry_id,src/main/resources/assets/ancientwarfare/research_recipes/npc/spawner_combat.json,verify every registry ID after DeferredRegister conversion
possibly_unnamespaced_registry_id,src/main/resources/assets/ancientwarfare/research_recipes/npc/spawner_courier.json,verify every registry ID after DeferredRegister conversion
possibly_unnamespaced_registry_id,src/main/resources/assets/ancientwarfare/research_recipes/npc/spawner_priest.json,verify every registry ID after DeferredRegister conversion
possibly_unnamespaced_registry_id,src/main/resources/assets/ancientwarfare/research_recipes/npc/spawner_siege_engineer.json,verify every registry ID after DeferredRegister conversion
possibly_unnamespaced_registry_id,src/main/resources/assets/ancientwarfare/research_recipes/npc/spawner_trader.json,verify every registry ID after DeferredRegister conversion
possibly_unnamespaced_registry_id,src/main/resources/assets/ancientwarfare/research_recipes/npc/spawner_worker.json,verify every registry ID after DeferredRegister conversion
possibly_unnamespaced_registry_id,src/main/resources/assets/ancientwarfare/research_recipes/npc/stone_command_baton.json,verify every registry ID after DeferredRegister conversion
possibly_unnamespaced_registry_id,src/main/resources/assets/ancientwarfare/research_recipes/npc/town_hall.json,verify every registry ID after DeferredRegister conversion
possibly_unnamespaced_registry_id,src/main/resources/assets/ancientwarfare/research_recipes/npc/trade_order.json,verify every registry ID after DeferredRegister conversion
possibly_unnamespaced_registry_id,src/main/resources/assets/ancientwarfare/research_recipes/npc/upkeep_order.json,verify every registry ID after DeferredRegister conversion
possibly_unnamespaced_registry_id,src/main/resources/assets/ancientwarfare/research_recipes/npc/wooden_command_baton.json,verify every registry ID after DeferredRegister conversion
possibly_unnamespaced_registry_id,src/main/resources/assets/ancientwarfare/research_recipes/npc/work_order.json,verify every registry ID after DeferredRegister conversion
possibly_unnamespaced_registry_id,src/main/resources/assets/ancientwarfare/research_recipes/structure/drafting_station.json,verify every registry ID after DeferredRegister conversion
possibly_unnamespaced_registry_id,src/main/resources/assets/ancientwarfare/research_recipes/structure/gate_double_iron.json,verify every registry ID after DeferredRegister conversion
possibly_unnamespaced_registry_id,src/main/resources/assets/ancientwarfare/research_recipes/structure/gate_double_wood.json,verify every registry ID after DeferredRegister conversion
possibly_unnamespaced_registry_id,src/main/resources/assets/ancientwarfare/research_recipes/structure/gate_drawbridge.json,verify every registry ID after DeferredRegister conversion
possibly_unnamespaced_registry_id,src/main/resources/assets/ancientwarfare/research_recipes/structure/gate_single_iron.json,verify every registry ID after DeferredRegister conversion
possibly_unnamespaced_registry_id,src/main/resources/assets/ancientwarfare/research_recipes/structure/gate_single_wood.json,verify every registry ID after DeferredRegister conversion
possibly_unnamespaced_registry_id,src/main/resources/assets/ancientwarfare/research_recipes/structure/gate_vertical_iron.json,verify every registry ID after DeferredRegister conversion
possibly_unnamespaced_registry_id,src/main/resources/assets/ancientwarfare/research_recipes/structure/gate_vertical_wooden.json,verify every registry ID after DeferredRegister conversion
legacy_mcmod_info,src/main/resources/mcmod.info,replaced by META-INF/mods.toml
