file,line,import
src/main/java/net/shadowmage/ancientwarfare/automation/AWAutomationTab.java,4,net.minecraft.world.item.ItemStack
src/main/java/net/shadowmage/ancientwarfare/automation/AncientWarfareAutomation.java,11,net.minecraftforge.fml.common.event.FMLInitializationEvent
src/main/java/net/shadowmage/ancientwarfare/automation/AncientWarfareAutomation.java,12,net.minecraftforge.fml.common.event.FMLPreInitializationEvent
src/main/java/net/shadowmage/ancientwarfare/automation/AncientWarfareAutomation.java,13,net.minecraftforge.fml.common.event.FMLServerStartingEvent
src/main/java/net/shadowmage/ancientwarfare/automation/block/BlockAutoCrafting.java,3,net.minecraft.block.state.BlockStateContainer
src/main/java/net/shadowmage/ancientwarfare/automation/block/BlockAutoCrafting.java,4,net.minecraft.world.level.block.state.BlockState
src/main/java/net/shadowmage/ancientwarfare/automation/block/BlockAutoCrafting.java,5,net.minecraft.world.entity.player.Player
src/main/java/net/shadowmage/ancientwarfare/automation/block/BlockAutoCrafting.java,6,net.minecraft.world.level.block.entity.BlockEntity
src/main/java/net/shadowmage/ancientwarfare/automation/block/BlockAutoCrafting.java,8,net.minecraft.world.InteractionHand
src/main/java/net/shadowmage/ancientwarfare/automation/block/BlockAutoCrafting.java,10,net.minecraft.world.level.BlockGetter
src/main/java/net/shadowmage/ancientwarfare/automation/block/BlockAutoCrafting.java,11,net.minecraft.world.level.Level
src/main/java/net/shadowmage/ancientwarfare/automation/block/BlockBaseAutomation.java,3,net.minecraft.block.material.Material
src/main/java/net/shadowmage/ancientwarfare/automation/block/BlockBaseAutomation.java,4,net.minecraft.world.level.block.state.BlockState
src/main/java/net/shadowmage/ancientwarfare/automation/block/BlockChunkLoaderDeluxe.java,3,net.minecraft.world.level.block.state.BlockState
src/main/java/net/shadowmage/ancientwarfare/automation/block/BlockChunkLoaderDeluxe.java,4,net.minecraft.world.level.block.entity.BlockEntity
src/main/java/net/shadowmage/ancientwarfare/automation/block/BlockChunkLoaderDeluxe.java,5,net.minecraft.world.level.Level
src/main/java/net/shadowmage/ancientwarfare/automation/block/BlockChunkLoaderSimple.java,3,net.minecraft.block.material.Material
src/main/java/net/shadowmage/ancientwarfare/automation/block/BlockChunkLoaderSimple.java,4,net.minecraft.world.level.block.state.BlockState
src/main/java/net/shadowmage/ancientwarfare/automation/block/BlockChunkLoaderSimple.java,5,net.minecraft.world.entity.LivingEntity
src/main/java/net/shadowmage/ancientwarfare/automation/block/BlockChunkLoaderSimple.java,6,net.minecraft.world.entity.player.Player
src/main/java/net/shadowmage/ancientwarfare/automation/block/BlockChunkLoaderSimple.java,7,net.minecraft.world.item.ItemStack
src/main/java/net/shadowmage/ancientwarfare/automation/block/BlockChunkLoaderSimple.java,8,net.minecraft.world.level.block.entity.BlockEntity
src/main/java/net/shadowmage/ancientwarfare/automation/block/BlockChunkLoaderSimple.java,10,net.minecraft.world.InteractionHand
src/main/java/net/shadowmage/ancientwarfare/automation/block/BlockChunkLoaderSimple.java,12,net.minecraft.world.level.Level
src/main/java/net/shadowmage/ancientwarfare/automation/block/BlockFlywheelController.java,8,net.minecraft.block.material.Material
src/main/java/net/shadowmage/ancientwarfare/automation/block/BlockFlywheelController.java,9,net.minecraft.block.state.BlockStateContainer
src/main/java/net/shadowmage/ancientwarfare/automation/block/BlockFlywheelController.java,10,net.minecraft.world.level.block.state.BlockState
src/main/java/net/shadowmage/ancientwarfare/automation/block/BlockFlywheelController.java,15,net.minecraft.world.entity.LivingEntity
src/main/java/net/shadowmage/ancientwarfare/automation/block/BlockFlywheelController.java,16,net.minecraft.world.item.ItemStack
src/main/java/net/shadowmage/ancientwarfare/automation/block/BlockFlywheelController.java,17,net.minecraft.world.level.block.entity.BlockEntity
src/main/java/net/shadowmage/ancientwarfare/automation/block/BlockFlywheelController.java,19,net.minecraft.world.InteractionHand
src/main/java/net/shadowmage/ancientwarfare/automation/block/BlockFlywheelController.java,22,net.minecraft.world.level.BlockGetter
src/main/java/net/shadowmage/ancientwarfare/automation/block/BlockFlywheelController.java,23,net.minecraft.world.level.Level
src/main/java/net/shadowmage/ancientwarfare/automation/block/BlockFlywheelStorage.java,8,net.minecraft.block.material.Material
src/main/java/net/shadowmage/ancientwarfare/automation/block/BlockFlywheelStorage.java,9,net.minecraft.block.state.BlockStateContainer
src/main/java/net/shadowmage/ancientwarfare/automation/block/BlockFlywheelStorage.java,10,net.minecraft.world.level.block.state.BlockState
src/main/java/net/shadowmage/ancientwarfare/automation/block/BlockFlywheelStorage.java,15,net.minecraft.world.entity.LivingEntity
src/main/java/net/shadowmage/ancientwarfare/automation/block/BlockFlywheelStorage.java,16,net.minecraft.world.item.Item
src/main/java/net/shadowmage/ancientwarfare/automation/block/BlockFlywheelStorage.java,17,net.minecraft.world.item.ItemStack
src/main/java/net/shadowmage/ancientwarfare/automation/block/BlockFlywheelStorage.java,18,net.minecraft.world.level.block.entity.BlockEntity
src/main/java/net/shadowmage/ancientwarfare/automation/block/BlockFlywheelStorage.java,22,net.minecraft.world.level.BlockGetter
src/main/java/net/shadowmage/ancientwarfare/automation/block/BlockFlywheelStorage.java,23,net.minecraft.world.level.Level
src/main/java/net/shadowmage/ancientwarfare/automation/block/BlockHandCrankedGenerator.java,7,net.minecraft.block.material.Material
src/main/java/net/shadowmage/ancientwarfare/automation/block/BlockHandCrankedGenerator.java,8,net.minecraft.world.level.block.state.BlockState
src/main/java/net/shadowmage/ancientwarfare/automation/block/BlockHandCrankedGenerator.java,12,net.minecraft.world.level.block.entity.BlockEntity
src/main/java/net/shadowmage/ancientwarfare/automation/block/BlockHandCrankedGenerator.java,14,net.minecraft.world.level.BlockGetter
src/main/java/net/shadowmage/ancientwarfare/automation/block/BlockHandCrankedGenerator.java,15,net.minecraft.world.level.Level
src/main/java/net/shadowmage/ancientwarfare/automation/block/BlockMailbox.java,3,net.minecraft.block.material.Material
src/main/java/net/shadowmage/ancientwarfare/automation/block/BlockMailbox.java,4,net.minecraft.block.state.BlockStateContainer
src/main/java/net/shadowmage/ancientwarfare/automation/block/BlockMailbox.java,5,net.minecraft.world.level.block.state.BlockState
src/main/java/net/shadowmage/ancientwarfare/automation/block/BlockMailbox.java,6,net.minecraft.world.entity.LivingEntity
src/main/java/net/shadowmage/ancientwarfare/automation/block/BlockMailbox.java,7,net.minecraft.world.entity.player.Player
src/main/java/net/shadowmage/ancientwarfare/automation/block/BlockMailbox.java,8,net.minecraft.world.level.block.entity.BlockEntity
src/main/java/net/shadowmage/ancientwarfare/automation/block/BlockMailbox.java,10,net.minecraft.world.InteractionHand
src/main/java/net/shadowmage/ancientwarfare/automation/block/BlockMailbox.java,12,net.minecraft.world.level.Level
src/main/java/net/shadowmage/ancientwarfare/automation/block/BlockOreProcessor.java,3,net.minecraft.world.level.block.state.BlockState
src/main/java/net/shadowmage/ancientwarfare/automation/block/BlockOreProcessor.java,4,net.minecraft.world.level.block.entity.BlockEntity
src/main/java/net/shadowmage/ancientwarfare/automation/block/BlockOreProcessor.java,7,net.minecraft.world.level.BlockGetter
src/main/java/net/shadowmage/ancientwarfare/automation/block/BlockOreProcessor.java,8,net.minecraft.world.level.Level
src/main/java/net/shadowmage/ancientwarfare/automation/block/BlockStirlingGenerator.java,7,net.minecraft.world.level.block.state.BlockState
src/main/java/net/shadowmage/ancientwarfare/automation/block/BlockStirlingGenerator.java,11,net.minecraft.world.level.block.entity.BlockEntity
src/main/java/net/shadowmage/ancientwarfare/automation/block/BlockStirlingGenerator.java,13,net.minecraft.world.level.BlockGetter
src/main/java/net/shadowmage/ancientwarfare/automation/block/BlockStirlingGenerator.java,14,net.minecraft.world.level.Level
src/main/java/net/shadowmage/ancientwarfare/automation/block/BlockTorqueBase.java,4,net.minecraft.world.level.block.Block
src/main/java/net/shadowmage/ancientwarfare/automation/block/BlockTorqueBase.java,5,net.minecraft.block.material.Material
src/main/java/net/shadowmage/ancientwarfare/automation/block/BlockTorqueBase.java,6,net.minecraft.block.state.BlockStateContainer
src/main/java/net/shadowmage/ancientwarfare/automation/block/BlockTorqueBase.java,7,net.minecraft.world.level.block.state.BlockState
src/main/java/net/shadowmage/ancientwarfare/automation/block/BlockTorqueBase.java,8,net.minecraft.world.entity.player.Player
src/main/java/net/shadowmage/ancientwarfare/automation/block/BlockTorqueBase.java,10,net.minecraft.world.InteractionHand
src/main/java/net/shadowmage/ancientwarfare/automation/block/BlockTorqueBase.java,12,net.minecraft.world.level.BlockGetter
src/main/java/net/shadowmage/ancientwarfare/automation/block/BlockTorqueBase.java,13,net.minecraft.world.level.Level
src/main/java/net/shadowmage/ancientwarfare/automation/block/BlockTorqueDistributor.java,8,net.minecraft.world.level.block.state.BlockState
src/main/java/net/shadowmage/ancientwarfare/automation/block/BlockTorqueDistributor.java,12,net.minecraft.world.level.block.entity.BlockEntity
src/main/java/net/shadowmage/ancientwarfare/automation/block/BlockTorqueDistributor.java,14,net.minecraft.world.level.BlockGetter
src/main/java/net/shadowmage/ancientwarfare/automation/block/BlockTorqueDistributor.java,15,net.minecraft.world.level.Level
src/main/java/net/shadowmage/ancientwarfare/automation/block/BlockTorqueGenerator.java,3,net.minecraft.block.material.Material
src/main/java/net/shadowmage/ancientwarfare/automation/block/BlockTorqueJunction.java,8,net.minecraft.world.level.block.state.BlockState
src/main/java/net/shadowmage/ancientwarfare/automation/block/BlockTorqueJunction.java,12,net.minecraft.world.level.block.entity.BlockEntity
src/main/java/net/shadowmage/ancientwarfare/automation/block/BlockTorqueJunction.java,14,net.minecraft.world.level.BlockGetter
src/main/java/net/shadowmage/ancientwarfare/automation/block/BlockTorqueJunction.java,15,net.minecraft.world.level.Level
src/main/java/net/shadowmage/ancientwarfare/automation/block/BlockTorqueTransport.java,3,net.minecraft.block.material.Material
src/main/java/net/shadowmage/ancientwarfare/automation/block/BlockTorqueTransport.java,4,net.minecraft.block.state.BlockStateContainer
src/main/java/net/shadowmage/ancientwarfare/automation/block/BlockTorqueTransport.java,5,net.minecraft.world.level.block.state.BlockState
src/main/java/net/shadowmage/ancientwarfare/automation/block/BlockTorqueTransport.java,7,net.minecraft.world.entity.LivingEntity
src/main/java/net/shadowmage/ancientwarfare/automation/block/BlockTorqueTransport.java,8,net.minecraft.world.item.ItemStack
src/main/java/net/shadowmage/ancientwarfare/automation/block/BlockTorqueTransport.java,10,net.minecraft.world.InteractionHand
src/main/java/net/shadowmage/ancientwarfare/automation/block/BlockTorqueTransport.java,12,net.minecraft.world.phys.AABB
src/main/java/net/shadowmage/ancientwarfare/automation/block/BlockTorqueTransport.java,14,net.minecraft.world.level.BlockGetter
src/main/java/net/shadowmage/ancientwarfare/automation/block/BlockTorqueTransport.java,15,net.minecraft.world.level.Level
src/main/java/net/shadowmage/ancientwarfare/automation/block/BlockTorqueTransportShaft.java,8,net.minecraft.world.level.block.state.properties.BooleanProperty
src/main/java/net/shadowmage/ancientwarfare/automation/block/BlockTorqueTransportShaft.java,9,net.minecraft.block.state.BlockStateContainer
src/main/java/net/shadowmage/ancientwarfare/automation/block/BlockTorqueTransportShaft.java,10,net.minecraft.world.level.block.state.BlockState
src/main/java/net/shadowmage/ancientwarfare/automation/block/BlockTorqueTransportShaft.java,14,net.minecraft.world.level.block.entity.BlockEntity
src/main/java/net/shadowmage/ancientwarfare/automation/block/BlockTorqueTransportShaft.java,16,net.minecraft.world.phys.AABB
src/main/java/net/shadowmage/ancientwarfare/automation/block/BlockTorqueTransportShaft.java,18,net.minecraft.world.level.BlockGetter
src/main/java/net/shadowmage/ancientwarfare/automation/block/BlockTorqueTransportShaft.java,19,net.minecraft.world.level.Level
src/main/java/net/shadowmage/ancientwarfare/automation/block/BlockTorqueTransportSided.java,3,net.minecraft.world.level.block.state.properties.BooleanProperty
src/main/java/net/shadowmage/ancientwarfare/automation/block/BlockTorqueTransportSided.java,4,net.minecraft.block.state.BlockStateContainer
src/main/java/net/shadowmage/ancientwarfare/automation/block/BlockWarehouseCraftingStation.java,3,net.minecraft.block.material.Material
src/main/java/net/shadowmage/ancientwarfare/automation/block/BlockWarehouseCraftingStation.java,4,net.minecraft.world.level.block.state.BlockState
src/main/java/net/shadowmage/ancientwarfare/automation/block/BlockWarehouseCraftingStation.java,5,net.minecraft.world.entity.player.Player
src/main/java/net/shadowmage/ancientwarfare/automation/block/BlockWarehouseCraftingStation.java,6,net.minecraft.world.level.block.entity.BlockEntity
src/main/java/net/shadowmage/ancientwarfare/automation/block/BlockWarehouseCraftingStation.java,8,net.minecraft.world.InteractionHand
src/main/java/net/shadowmage/ancientwarfare/automation/block/BlockWarehouseCraftingStation.java,10,net.minecraft.world.level.Level
src/main/java/net/shadowmage/ancientwarfare/automation/block/BlockWarehouseInterface.java,3,net.minecraft.block.material.Material
src/main/java/net/shadowmage/ancientwarfare/automation/block/BlockWarehouseInterface.java,4,net.minecraft.world.level.block.state.BlockState
src/main/java/net/shadowmage/ancientwarfare/automation/block/BlockWarehouseInterface.java,5,net.minecraft.world.entity.player.Player
src/main/java/net/shadowmage/ancientwarfare/automation/block/BlockWarehouseInterface.java,6,net.minecraft.world.level.block.entity.BlockEntity
src/main/java/net/shadowmage/ancientwarfare/automation/block/BlockWarehouseInterface.java,8,net.minecraft.world.InteractionHand
src/main/java/net/shadowmage/ancientwarfare/automation/block/BlockWarehouseInterface.java,10,net.minecraft.world.level.Level
src/main/java/net/shadowmage/ancientwarfare/automation/block/BlockWarehouseStockLinker.java,4,net.minecraft.block.material.Material
src/main/java/net/shadowmage/ancientwarfare/automation/block/BlockWarehouseStockLinker.java,5,net.minecraft.world.level.block.state.properties.BooleanProperty
src/main/java/net/shadowmage/ancientwarfare/automation/block/BlockWarehouseStockLinker.java,6,net.minecraft.block.state.BlockStateContainer
src/main/java/net/shadowmage/ancientwarfare/automation/block/BlockWarehouseStockLinker.java,7,net.minecraft.world.level.block.state.BlockState
src/main/java/net/shadowmage/ancientwarfare/automation/block/BlockWarehouseStockLinker.java,8,net.minecraft.world.entity.LivingEntity
src/main/java/net/shadowmage/ancientwarfare/automation/block/BlockWarehouseStockLinker.java,9,net.minecraft.world.entity.player.Player
src/main/java/net/shadowmage/ancientwarfare/automation/block/BlockWarehouseStockLinker.java,10,net.minecraft.world.item.ItemStack
src/main/java/net/shadowmage/ancientwarfare/automation/block/BlockWarehouseStockLinker.java,13,net.minecraft.world.level.block.entity.BlockEntity
src/main/java/net/shadowmage/ancientwarfare/automation/block/BlockWarehouseStockLinker.java,15,net.minecraft.world.InteractionHand
src/main/java/net/shadowmage/ancientwarfare/automation/block/BlockWarehouseStockLinker.java,16,net.minecraft.world.phys.AABB
src/main/java/net/shadowmage/ancientwarfare/automation/block/BlockWarehouseStockLinker.java,18,net.minecraft.world.level.BlockGetter
src/main/java/net/shadowmage/ancientwarfare/automation/block/BlockWarehouseStockLinker.java,19,net.minecraft.world.level.Level
src/main/java/net/shadowmage/ancientwarfare/automation/block/BlockWarehouseStockViewer.java,4,net.minecraft.block.material.Material
src/main/java/net/shadowmage/ancientwarfare/automation/block/BlockWarehouseStockViewer.java,5,net.minecraft.block.state.BlockStateContainer
src/main/java/net/shadowmage/ancientwarfare/automation/block/BlockWarehouseStockViewer.java,6,net.minecraft.world.level.block.state.BlockState
src/main/java/net/shadowmage/ancientwarfare/automation/block/BlockWarehouseStockViewer.java,7,net.minecraft.world.entity.LivingEntity
src/main/java/net/shadowmage/ancientwarfare/automation/block/BlockWarehouseStockViewer.java,8,net.minecraft.world.entity.player.Player
src/main/java/net/shadowmage/ancientwarfare/automation/block/BlockWarehouseStockViewer.java,9,net.minecraft.world.level.block.entity.BlockEntity
src/main/java/net/shadowmage/ancientwarfare/automation/block/BlockWarehouseStockViewer.java,11,net.minecraft.world.InteractionHand
src/main/java/net/shadowmage/ancientwarfare/automation/block/BlockWarehouseStockViewer.java,12,net.minecraft.world.phys.AABB
src/main/java/net/shadowmage/ancientwarfare/automation/block/BlockWarehouseStockViewer.java,14,net.minecraft.world.level.BlockGetter
src/main/java/net/shadowmage/ancientwarfare/automation/block/BlockWarehouseStockViewer.java,15,net.minecraft.world.level.Level
src/main/java/net/shadowmage/ancientwarfare/automation/block/BlockWarehouseStorage.java,3,net.minecraft.block.material.Material
src/main/java/net/shadowmage/ancientwarfare/automation/block/BlockWarehouseStorage.java,4,net.minecraft.world.level.block.state.properties.EnumProperty
src/main/java/net/shadowmage/ancientwarfare/automation/block/BlockWarehouseStorage.java,5,net.minecraft.block.state.BlockStateContainer
src/main/java/net/shadowmage/ancientwarfare/automation/block/BlockWarehouseStorage.java,6,net.minecraft.world.level.block.state.BlockState
src/main/java/net/shadowmage/ancientwarfare/automation/block/BlockWarehouseStorage.java,10,net.minecraft.world.entity.player.Player
src/main/java/net/shadowmage/ancientwarfare/automation/block/BlockWarehouseStorage.java,11,net.minecraft.world.item.Item
src/main/java/net/shadowmage/ancientwarfare/automation/block/BlockWarehouseStorage.java,12,net.minecraft.world.item.ItemStack
src/main/java/net/shadowmage/ancientwarfare/automation/block/BlockWarehouseStorage.java,13,net.minecraft.world.level.block.entity.BlockEntity
src/main/java/net/shadowmage/ancientwarfare/automation/block/BlockWarehouseStorage.java,15,net.minecraft.world.InteractionHand
src/main/java/net/shadowmage/ancientwarfare/automation/block/BlockWarehouseStorage.java,20,net.minecraft.world.level.Level
src/main/java/net/shadowmage/ancientwarfare/automation/block/BlockWaterwheelGenerator.java,8,net.minecraft.world.level.block.state.properties.BooleanProperty
src/main/java/net/shadowmage/ancientwarfare/automation/block/BlockWaterwheelGenerator.java,9,net.minecraft.block.state.BlockStateContainer
src/main/java/net/shadowmage/ancientwarfare/automation/block/BlockWaterwheelGenerator.java,10,net.minecraft.world.level.block.state.BlockState
src/main/java/net/shadowmage/ancientwarfare/automation/block/BlockWaterwheelGenerator.java,14,net.minecraft.world.level.block.entity.BlockEntity
src/main/java/net/shadowmage/ancientwarfare/automation/block/BlockWaterwheelGenerator.java,16,net.minecraft.world.level.BlockGetter
src/main/java/net/shadowmage/ancientwarfare/automation/block/BlockWaterwheelGenerator.java,17,net.minecraft.world.level.Level
src/main/java/net/shadowmage/ancientwarfare/automation/block/BlockWindmillBlade.java,8,net.minecraft.block.material.Material
src/main/java/net/shadowmage/ancientwarfare/automation/block/BlockWindmillBlade.java,9,net.minecraft.world.level.block.state.properties.BooleanProperty
src/main/java/net/shadowmage/ancientwarfare/automation/block/BlockWindmillBlade.java,10,net.minecraft.block.state.BlockFaceShape
src/main/java/net/shadowmage/ancientwarfare/automation/block/BlockWindmillBlade.java,11,net.minecraft.block.state.BlockStateContainer
src/main/java/net/shadowmage/ancientwarfare/automation/block/BlockWindmillBlade.java,12,net.minecraft.world.level.block.state.BlockState
src/main/java/net/shadowmage/ancientwarfare/automation/block/BlockWindmillBlade.java,16,net.minecraft.world.entity.LivingEntity
src/main/java/net/shadowmage/ancientwarfare/automation/block/BlockWindmillBlade.java,17,net.minecraft.world.item.ItemStack
src/main/java/net/shadowmage/ancientwarfare/automation/block/BlockWindmillBlade.java,18,net.minecraft.world.level.block.entity.BlockEntity
src/main/java/net/shadowmage/ancientwarfare/automation/block/BlockWindmillBlade.java,21,net.minecraft.world.level.BlockGetter
src/main/java/net/shadowmage/ancientwarfare/automation/block/BlockWindmillBlade.java,22,net.minecraft.world.level.Level
src/main/java/net/shadowmage/ancientwarfare/automation/block/BlockWindmillGenerator.java,7,net.minecraft.world.level.block.state.BlockState
src/main/java/net/shadowmage/ancientwarfare/automation/block/BlockWindmillGenerator.java,11,net.minecraft.world.level.block.entity.BlockEntity
src/main/java/net/shadowmage/ancientwarfare/automation/block/BlockWindmillGenerator.java,13,net.minecraft.world.level.BlockGetter
src/main/java/net/shadowmage/ancientwarfare/automation/block/BlockWindmillGenerator.java,14,net.minecraft.world.level.Level
src/main/java/net/shadowmage/ancientwarfare/automation/block/BlockWorksiteBase.java,3,net.minecraft.block.material.Material
src/main/java/net/shadowmage/ancientwarfare/automation/block/BlockWorksiteBase.java,4,net.minecraft.world.level.block.state.properties.BooleanProperty
src/main/java/net/shadowmage/ancientwarfare/automation/block/BlockWorksiteBase.java,5,net.minecraft.block.state.BlockStateContainer
src/main/java/net/shadowmage/ancientwarfare/automation/block/BlockWorksiteBase.java,6,net.minecraft.world.level.block.state.BlockState
src/main/java/net/shadowmage/ancientwarfare/automation/block/BlockWorksiteBase.java,7,net.minecraft.world.entity.player.Player
src/main/java/net/shadowmage/ancientwarfare/automation/block/BlockWorksiteBase.java,8,net.minecraft.world.level.block.entity.BlockEntity
src/main/java/net/shadowmage/ancientwarfare/automation/block/BlockWorksiteBase.java,10,net.minecraft.world.InteractionHand
src/main/java/net/shadowmage/ancientwarfare/automation/block/BlockWorksiteBase.java,12,net.minecraft.world.level.BlockGetter
src/main/java/net/shadowmage/ancientwarfare/automation/block/BlockWorksiteBase.java,13,net.minecraft.world.level.Level
src/main/java/net/shadowmage/ancientwarfare/automation/chunkloader/AWChunkLoader.java,4,net.minecraft.world.level.Level
src/main/java/net/shadowmage/ancientwarfare/automation/command/CommandWarehouse.java,3,net.minecraft.command.CommandBase
src/main/java/net/shadowmage/ancientwarfare/automation/command/CommandWarehouse.java,4,net.minecraft.command.CommandException
src/main/java/net/shadowmage/ancientwarfare/automation/command/CommandWarehouse.java,5,net.minecraft.command.ICommandSender
src/main/java/net/shadowmage/ancientwarfare/automation/command/CommandWarehouse.java,6,net.minecraft.command.NumberInvalidException
src/main/java/net/shadowmage/ancientwarfare/automation/command/CommandWarehouse.java,7,net.minecraft.command.WrongUsageException
src/main/java/net/shadowmage/ancientwarfare/automation/compat/agricraft/CropAgricraftCrop.java,6,net.minecraft.world.level.block.state.BlockState
src/main/java/net/shadowmage/ancientwarfare/automation/compat/agricraft/CropAgricraftCrop.java,7,net.minecraft.world.item.ItemStack
src/main/java/net/shadowmage/ancientwarfare/automation/compat/agricraft/CropAgricraftCrop.java,10,net.minecraft.world.level.Level
src/main/java/net/shadowmage/ancientwarfare/automation/container/ContainerChunkLoaderDeluxe.java,3,net.minecraft.world.entity.player.Player
src/main/java/net/shadowmage/ancientwarfare/automation/container/ContainerChunkLoaderDeluxe.java,6,net.minecraft.world.level.ChunkPos
src/main/java/net/shadowmage/ancientwarfare/automation/container/ContainerMailbox.java,4,net.minecraft.world.entity.player.Player
src/main/java/net/shadowmage/ancientwarfare/automation/container/ContainerMailbox.java,5,net.minecraft.world.inventory.Slot
src/main/java/net/shadowmage/ancientwarfare/automation/container/ContainerMailbox.java,6,net.minecraft.world.item.ItemStack
src/main/java/net/shadowmage/ancientwarfare/automation/container/ContainerStirlingGenerator.java,3,net.minecraft.world.entity.player.Player
src/main/java/net/shadowmage/ancientwarfare/automation/container/ContainerStirlingGenerator.java,4,net.minecraft.inventory.IContainerListener
src/main/java/net/shadowmage/ancientwarfare/automation/container/ContainerStirlingGenerator.java,5,net.minecraft.world.inventory.Slot
src/main/java/net/shadowmage/ancientwarfare/automation/container/ContainerStirlingGenerator.java,6,net.minecraft.world.item.ItemStack
src/main/java/net/shadowmage/ancientwarfare/automation/container/ContainerStirlingGenerator.java,7,net.minecraft.tileentity.TileEntityFurnace
src/main/java/net/shadowmage/ancientwarfare/automation/container/ContainerWarehouseControl.java,3,net.minecraft.world.entity.player.Player
src/main/java/net/shadowmage/ancientwarfare/automation/container/ContainerWarehouseControl.java,4,net.minecraft.world.inventory.Slot
src/main/java/net/shadowmage/ancientwarfare/automation/container/ContainerWarehouseControl.java,5,net.minecraft.world.item.ItemStack
src/main/java/net/shadowmage/ancientwarfare/automation/container/ContainerWarehouseCraftingStation.java,3,net.minecraft.world.entity.player.Player
src/main/java/net/shadowmage/ancientwarfare/automation/container/ContainerWarehouseCraftingStation.java,4,net.minecraft.inventory.ClickType
src/main/java/net/shadowmage/ancientwarfare/automation/container/ContainerWarehouseCraftingStation.java,5,net.minecraft.world.inventory.Slot
src/main/java/net/shadowmage/ancientwarfare/automation/container/ContainerWarehouseCraftingStation.java,6,net.minecraft.world.item.ItemStack
src/main/java/net/shadowmage/ancientwarfare/automation/container/ContainerWarehouseInterface.java,3,net.minecraft.world.entity.player.Player
src/main/java/net/shadowmage/ancientwarfare/automation/container/ContainerWarehouseStockLinker.java,3,net.minecraft.world.entity.player.Player
src/main/java/net/shadowmage/ancientwarfare/automation/container/ContainerWarehouseStockViewer.java,3,net.minecraft.world.entity.player.Player
src/main/java/net/shadowmage/ancientwarfare/automation/container/ContainerWarehouseStorage.java,3,net.minecraft.world.entity.player.Player
src/main/java/net/shadowmage/ancientwarfare/automation/container/ContainerWarehouseStorage.java,4,net.minecraft.world.inventory.Slot
src/main/java/net/shadowmage/ancientwarfare/automation/container/ContainerWarehouseStorage.java,5,net.minecraft.world.item.ItemStack
src/main/java/net/shadowmage/ancientwarfare/automation/container/ContainerWorksiteAnimalControl.java,3,net.minecraft.world.entity.player.Player
src/main/java/net/shadowmage/ancientwarfare/automation/container/ContainerWorksiteAnimalFarm.java,3,net.minecraft.world.entity.player.Player
src/main/java/net/shadowmage/ancientwarfare/automation/container/ContainerWorksiteAutoCrafting.java,3,net.minecraft.world.entity.player.Player
src/main/java/net/shadowmage/ancientwarfare/automation/container/ContainerWorksiteAutoCrafting.java,4,net.minecraft.world.inventory.Slot
src/main/java/net/shadowmage/ancientwarfare/automation/container/ContainerWorksiteAutoCrafting.java,5,net.minecraft.world.item.ItemStack
src/main/java/net/shadowmage/ancientwarfare/automation/container/ContainerWorksiteBase.java,3,net.minecraft.world.entity.player.Player
src/main/java/net/shadowmage/ancientwarfare/automation/container/ContainerWorksiteBase.java,4,net.minecraft.world.inventory.Slot
src/main/java/net/shadowmage/ancientwarfare/automation/container/ContainerWorksiteBase.java,5,net.minecraft.world.item.ItemStack
src/main/java/net/shadowmage/ancientwarfare/automation/container/ContainerWorksiteBoundsAdjust.java,3,net.minecraft.world.entity.player.Player
src/main/java/net/shadowmage/ancientwarfare/automation/container/ContainerWorksiteCropFarm.java,3,net.minecraft.world.entity.player.Player
src/main/java/net/shadowmage/ancientwarfare/automation/container/ContainerWorksiteFishControl.java,3,net.minecraft.world.entity.player.Player
src/main/java/net/shadowmage/ancientwarfare/automation/container/ContainerWorksiteFishFarm.java,3,net.minecraft.world.entity.player.Player
src/main/java/net/shadowmage/ancientwarfare/automation/container/ContainerWorksiteFruitFarm.java,3,net.minecraft.world.entity.player.Player
src/main/java/net/shadowmage/ancientwarfare/automation/container/ContainerWorksiteInventorySideSelection.java,3,net.minecraft.world.entity.player.Player
src/main/java/net/shadowmage/ancientwarfare/automation/container/ContainerWorksiteQuarry.java,3,net.minecraft.world.entity.player.Player
src/main/java/net/shadowmage/ancientwarfare/automation/container/ContainerWorksiteQuarryBounds.java,3,net.minecraft.world.entity.player.Player
src/main/java/net/shadowmage/ancientwarfare/automation/container/ContainerWorksiteTreeFarm.java,3,net.minecraft.world.entity.player.Player
src/main/java/net/shadowmage/ancientwarfare/automation/datafixes/ItemMapDataWalker.java,5,net.minecraft.world.level.block.entity.BlockEntity
src/main/java/net/shadowmage/ancientwarfare/automation/gamedata/MailboxData.java,3,net.minecraft.world.item.ItemStack
src/main/java/net/shadowmage/ancientwarfare/automation/gamedata/MailboxData.java,7,net.minecraft.world.level.Level
src/main/java/net/shadowmage/ancientwarfare/automation/gamedata/MailboxData.java,8,net.minecraft.world.level.saveddata.SavedData
src/main/java/net/shadowmage/ancientwarfare/automation/gui/GuiChunkLoaderDeluxe.java,3,net.minecraft.world.level.ChunkPos
src/main/java/net/shadowmage/ancientwarfare/automation/gui/GuiWarehouseControl.java,4,net.minecraft.world.item.ItemStack
src/main/java/net/shadowmage/ancientwarfare/automation/gui/GuiWarehouseInterface.java,3,net.minecraft.world.item.ItemStack
src/main/java/net/shadowmage/ancientwarfare/automation/gui/GuiWarehouseStockLinker.java,3,net.minecraft.world.item.ItemStack
src/main/java/net/shadowmage/ancientwarfare/automation/gui/GuiWarehouseStockViewer.java,3,net.minecraft.world.item.ItemStack
src/main/java/net/shadowmage/ancientwarfare/automation/gui/GuiWarehouseStorage.java,3,net.minecraft.world.item.ItemStack
src/main/java/net/shadowmage/ancientwarfare/automation/init/AWAutomationBlocks.java,3,net.minecraft.world.level.block.Block
src/main/java/net/shadowmage/ancientwarfare/automation/init/AWAutomationBlocks.java,4,net.minecraft.world.item.Item
src/main/java/net/shadowmage/ancientwarfare/automation/init/AWAutomationBlocks.java,5,net.minecraft.world.item.BlockItem
src/main/java/net/shadowmage/ancientwarfare/automation/init/AWAutomationBlocks.java,6,net.minecraft.world.level.block.entity.BlockEntity
src/main/java/net/shadowmage/ancientwarfare/automation/init/AWAutomationBlocks.java,11,net.minecraftforge.fml.common.registry.GameRegistry
src/main/java/net/shadowmage/ancientwarfare/automation/init/AWAutomationBlocks.java,12,net.minecraftforge.fml.common.registry.GameRegistry.ObjectHolder
src/main/java/net/shadowmage/ancientwarfare/automation/init/AWAutomationItems.java,3,net.minecraft.world.item.Item
src/main/java/net/shadowmage/ancientwarfare/automation/init/AWAutomationItems.java,7,net.minecraftforge.fml.common.registry.GameRegistry
src/main/java/net/shadowmage/ancientwarfare/automation/item/ItemBlockTorqueTile.java,3,net.minecraft.world.level.block.Block
src/main/java/net/shadowmage/ancientwarfare/automation/item/ItemBlockTorqueTile.java,4,net.minecraft.world.level.block.state.BlockState
src/main/java/net/shadowmage/ancientwarfare/automation/item/ItemBlockTorqueTile.java,5,net.minecraft.world.entity.player.Player
src/main/java/net/shadowmage/ancientwarfare/automation/item/ItemBlockTorqueTile.java,6,net.minecraft.world.item.ItemStack
src/main/java/net/shadowmage/ancientwarfare/automation/item/ItemBlockTorqueTile.java,10,net.minecraft.world.level.Level
src/main/java/net/shadowmage/ancientwarfare/automation/item/ItemBlockWarehouseStockLinker.java,4,net.minecraft.world.item.TooltipFlag
src/main/java/net/shadowmage/ancientwarfare/automation/item/ItemBlockWarehouseStockLinker.java,5,net.minecraft.world.entity.player.Player
src/main/java/net/shadowmage/ancientwarfare/automation/item/ItemBlockWarehouseStockLinker.java,6,net.minecraft.world.item.ItemStack
src/main/java/net/shadowmage/ancientwarfare/automation/item/ItemBlockWarehouseStockLinker.java,8,net.minecraft.world.InteractionResult
src/main/java/net/shadowmage/ancientwarfare/automation/item/ItemBlockWarehouseStockLinker.java,10,net.minecraft.world.InteractionHand
src/main/java/net/shadowmage/ancientwarfare/automation/item/ItemBlockWarehouseStockLinker.java,12,net.minecraft.world.phys.HitResult
src/main/java/net/shadowmage/ancientwarfare/automation/item/ItemBlockWarehouseStockLinker.java,13,net.minecraft.util.text.TextComponentTranslation
src/main/java/net/shadowmage/ancientwarfare/automation/item/ItemBlockWarehouseStockLinker.java,14,net.minecraft.world.level.Level
src/main/java/net/shadowmage/ancientwarfare/automation/item/ItemBlockWarehouseStorage.java,3,net.minecraft.world.level.block.Block
src/main/java/net/shadowmage/ancientwarfare/automation/item/ItemBlockWarehouseStorage.java,4,net.minecraft.world.item.ItemStack
src/main/java/net/shadowmage/ancientwarfare/automation/item/ItemBlockWorksiteStatic.java,3,net.minecraft.world.level.block.Block
src/main/java/net/shadowmage/ancientwarfare/automation/item/ItemBlockWorksiteStatic.java,4,net.minecraft.world.level.block.state.BlockState
src/main/java/net/shadowmage/ancientwarfare/automation/item/ItemBlockWorksiteStatic.java,5,net.minecraft.world.entity.player.Player
src/main/java/net/shadowmage/ancientwarfare/automation/item/ItemBlockWorksiteStatic.java,6,net.minecraft.world.item.ItemStack
src/main/java/net/shadowmage/ancientwarfare/automation/item/ItemBlockWorksiteStatic.java,7,net.minecraft.world.level.block.entity.BlockEntity
src/main/java/net/shadowmage/ancientwarfare/automation/item/ItemBlockWorksiteStatic.java,10,net.minecraft.world.level.Level
src/main/java/net/shadowmage/ancientwarfare/automation/item/ItemWorksiteUpgrade.java,3,net.minecraft.world.entity.player.Player
src/main/java/net/shadowmage/ancientwarfare/automation/item/ItemWorksiteUpgrade.java,4,net.minecraft.world.item.ItemStack
src/main/java/net/shadowmage/ancientwarfare/automation/item/ItemWorksiteUpgrade.java,5,net.minecraft.world.level.block.entity.BlockEntity
src/main/java/net/shadowmage/ancientwarfare/automation/item/ItemWorksiteUpgrade.java,6,net.minecraft.world.InteractionResultHolder
src/main/java/net/shadowmage/ancientwarfare/automation/item/ItemWorksiteUpgrade.java,7,net.minecraft.world.InteractionResult
src/main/java/net/shadowmage/ancientwarfare/automation/item/ItemWorksiteUpgrade.java,8,net.minecraft.world.InteractionHand
src/main/java/net/shadowmage/ancientwarfare/automation/item/ItemWorksiteUpgrade.java,10,net.minecraft.world.level.Level
src/main/java/net/shadowmage/ancientwarfare/automation/proxy/RFProxy.java,3,net.minecraft.world.level.block.entity.BlockEntity
src/main/java/net/shadowmage/ancientwarfare/automation/proxy/RFProxyActual.java,5,net.minecraft.world.level.block.entity.BlockEntity
src/main/java/net/shadowmage/ancientwarfare/automation/registry/CropFarmRegistry.java,6,net.minecraft.world.level.block.state.BlockState
src/main/java/net/shadowmage/ancientwarfare/automation/registry/CropFarmRegistry.java,7,net.minecraft.world.item.ItemStack
src/main/java/net/shadowmage/ancientwarfare/automation/registry/FruitFarmRegistry.java,6,net.minecraft.block.material.Material
src/main/java/net/shadowmage/ancientwarfare/automation/registry/FruitFarmRegistry.java,7,net.minecraft.world.level.block.state.BlockState
src/main/java/net/shadowmage/ancientwarfare/automation/registry/FruitFarmRegistry.java,8,net.minecraft.world.item.ItemStack
src/main/java/net/shadowmage/ancientwarfare/automation/registry/FruitFarmRegistry.java,11,net.minecraft.world.level.Level
src/main/java/net/shadowmage/ancientwarfare/automation/registry/TreeFarmRegistry.java,6,net.minecraft.block.BlockMushroom
src/main/java/net/shadowmage/ancientwarfare/automation/registry/TreeFarmRegistry.java,7,net.minecraft.block.BlockSapling
src/main/java/net/shadowmage/ancientwarfare/automation/registry/TreeFarmRegistry.java,8,net.minecraft.block.material.Material
src/main/java/net/shadowmage/ancientwarfare/automation/registry/TreeFarmRegistry.java,9,net.minecraft.world.level.block.state.BlockState
src/main/java/net/shadowmage/ancientwarfare/automation/registry/TreeFarmRegistry.java,10,net.minecraft.world.item.BlockItem
src/main/java/net/shadowmage/ancientwarfare/automation/registry/TreeFarmRegistry.java,11,net.minecraft.world.item.ItemStack
src/main/java/net/shadowmage/ancientwarfare/automation/registry/TreeFarmRegistry.java,15,net.minecraft.world.level.BlockGetter
src/main/java/net/shadowmage/ancientwarfare/automation/render/BaseAnimationRenderer.java,4,net.minecraft.world.level.block.state.BlockState
src/main/java/net/shadowmage/ancientwarfare/automation/render/BaseAnimationRenderer.java,6,net.minecraft.world.level.block.entity.BlockEntity
src/main/java/net/shadowmage/ancientwarfare/automation/render/BaseAnimationRenderer.java,8,net.minecraft.world.level.BlockGetter
src/main/java/net/shadowmage/ancientwarfare/automation/render/BaseTorqueRenderer.java,7,net.minecraft.world.item.ItemStack
src/main/java/net/shadowmage/ancientwarfare/automation/render/BaseTorqueRenderer.java,10,net.minecraft.world.level.BlockGetter
src/main/java/net/shadowmage/ancientwarfare/automation/render/FlywheelStorageRenderer.java,23,net.minecraft.world.item.ItemStack
src/main/java/net/shadowmage/ancientwarfare/automation/render/FlywheelStorageRenderer.java,28,net.minecraft.world.level.BlockGetter
src/main/java/net/shadowmage/ancientwarfare/automation/render/TorqueTieredRenderer.java,6,net.minecraft.world.item.ItemStack
src/main/java/net/shadowmage/ancientwarfare/automation/render/WarehouseStockLinkerRenderer.java,6,net.minecraft.client.renderer.tileentity.TileEntitySpecialRenderer
src/main/java/net/shadowmage/ancientwarfare/automation/render/WarehouseStockLinkerRenderer.java,7,net.minecraft.world.item.ItemStack
src/main/java/net/shadowmage/ancientwarfare/automation/render/WarehouseStockViewerRenderer.java,6,net.minecraft.client.renderer.tileentity.TileEntitySpecialRenderer
src/main/java/net/shadowmage/ancientwarfare/automation/render/WarehouseStockViewerRenderer.java,7,net.minecraft.world.item.ItemStack
src/main/java/net/shadowmage/ancientwarfare/automation/render/WindmillBladeRenderer.java,21,net.minecraft.world.item.ItemStack
src/main/java/net/shadowmage/ancientwarfare/automation/render/WindmillBladeRenderer.java,25,net.minecraft.world.level.BlockGetter
src/main/java/net/shadowmage/ancientwarfare/automation/render/WorksiteRenderer.java,4,net.minecraft.client.renderer.tileentity.TileEntitySpecialRenderer
src/main/java/net/shadowmage/ancientwarfare/automation/render/WorksiteRenderer.java,5,net.minecraft.world.phys.AABB
src/main/java/net/shadowmage/ancientwarfare/automation/render/property/AutomationProperties.java,3,net.minecraft.world.level.block.state.properties.BooleanProperty
src/main/java/net/shadowmage/ancientwarfare/automation/render/property/AutomationProperties.java,4,net.minecraft.world.level.block.state.properties.EnumProperty
src/main/java/net/shadowmage/ancientwarfare/automation/render/property/AutomationProperties.java,5,net.minecraft.world.level.block.state.properties.IntegerProperty
src/main/java/net/shadowmage/ancientwarfare/automation/tile/TileChunkLoaderDeluxe.java,3,net.minecraft.world.entity.player.Player
src/main/java/net/shadowmage/ancientwarfare/automation/tile/TileChunkLoaderDeluxe.java,6,net.minecraft.world.InteractionHand
src/main/java/net/shadowmage/ancientwarfare/automation/tile/TileChunkLoaderDeluxe.java,7,net.minecraft.world.level.ChunkPos
src/main/java/net/shadowmage/ancientwarfare/automation/tile/TileChunkLoaderSimple.java,3,net.minecraft.world.level.block.entity.BlockEntity
src/main/java/net/shadowmage/ancientwarfare/automation/tile/TileChunkLoaderSimple.java,4,net.minecraft.world.level.ChunkPos
src/main/java/net/shadowmage/ancientwarfare/automation/tile/TileMailbox.java,4,net.minecraft.world.level.block.state.BlockState
src/main/java/net/shadowmage/ancientwarfare/automation/tile/TileMailbox.java,5,net.minecraft.world.item.ItemStack
src/main/java/net/shadowmage/ancientwarfare/automation/tile/torque/TileHandCrankedGenerator.java,3,net.minecraft.world.level.block.state.BlockState
src/main/java/net/shadowmage/ancientwarfare/automation/tile/torque/TileHandCrankedGenerator.java,4,net.minecraft.world.entity.player.Player
src/main/java/net/shadowmage/ancientwarfare/automation/tile/torque/TileStirlingGenerator.java,3,net.minecraft.world.level.block.state.BlockState
src/main/java/net/shadowmage/ancientwarfare/automation/tile/torque/TileStirlingGenerator.java,4,net.minecraft.world.entity.player.Player
src/main/java/net/shadowmage/ancientwarfare/automation/tile/torque/TileStirlingGenerator.java,5,net.minecraft.world.item.ItemStack
src/main/java/net/shadowmage/ancientwarfare/automation/tile/torque/TileStirlingGenerator.java,7,net.minecraft.tileentity.TileEntityFurnace
src/main/java/net/shadowmage/ancientwarfare/automation/tile/torque/TileStirlingGenerator.java,9,net.minecraft.world.InteractionHand
src/main/java/net/shadowmage/ancientwarfare/automation/tile/torque/TileTorqueBase.java,4,net.minecraft.world.entity.player.Player
src/main/java/net/shadowmage/ancientwarfare/automation/tile/torque/TileTorqueBase.java,5,net.minecraft.world.item.ItemStack
src/main/java/net/shadowmage/ancientwarfare/automation/tile/torque/TileTorqueBase.java,7,net.minecraft.world.level.block.entity.BlockEntity
src/main/java/net/shadowmage/ancientwarfare/automation/tile/torque/TileTorqueBase.java,9,net.minecraft.world.InteractionHand
src/main/java/net/shadowmage/ancientwarfare/automation/tile/torque/TileTorqueBase.java,12,net.minecraft.util.text.TextComponentTranslation
src/main/java/net/shadowmage/ancientwarfare/automation/tile/torque/TileTorqueSidedCell.java,5,net.minecraft.world.level.block.entity.BlockEntity
src/main/java/net/shadowmage/ancientwarfare/automation/tile/torque/TileWaterwheelGenerator.java,3,net.minecraft.block.BlockLiquid
src/main/java/net/shadowmage/ancientwarfare/automation/tile/torque/TileWaterwheelGenerator.java,4,net.minecraft.block.material.Material
src/main/java/net/shadowmage/ancientwarfare/automation/tile/torque/TileWaterwheelGenerator.java,5,net.minecraft.world.level.block.state.BlockState
src/main/java/net/shadowmage/ancientwarfare/automation/tile/torque/TileWaterwheelGenerator.java,8,net.minecraft.world.phys.AABB
src/main/java/net/shadowmage/ancientwarfare/automation/tile/torque/multiblock/TileFlywheelStorage.java,6,net.minecraft.world.phys.AABB
src/main/java/net/shadowmage/ancientwarfare/automation/tile/torque/multiblock/TileWindmillBlade.java,7,net.minecraft.world.phys.AABB
src/main/java/net/shadowmage/ancientwarfare/automation/tile/warehouse2/IWarehouseStorageTile.java,3,net.minecraft.world.entity.player.Player
src/main/java/net/shadowmage/ancientwarfare/automation/tile/warehouse2/IWarehouseStorageTile.java,4,net.minecraft.world.item.ItemStack
src/main/java/net/shadowmage/ancientwarfare/automation/tile/warehouse2/TileControlled.java,4,net.minecraft.world.level.block.entity.BlockEntity
src/main/java/net/shadowmage/ancientwarfare/automation/tile/warehouse2/TileWarehouse.java,3,net.minecraft.world.entity.player.Player
src/main/java/net/shadowmage/ancientwarfare/automation/tile/warehouse2/TileWarehouse.java,5,net.minecraft.world.item.ItemStack
src/main/java/net/shadowmage/ancientwarfare/automation/tile/warehouse2/TileWarehouse.java,7,net.minecraft.world.level.block.entity.BlockEntity
src/main/java/net/shadowmage/ancientwarfare/automation/tile/warehouse2/TileWarehouseBase.java,3,net.minecraft.world.entity.player.Player
src/main/java/net/shadowmage/ancientwarfare/automation/tile/warehouse2/TileWarehouseBase.java,4,net.minecraft.world.item.ItemStack
src/main/java/net/shadowmage/ancientwarfare/automation/tile/warehouse2/TileWarehouseBase.java,7,net.minecraft.world.level.block.entity.BlockEntity
src/main/java/net/shadowmage/ancientwarfare/automation/tile/warehouse2/TileWarehouseBase.java,8,net.minecraft.world.InteractionHand
src/main/java/net/shadowmage/ancientwarfare/automation/tile/warehouse2/TileWarehouseCraftingStation.java,3,net.minecraft.world.level.block.state.BlockState
src/main/java/net/shadowmage/ancientwarfare/automation/tile/warehouse2/TileWarehouseCraftingStation.java,4,net.minecraft.world.entity.player.Player
src/main/java/net/shadowmage/ancientwarfare/automation/tile/warehouse2/TileWarehouseCraftingStation.java,6,net.minecraft.world.InteractionHand
src/main/java/net/shadowmage/ancientwarfare/automation/tile/warehouse2/TileWarehouseInterface.java,3,net.minecraft.world.level.block.state.BlockState
src/main/java/net/shadowmage/ancientwarfare/automation/tile/warehouse2/TileWarehouseInterface.java,4,net.minecraft.world.entity.player.Player
src/main/java/net/shadowmage/ancientwarfare/automation/tile/warehouse2/TileWarehouseInterface.java,5,net.minecraft.world.item.ItemStack
src/main/java/net/shadowmage/ancientwarfare/automation/tile/warehouse2/TileWarehouseInterface.java,8,net.minecraft.world.InteractionHand
src/main/java/net/shadowmage/ancientwarfare/automation/tile/warehouse2/TileWarehouseStockLinker.java,3,net.minecraft.world.level.block.state.BlockState
src/main/java/net/shadowmage/ancientwarfare/automation/tile/warehouse2/TileWarehouseStockLinker.java,4,net.minecraft.world.entity.player.Player
src/main/java/net/shadowmage/ancientwarfare/automation/tile/warehouse2/TileWarehouseStockLinker.java,5,net.minecraft.world.item.ItemStack
src/main/java/net/shadowmage/ancientwarfare/automation/tile/warehouse2/TileWarehouseStockLinker.java,7,net.minecraft.world.level.block.entity.BlockEntity
src/main/java/net/shadowmage/ancientwarfare/automation/tile/warehouse2/TileWarehouseStockLinker.java,8,net.minecraft.world.InteractionHand
src/main/java/net/shadowmage/ancientwarfare/automation/tile/warehouse2/TileWarehouseStockLinker.java,10,net.minecraft.world.level.Level
src/main/java/net/shadowmage/ancientwarfare/automation/tile/warehouse2/TileWarehouseStockViewer.java,3,net.minecraft.world.entity.player.Player
src/main/java/net/shadowmage/ancientwarfare/automation/tile/warehouse2/TileWarehouseStockViewer.java,4,net.minecraft.world.item.ItemStack
src/main/java/net/shadowmage/ancientwarfare/automation/tile/warehouse2/TileWarehouseStockViewer.java,6,net.minecraft.world.InteractionHand
src/main/java/net/shadowmage/ancientwarfare/automation/tile/warehouse2/TileWarehouseStorage.java,3,net.minecraft.world.level.block.state.BlockState
src/main/java/net/shadowmage/ancientwarfare/automation/tile/warehouse2/TileWarehouseStorage.java,4,net.minecraft.world.entity.player.Player
src/main/java/net/shadowmage/ancientwarfare/automation/tile/warehouse2/TileWarehouseStorage.java,6,net.minecraft.world.item.ItemStack
src/main/java/net/shadowmage/ancientwarfare/automation/tile/warehouse2/TileWarehouseStorage.java,8,net.minecraft.world.InteractionHand
src/main/java/net/shadowmage/ancientwarfare/automation/tile/warehouse2/WarehouseDebugger.java,3,net.minecraft.world.item.ItemStack
src/main/java/net/shadowmage/ancientwarfare/automation/tile/warehouse2/WarehouseDebugger.java,6,net.minecraft.world.level.Level
src/main/java/net/shadowmage/ancientwarfare/automation/tile/warehouse2/WarehouseDebuggerData.java,3,net.minecraft.world.item.ItemStack
src/main/java/net/shadowmage/ancientwarfare/automation/tile/warehouse2/WarehouseDebuggerData.java,6,net.minecraft.world.level.saveddata.SavedData
src/main/java/net/shadowmage/ancientwarfare/automation/tile/warehouse2/WarehouseInterfaceFilter.java,4,net.minecraft.world.item.ItemStack
src/main/java/net/shadowmage/ancientwarfare/automation/tile/warehouse2/WarehouseStorageFilter.java,3,net.minecraft.world.item.ItemStack
src/main/java/net/shadowmage/ancientwarfare/automation/tile/warehouse2/WarehouseStorageMap.java,4,net.minecraft.world.item.ItemStack
src/main/java/net/shadowmage/ancientwarfare/automation/tile/worksite/TileAutoCrafting.java,3,net.minecraft.world.level.block.state.BlockState
src/main/java/net/shadowmage/ancientwarfare/automation/tile/worksite/TileAutoCrafting.java,4,net.minecraft.world.entity.player.Player
src/main/java/net/shadowmage/ancientwarfare/automation/tile/worksite/TileAutoCrafting.java,5,net.minecraft.inventory.InventoryCrafting
src/main/java/net/shadowmage/ancientwarfare/automation/tile/worksite/TileAutoCrafting.java,6,net.minecraft.world.item.ItemStack
src/main/java/net/shadowmage/ancientwarfare/automation/tile/worksite/TileAutoCrafting.java,9,net.minecraft.world.InteractionHand
src/main/java/net/shadowmage/ancientwarfare/automation/tile/worksite/TileOreProcessor.java,3,net.minecraft.world.level.block.state.BlockState
src/main/java/net/shadowmage/ancientwarfare/automation/tile/worksite/TileOreProcessor.java,4,net.minecraft.world.entity.player.Player
src/main/java/net/shadowmage/ancientwarfare/automation/tile/worksite/TileOreProcessor.java,7,net.minecraft.world.InteractionHand
src/main/java/net/shadowmage/ancientwarfare/automation/tile/worksite/TileWorksiteBase.java,5,net.minecraft.world.level.block.state.BlockState
src/main/java/net/shadowmage/ancientwarfare/automation/tile/worksite/TileWorksiteBase.java,6,net.minecraft.world.entity.player.Player
src/main/java/net/shadowmage/ancientwarfare/automation/tile/worksite/TileWorksiteBounded.java,3,net.minecraft.world.level.block.state.BlockState
src/main/java/net/shadowmage/ancientwarfare/automation/tile/worksite/TileWorksiteBounded.java,5,net.minecraft.world.phys.AABB
src/main/java/net/shadowmage/ancientwarfare/automation/tile/worksite/TileWorksiteBounded.java,7,net.minecraft.world.level.ChunkPos
src/main/java/net/shadowmage/ancientwarfare/automation/tile/worksite/TileWorksiteBoundedInventory.java,4,net.minecraft.world.level.block.state.BlockState
src/main/java/net/shadowmage/ancientwarfare/automation/tile/worksite/TileWorksiteBoundedInventory.java,5,net.minecraft.world.entity.player.Player
src/main/java/net/shadowmage/ancientwarfare/automation/tile/worksite/TileWorksiteFarm.java,3,net.minecraft.world.level.block.Block
src/main/java/net/shadowmage/ancientwarfare/automation/tile/worksite/TileWorksiteFarm.java,4,net.minecraft.world.level.block.state.BlockState
src/main/java/net/shadowmage/ancientwarfare/automation/tile/worksite/TileWorksiteFarm.java,5,net.minecraft.world.entity.item.ItemEntity
src/main/java/net/shadowmage/ancientwarfare/automation/tile/worksite/TileWorksiteFarm.java,6,net.minecraft.world.item.Items
src/main/java/net/shadowmage/ancientwarfare/automation/tile/worksite/TileWorksiteFarm.java,7,net.minecraft.item.EnumDyeColor
src/main/java/net/shadowmage/ancientwarfare/automation/tile/worksite/TileWorksiteFarm.java,8,net.minecraft.item.ItemDye
src/main/java/net/shadowmage/ancientwarfare/automation/tile/worksite/TileWorksiteFarm.java,9,net.minecraft.world.item.ItemStack
src/main/java/net/shadowmage/ancientwarfare/automation/tile/worksite/TileWorksiteFarm.java,12,net.minecraft.world.InteractionHand
src/main/java/net/shadowmage/ancientwarfare/automation/tile/worksite/WorkSiteAnimalFarm.java,3,net.minecraft.world.level.block.state.BlockState
src/main/java/net/shadowmage/ancientwarfare/automation/tile/worksite/WorkSiteAnimalFarm.java,4,net.minecraft.world.entity.Entity
src/main/java/net/shadowmage/ancientwarfare/automation/tile/worksite/WorkSiteAnimalFarm.java,5,net.minecraft.world.entity.item.ItemEntity
src/main/java/net/shadowmage/ancientwarfare/automation/tile/worksite/WorkSiteAnimalFarm.java,6,net.minecraft.world.entity.animal.Animal
src/main/java/net/shadowmage/ancientwarfare/automation/tile/worksite/WorkSiteAnimalFarm.java,7,net.minecraft.entity.passive.EntityChicken
src/main/java/net/shadowmage/ancientwarfare/automation/tile/worksite/WorkSiteAnimalFarm.java,8,net.minecraft.entity.passive.EntityCow
src/main/java/net/shadowmage/ancientwarfare/automation/tile/worksite/WorkSiteAnimalFarm.java,9,net.minecraft.entity.passive.EntityPig
src/main/java/net/shadowmage/ancientwarfare/automation/tile/worksite/WorkSiteAnimalFarm.java,10,net.minecraft.entity.passive.EntitySheep
src/main/java/net/shadowmage/ancientwarfare/automation/tile/worksite/WorkSiteAnimalFarm.java,11,net.minecraft.world.entity.player.Player
src/main/java/net/shadowmage/ancientwarfare/automation/tile/worksite/WorkSiteAnimalFarm.java,12,net.minecraft.world.item.Items
src/main/java/net/shadowmage/ancientwarfare/automation/tile/worksite/WorkSiteAnimalFarm.java,13,net.minecraft.world.item.Item
src/main/java/net/shadowmage/ancientwarfare/automation/tile/worksite/WorkSiteAnimalFarm.java,14,net.minecraft.item.ItemShears
src/main/java/net/shadowmage/ancientwarfare/automation/tile/worksite/WorkSiteAnimalFarm.java,15,net.minecraft.world.item.ItemStack
src/main/java/net/shadowmage/ancientwarfare/automation/tile/worksite/WorkSiteAnimalFarm.java,18,net.minecraft.world.InteractionHand
src/main/java/net/shadowmage/ancientwarfare/automation/tile/worksite/WorkSiteAnimalFarm.java,20,net.minecraft.world.level.Level
src/main/java/net/shadowmage/ancientwarfare/automation/tile/worksite/WorkSiteFishFarm.java,3,net.minecraft.block.material.Material
src/main/java/net/shadowmage/ancientwarfare/automation/tile/worksite/WorkSiteFishFarm.java,4,net.minecraft.world.level.block.state.BlockState
src/main/java/net/shadowmage/ancientwarfare/automation/tile/worksite/WorkSiteFishFarm.java,5,net.minecraft.world.entity.player.Player
src/main/java/net/shadowmage/ancientwarfare/automation/tile/worksite/WorkSiteFishFarm.java,6,net.minecraft.world.item.Items
src/main/java/net/shadowmage/ancientwarfare/automation/tile/worksite/WorkSiteFishFarm.java,7,net.minecraft.world.item.ItemStack
src/main/java/net/shadowmage/ancientwarfare/automation/tile/worksite/WorkSiteFishFarm.java,9,net.minecraft.world.InteractionHand
src/main/java/net/shadowmage/ancientwarfare/automation/tile/worksite/WorkSiteFishFarm.java,12,net.minecraft.world.storage.loot.LootContext
src/main/java/net/shadowmage/ancientwarfare/automation/tile/worksite/WorkSiteFishFarm.java,13,net.minecraft.world.storage.loot.LootTableList
src/main/java/net/shadowmage/ancientwarfare/automation/tile/worksite/WorkSiteQuarry.java,3,net.minecraft.world.level.block.Block
src/main/java/net/shadowmage/ancientwarfare/automation/tile/worksite/WorkSiteQuarry.java,4,net.minecraft.world.level.block.state.BlockState
src/main/java/net/shadowmage/ancientwarfare/automation/tile/worksite/WorkSiteQuarry.java,5,net.minecraft.world.entity.player.Player
src/main/java/net/shadowmage/ancientwarfare/automation/tile/worksite/WorkSiteQuarry.java,6,net.minecraft.world.item.ItemStack
src/main/java/net/shadowmage/ancientwarfare/automation/tile/worksite/WorkSiteQuarry.java,8,net.minecraft.world.InteractionHand
src/main/java/net/shadowmage/ancientwarfare/automation/tile/worksite/WorkSiteQuarry.java,11,net.minecraft.world.level.ChunkPos
src/main/java/net/shadowmage/ancientwarfare/automation/tile/worksite/cropfarm/CropBreakOnly.java,3,net.minecraft.world.level.block.Block
src/main/java/net/shadowmage/ancientwarfare/automation/tile/worksite/cropfarm/CropBreakOnly.java,4,net.minecraft.world.level.block.state.BlockState
src/main/java/net/shadowmage/ancientwarfare/automation/tile/worksite/cropfarm/CropBreakOnly.java,5,net.minecraft.world.item.ItemStack
src/main/java/net/shadowmage/ancientwarfare/automation/tile/worksite/cropfarm/CropBreakOnly.java,8,net.minecraft.world.level.Level
src/main/java/net/shadowmage/ancientwarfare/automation/tile/worksite/cropfarm/CropDefault.java,3,net.minecraft.block.IGrowable
src/main/java/net/shadowmage/ancientwarfare/automation/tile/worksite/cropfarm/CropDefault.java,4,net.minecraft.world.level.block.state.BlockState
src/main/java/net/shadowmage/ancientwarfare/automation/tile/worksite/cropfarm/CropDefault.java,5,net.minecraft.world.item.BlockItem
src/main/java/net/shadowmage/ancientwarfare/automation/tile/worksite/cropfarm/CropDefault.java,6,net.minecraft.item.ItemBlockSpecial
src/main/java/net/shadowmage/ancientwarfare/automation/tile/worksite/cropfarm/CropDefault.java,7,net.minecraft.world.item.ItemStack
src/main/java/net/shadowmage/ancientwarfare/automation/tile/worksite/cropfarm/CropDefault.java,11,net.minecraft.world.level.Level
src/main/java/net/shadowmage/ancientwarfare/automation/tile/worksite/cropfarm/CropGourd.java,3,net.minecraft.block.material.Material
src/main/java/net/shadowmage/ancientwarfare/automation/tile/worksite/cropfarm/CropGourd.java,4,net.minecraft.world.level.block.state.BlockState
src/main/java/net/shadowmage/ancientwarfare/automation/tile/worksite/cropfarm/CropKeepBottom.java,3,net.minecraft.world.level.block.state.BlockState
src/main/java/net/shadowmage/ancientwarfare/automation/tile/worksite/cropfarm/CropKeepBottom.java,4,net.minecraft.world.item.ItemStack
src/main/java/net/shadowmage/ancientwarfare/automation/tile/worksite/cropfarm/CropKeepBottom.java,7,net.minecraft.world.level.Level
src/main/java/net/shadowmage/ancientwarfare/automation/tile/worksite/cropfarm/CropMatureDefined.java,3,net.minecraft.world.level.block.state.BlockState
src/main/java/net/shadowmage/ancientwarfare/automation/tile/worksite/cropfarm/CropMatureDefined.java,5,net.minecraft.world.level.Level
src/main/java/net/shadowmage/ancientwarfare/automation/tile/worksite/cropfarm/CropStem.java,3,net.minecraft.block.BlockStem
src/main/java/net/shadowmage/ancientwarfare/automation/tile/worksite/cropfarm/CropStem.java,4,net.minecraft.block.material.Material
src/main/java/net/shadowmage/ancientwarfare/automation/tile/worksite/cropfarm/CropStem.java,5,net.minecraft.world.level.block.state.BlockState
src/main/java/net/shadowmage/ancientwarfare/automation/tile/worksite/cropfarm/CropStem.java,7,net.minecraft.world.level.Level
src/main/java/net/shadowmage/ancientwarfare/automation/tile/worksite/cropfarm/CropTall.java,3,net.minecraft.block.IGrowable
src/main/java/net/shadowmage/ancientwarfare/automation/tile/worksite/cropfarm/CropTall.java,4,net.minecraft.world.level.block.state.BlockState
src/main/java/net/shadowmage/ancientwarfare/automation/tile/worksite/cropfarm/CropTall.java,5,net.minecraft.world.item.ItemStack
src/main/java/net/shadowmage/ancientwarfare/automation/tile/worksite/cropfarm/CropTall.java,8,net.minecraft.world.level.Level
src/main/java/net/shadowmage/ancientwarfare/automation/tile/worksite/cropfarm/ICrop.java,3,net.minecraft.world.level.block.state.BlockState
src/main/java/net/shadowmage/ancientwarfare/automation/tile/worksite/cropfarm/ICrop.java,4,net.minecraft.world.item.ItemStack
src/main/java/net/shadowmage/ancientwarfare/automation/tile/worksite/cropfarm/ICrop.java,6,net.minecraft.world.level.Level
src/main/java/net/shadowmage/ancientwarfare/automation/tile/worksite/cropfarm/WorkSiteCropFarm.java,3,net.minecraft.world.level.block.Block
src/main/java/net/shadowmage/ancientwarfare/automation/tile/worksite/cropfarm/WorkSiteCropFarm.java,4,net.minecraft.block.BlockCrops
src/main/java/net/shadowmage/ancientwarfare/automation/tile/worksite/cropfarm/WorkSiteCropFarm.java,5,net.minecraft.block.BlockStem
src/main/java/net/shadowmage/ancientwarfare/automation/tile/worksite/cropfarm/WorkSiteCropFarm.java,6,net.minecraft.block.IGrowable
src/main/java/net/shadowmage/ancientwarfare/automation/tile/worksite/cropfarm/WorkSiteCropFarm.java,7,net.minecraft.world.level.block.state.BlockState
src/main/java/net/shadowmage/ancientwarfare/automation/tile/worksite/cropfarm/WorkSiteCropFarm.java,8,net.minecraft.world.entity.player.Player
src/main/java/net/shadowmage/ancientwarfare/automation/tile/worksite/cropfarm/WorkSiteCropFarm.java,9,net.minecraft.world.level.block.Blocks
src/main/java/net/shadowmage/ancientwarfare/automation/tile/worksite/cropfarm/WorkSiteCropFarm.java,11,net.minecraft.item.ItemDye
src/main/java/net/shadowmage/ancientwarfare/automation/tile/worksite/cropfarm/WorkSiteCropFarm.java,12,net.minecraft.world.item.ItemStack
src/main/java/net/shadowmage/ancientwarfare/automation/tile/worksite/cropfarm/WorkSiteCropFarm.java,14,net.minecraft.world.InteractionHand
src/main/java/net/shadowmage/ancientwarfare/automation/tile/worksite/fruitfarm/FruitBreakOnly.java,3,net.minecraft.world.level.block.state.BlockState
src/main/java/net/shadowmage/ancientwarfare/automation/tile/worksite/fruitfarm/FruitBreakOnly.java,4,net.minecraft.world.item.ItemStack
src/main/java/net/shadowmage/ancientwarfare/automation/tile/worksite/fruitfarm/FruitBreakOnly.java,7,net.minecraft.world.level.Level
src/main/java/net/shadowmage/ancientwarfare/automation/tile/worksite/fruitfarm/FruitCocoa.java,3,net.minecraft.world.level.block.Block
src/main/java/net/shadowmage/ancientwarfare/automation/tile/worksite/fruitfarm/FruitCocoa.java,4,net.minecraft.block.BlockCocoa
src/main/java/net/shadowmage/ancientwarfare/automation/tile/worksite/fruitfarm/FruitCocoa.java,5,net.minecraft.block.BlockOldLog
src/main/java/net/shadowmage/ancientwarfare/automation/tile/worksite/fruitfarm/FruitCocoa.java,6,net.minecraft.block.BlockPlanks
src/main/java/net/shadowmage/ancientwarfare/automation/tile/worksite/fruitfarm/FruitCocoa.java,7,net.minecraft.world.level.block.state.BlockState
src/main/java/net/shadowmage/ancientwarfare/automation/tile/worksite/fruitfarm/FruitCocoa.java,8,net.minecraft.world.level.block.Blocks
src/main/java/net/shadowmage/ancientwarfare/automation/tile/worksite/fruitfarm/FruitCocoa.java,9,net.minecraft.world.item.Items
src/main/java/net/shadowmage/ancientwarfare/automation/tile/worksite/fruitfarm/FruitCocoa.java,10,net.minecraft.item.EnumDyeColor
src/main/java/net/shadowmage/ancientwarfare/automation/tile/worksite/fruitfarm/FruitCocoa.java,11,net.minecraft.world.item.ItemStack
src/main/java/net/shadowmage/ancientwarfare/automation/tile/worksite/fruitfarm/FruitCocoa.java,15,net.minecraft.world.level.Level
src/main/java/net/shadowmage/ancientwarfare/automation/tile/worksite/fruitfarm/FruitPicked.java,3,net.minecraft.world.level.block.state.BlockState
src/main/java/net/shadowmage/ancientwarfare/automation/tile/worksite/fruitfarm/FruitPicked.java,4,net.minecraft.world.item.ItemStack
src/main/java/net/shadowmage/ancientwarfare/automation/tile/worksite/fruitfarm/FruitPicked.java,7,net.minecraft.world.level.Level
src/main/java/net/shadowmage/ancientwarfare/automation/tile/worksite/fruitfarm/FruitPickedDrop.java,3,net.minecraft.world.level.block.state.BlockState
src/main/java/net/shadowmage/ancientwarfare/automation/tile/worksite/fruitfarm/FruitPickedDrop.java,4,net.minecraft.world.item.ItemStack
src/main/java/net/shadowmage/ancientwarfare/automation/tile/worksite/fruitfarm/FruitPickedDrop.java,7,net.minecraft.world.level.Level
src/main/java/net/shadowmage/ancientwarfare/automation/tile/worksite/fruitfarm/FruitPickedRemoveOne.java,3,net.minecraft.world.item.ItemStack
src/main/java/net/shadowmage/ancientwarfare/automation/tile/worksite/fruitfarm/FruitPickedRemoveOne.java,6,net.minecraft.world.level.Level
src/main/java/net/shadowmage/ancientwarfare/automation/tile/worksite/fruitfarm/IFruit.java,3,net.minecraft.world.level.block.state.BlockState
src/main/java/net/shadowmage/ancientwarfare/automation/tile/worksite/fruitfarm/IFruit.java,4,net.minecraft.world.item.ItemStack
src/main/java/net/shadowmage/ancientwarfare/automation/tile/worksite/fruitfarm/IFruit.java,6,net.minecraft.world.level.Level
src/main/java/net/shadowmage/ancientwarfare/automation/tile/worksite/fruitfarm/WorkSiteFruitFarm.java,3,net.minecraft.block.IGrowable
src/main/java/net/shadowmage/ancientwarfare/automation/tile/worksite/fruitfarm/WorkSiteFruitFarm.java,4,net.minecraft.world.level.block.state.BlockState
src/main/java/net/shadowmage/ancientwarfare/automation/tile/worksite/fruitfarm/WorkSiteFruitFarm.java,5,net.minecraft.world.entity.player.Player
src/main/java/net/shadowmage/ancientwarfare/automation/tile/worksite/fruitfarm/WorkSiteFruitFarm.java,6,net.minecraft.world.item.ItemStack
src/main/java/net/shadowmage/ancientwarfare/automation/tile/worksite/fruitfarm/WorkSiteFruitFarm.java,7,net.minecraft.world.InteractionHand
src/main/java/net/shadowmage/ancientwarfare/automation/tile/worksite/fruitfarm/WorkSiteFruitFarm.java,9,net.minecraft.world.level.Level
src/main/java/net/shadowmage/ancientwarfare/automation/tile/worksite/treefarm/ChorusFlowerDrop.java,3,net.minecraft.world.level.block.state.BlockState
src/main/java/net/shadowmage/ancientwarfare/automation/tile/worksite/treefarm/ChorusFlowerDrop.java,4,net.minecraft.world.level.block.Blocks
src/main/java/net/shadowmage/ancientwarfare/automation/tile/worksite/treefarm/ChorusFlowerDrop.java,5,net.minecraft.world.item.Item
src/main/java/net/shadowmage/ancientwarfare/automation/tile/worksite/treefarm/ChorusFlowerDrop.java,6,net.minecraft.world.item.ItemStack
src/main/java/net/shadowmage/ancientwarfare/automation/tile/worksite/treefarm/ChorusFlowerDrop.java,9,net.minecraft.world.level.BlockGetter
src/main/java/net/shadowmage/ancientwarfare/automation/tile/worksite/treefarm/ChorusScanner.java,3,net.minecraft.world.level.block.Block
src/main/java/net/shadowmage/ancientwarfare/automation/tile/worksite/treefarm/ChorusScanner.java,4,net.minecraft.block.BlockChorusFlower
src/main/java/net/shadowmage/ancientwarfare/automation/tile/worksite/treefarm/ChorusScanner.java,5,net.minecraft.world.level.block.state.BlockState
src/main/java/net/shadowmage/ancientwarfare/automation/tile/worksite/treefarm/ChorusScanner.java,6,net.minecraft.world.level.block.Blocks
src/main/java/net/shadowmage/ancientwarfare/automation/tile/worksite/treefarm/ChorusScanner.java,9,net.minecraft.world.level.Level
src/main/java/net/shadowmage/ancientwarfare/automation/tile/worksite/treefarm/DefaultTreeScanner.java,4,net.minecraft.world.level.block.state.BlockState
src/main/java/net/shadowmage/ancientwarfare/automation/tile/worksite/treefarm/DefaultTreeScanner.java,7,net.minecraft.world.level.Level
src/main/java/net/shadowmage/ancientwarfare/automation/tile/worksite/treefarm/IBlockExtraDrop.java,3,net.minecraft.world.level.block.state.BlockState
src/main/java/net/shadowmage/ancientwarfare/automation/tile/worksite/treefarm/IBlockExtraDrop.java,4,net.minecraft.world.item.ItemStack
src/main/java/net/shadowmage/ancientwarfare/automation/tile/worksite/treefarm/IBlockExtraDrop.java,7,net.minecraft.world.level.BlockGetter
src/main/java/net/shadowmage/ancientwarfare/automation/tile/worksite/treefarm/ISapling.java,3,net.minecraft.world.item.ItemStack
src/main/java/net/shadowmage/ancientwarfare/automation/tile/worksite/treefarm/ITreeScanner.java,3,net.minecraft.world.level.block.state.BlockState
src/main/java/net/shadowmage/ancientwarfare/automation/tile/worksite/treefarm/ITreeScanner.java,5,net.minecraft.world.level.Level
src/main/java/net/shadowmage/ancientwarfare/automation/tile/worksite/treefarm/Sapling.java,3,net.minecraft.world.item.ItemStack
src/main/java/net/shadowmage/ancientwarfare/automation/tile/worksite/treefarm/WorkSiteTreeFarm.java,3,net.minecraft.world.level.block.Block
src/main/java/net/shadowmage/ancientwarfare/automation/tile/worksite/treefarm/WorkSiteTreeFarm.java,4,net.minecraft.block.IGrowable
src/main/java/net/shadowmage/ancientwarfare/automation/tile/worksite/treefarm/WorkSiteTreeFarm.java,5,net.minecraft.block.material.Material
src/main/java/net/shadowmage/ancientwarfare/automation/tile/worksite/treefarm/WorkSiteTreeFarm.java,6,net.minecraft.world.level.block.state.BlockState
src/main/java/net/shadowmage/ancientwarfare/automation/tile/worksite/treefarm/WorkSiteTreeFarm.java,7,net.minecraft.world.entity.player.Player
src/main/java/net/shadowmage/ancientwarfare/automation/tile/worksite/treefarm/WorkSiteTreeFarm.java,8,net.minecraft.world.item.Items
src/main/java/net/shadowmage/ancientwarfare/automation/tile/worksite/treefarm/WorkSiteTreeFarm.java,9,net.minecraft.item.ItemShears
src/main/java/net/shadowmage/ancientwarfare/automation/tile/worksite/treefarm/WorkSiteTreeFarm.java,10,net.minecraft.world.item.ItemStack
src/main/java/net/shadowmage/ancientwarfare/automation/tile/worksite/treefarm/WorkSiteTreeFarm.java,15,net.minecraft.world.InteractionHand
src/main/java/net/shadowmage/ancientwarfare/automation/tile/worksite/treefarm/WorkSiteTreeFarm.java,19,net.minecraft.world.level.Level
src/main/java/net/shadowmage/ancientwarfare/core/AWCoreTab.java,4,net.minecraft.world.item.ItemStack
src/main/java/net/shadowmage/ancientwarfare/core/AncientWarfareCore.java,14,net.minecraftforge.fml.common.event.FMLInitializationEvent
src/main/java/net/shadowmage/ancientwarfare/core/AncientWarfareCore.java,15,net.minecraftforge.fml.common.event.FMLPostInitializationEvent
src/main/java/net/shadowmage/ancientwarfare/core/AncientWarfareCore.java,16,net.minecraftforge.fml.common.event.FMLPreInitializationEvent
src/main/java/net/shadowmage/ancientwarfare/core/AncientWarfareCore.java,17,net.minecraftforge.fml.common.event.FMLServerStartingEvent
src/main/java/net/shadowmage/ancientwarfare/core/block/BlockBase.java,3,net.minecraft.world.level.block.Block
src/main/java/net/shadowmage/ancientwarfare/core/block/BlockBase.java,4,net.minecraft.block.material.Material
src/main/java/net/shadowmage/ancientwarfare/core/block/BlockBase.java,5,net.minecraft.world.level.block.state.BlockState
src/main/java/net/shadowmage/ancientwarfare/core/block/BlockBase.java,8,net.minecraft.world.level.Level
src/main/java/net/shadowmage/ancientwarfare/core/block/BlockBaseCore.java,3,net.minecraft.block.material.Material
src/main/java/net/shadowmage/ancientwarfare/core/block/BlockBaseCore.java,4,net.minecraft.world.level.block.state.BlockState
src/main/java/net/shadowmage/ancientwarfare/core/block/BlockEngineeringStation.java,3,net.minecraft.block.material.Material
src/main/java/net/shadowmage/ancientwarfare/core/block/BlockEngineeringStation.java,4,net.minecraft.block.state.BlockStateContainer
src/main/java/net/shadowmage/ancientwarfare/core/block/BlockEngineeringStation.java,5,net.minecraft.world.level.block.state.BlockState
src/main/java/net/shadowmage/ancientwarfare/core/block/BlockEngineeringStation.java,6,net.minecraft.world.entity.LivingEntity
src/main/java/net/shadowmage/ancientwarfare/core/block/BlockEngineeringStation.java,7,net.minecraft.world.entity.player.Player
src/main/java/net/shadowmage/ancientwarfare/core/block/BlockEngineeringStation.java,8,net.minecraft.world.level.block.entity.BlockEntity
src/main/java/net/shadowmage/ancientwarfare/core/block/BlockEngineeringStation.java,10,net.minecraft.world.InteractionHand
src/main/java/net/shadowmage/ancientwarfare/core/block/BlockEngineeringStation.java,12,net.minecraft.world.level.Level
src/main/java/net/shadowmage/ancientwarfare/core/block/BlockResearchStation.java,3,net.minecraft.block.material.Material
src/main/java/net/shadowmage/ancientwarfare/core/block/BlockResearchStation.java,4,net.minecraft.world.level.block.state.properties.BooleanProperty
src/main/java/net/shadowmage/ancientwarfare/core/block/BlockResearchStation.java,5,net.minecraft.block.state.BlockStateContainer
src/main/java/net/shadowmage/ancientwarfare/core/block/BlockResearchStation.java,6,net.minecraft.world.level.block.state.BlockState
src/main/java/net/shadowmage/ancientwarfare/core/block/BlockResearchStation.java,7,net.minecraft.world.entity.LivingEntity
src/main/java/net/shadowmage/ancientwarfare/core/block/BlockResearchStation.java,8,net.minecraft.world.entity.player.Player
src/main/java/net/shadowmage/ancientwarfare/core/block/BlockResearchStation.java,9,net.minecraft.world.level.block.entity.BlockEntity
src/main/java/net/shadowmage/ancientwarfare/core/block/BlockResearchStation.java,11,net.minecraft.world.InteractionHand
src/main/java/net/shadowmage/ancientwarfare/core/block/BlockResearchStation.java,13,net.minecraft.world.level.Level
src/main/java/net/shadowmage/ancientwarfare/core/block/BlockRotationHandler.java,3,net.minecraft.world.entity.LivingEntity
src/main/java/net/shadowmage/ancientwarfare/core/command/CommandResearch.java,3,net.minecraft.command.CommandBase
src/main/java/net/shadowmage/ancientwarfare/core/command/CommandResearch.java,4,net.minecraft.command.CommandException
src/main/java/net/shadowmage/ancientwarfare/core/command/CommandResearch.java,5,net.minecraft.command.ICommandSender
src/main/java/net/shadowmage/ancientwarfare/core/command/CommandResearch.java,6,net.minecraft.command.WrongUsageException
src/main/java/net/shadowmage/ancientwarfare/core/command/CommandUtils.java,4,net.minecraft.command.CommandException
src/main/java/net/shadowmage/ancientwarfare/core/command/CommandUtils.java,5,net.minecraft.command.ICommandSender
src/main/java/net/shadowmage/ancientwarfare/core/command/CommandUtils.java,6,net.minecraft.command.WrongUsageException
src/main/java/net/shadowmage/ancientwarfare/core/command/CommandUtils.java,7,net.minecraft.world.entity.Entity
src/main/java/net/shadowmage/ancientwarfare/core/command/CommandUtils.java,8,net.minecraft.world.entity.player.Player
src/main/java/net/shadowmage/ancientwarfare/core/command/CommandUtils.java,13,net.minecraft.world.level.ChunkPos
src/main/java/net/shadowmage/ancientwarfare/core/command/CommandUtils.java,14,net.minecraft.util.text.TextComponentString
src/main/java/net/shadowmage/ancientwarfare/core/command/CommandUtils.java,15,net.minecraft.world.level.Level
src/main/java/net/shadowmage/ancientwarfare/core/command/CommandUtils.java,16,net.minecraft.world.level.biome.Biome
src/main/java/net/shadowmage/ancientwarfare/core/command/CommandUtils.java,17,net.minecraft.world.storage.loot.LootTableList
src/main/java/net/shadowmage/ancientwarfare/core/command/ISubCommand.java,3,net.minecraft.command.CommandException
src/main/java/net/shadowmage/ancientwarfare/core/command/ISubCommand.java,4,net.minecraft.command.ICommandSender
src/main/java/net/shadowmage/ancientwarfare/core/command/ParentCommand.java,3,net.minecraft.command.CommandException
src/main/java/net/shadowmage/ancientwarfare/core/command/ParentCommand.java,4,net.minecraft.command.ICommandSender
src/main/java/net/shadowmage/ancientwarfare/core/command/ParentCommand.java,5,net.minecraft.command.WrongUsageException
src/main/java/net/shadowmage/ancientwarfare/core/command/RootCommand.java,3,net.minecraft.command.CommandBase
src/main/java/net/shadowmage/ancientwarfare/core/command/RootCommand.java,4,net.minecraft.command.CommandException
src/main/java/net/shadowmage/ancientwarfare/core/command/RootCommand.java,5,net.minecraft.command.ICommandSender
src/main/java/net/shadowmage/ancientwarfare/core/command/SimpleSubCommand.java,3,net.minecraft.command.CommandException
src/main/java/net/shadowmage/ancientwarfare/core/command/SimpleSubCommand.java,4,net.minecraft.command.ICommandSender
src/main/java/net/shadowmage/ancientwarfare/core/compat/ftb/FTBTeamViewer.java,7,net.minecraft.world.level.Level
src/main/java/net/shadowmage/ancientwarfare/core/compat/jei/AWJEIPlugin.java,13,net.minecraft.world.inventory.AbstractContainerMenu
src/main/java/net/shadowmage/ancientwarfare/core/compat/jei/AWJEIPlugin.java,14,net.minecraft.world.item.Item
src/main/java/net/shadowmage/ancientwarfare/core/compat/jei/AWJEIPlugin.java,15,net.minecraft.world.item.ItemStack
src/main/java/net/shadowmage/ancientwarfare/core/compat/jei/MultiRecipeTransferHandler.java,11,net.minecraft.world.entity.player.Player
src/main/java/net/shadowmage/ancientwarfare/core/compat/jei/MultiRecipeTransferHandler.java,12,net.minecraft.world.inventory.AbstractContainerMenu
src/main/java/net/shadowmage/ancientwarfare/core/compat/jei/MultiRecipeTransferHandler.java,13,net.minecraft.world.inventory.Slot
src/main/java/net/shadowmage/ancientwarfare/core/compat/jei/MultiRecipeTransferHandler.java,14,net.minecraft.world.item.ItemStack
src/main/java/net/shadowmage/ancientwarfare/core/compat/jei/MultiRecipeTransferHandler.java,15,net.minecraft.item.crafting.Ingredient
src/main/java/net/shadowmage/ancientwarfare/core/compat/jei/PacketTransferRecipe.java,4,net.minecraft.world.entity.player.Player
src/main/java/net/shadowmage/ancientwarfare/core/compat/jei/PacketTransferRecipe.java,5,net.minecraft.world.inventory.Slot
src/main/java/net/shadowmage/ancientwarfare/core/compat/jei/PacketTransferRecipe.java,6,net.minecraft.world.item.ItemStack
src/main/java/net/shadowmage/ancientwarfare/core/compat/jei/ResearchRecipeCategory.java,10,net.minecraft.world.item.ItemStack
src/main/java/net/shadowmage/ancientwarfare/core/compat/jei/ResearchRecipeWrapper.java,8,net.minecraft.world.item.ItemStack
src/main/java/net/shadowmage/ancientwarfare/core/config/AWCoreStatics.java,3,net.minecraft.world.item.Item
src/main/java/net/shadowmage/ancientwarfare/core/container/ContainerBackpack.java,3,net.minecraft.world.entity.player.Player
src/main/java/net/shadowmage/ancientwarfare/core/container/ContainerBackpack.java,4,net.minecraft.world.inventory.Slot
src/main/java/net/shadowmage/ancientwarfare/core/container/ContainerBackpack.java,5,net.minecraft.world.item.ItemStack
src/main/java/net/shadowmage/ancientwarfare/core/container/ContainerBackpack.java,7,net.minecraft.world.InteractionHand
src/main/java/net/shadowmage/ancientwarfare/core/container/ContainerBase.java,3,net.minecraft.world.entity.player.Player
src/main/java/net/shadowmage/ancientwarfare/core/container/ContainerBase.java,5,net.minecraft.world.inventory.AbstractContainerMenu
src/main/java/net/shadowmage/ancientwarfare/core/container/ContainerBase.java,6,net.minecraft.world.inventory.Slot
src/main/java/net/shadowmage/ancientwarfare/core/container/ContainerBase.java,7,net.minecraft.world.item.ItemStack
src/main/java/net/shadowmage/ancientwarfare/core/container/ContainerCraftingRecipeMemory.java,3,net.minecraft.world.entity.player.Player
src/main/java/net/shadowmage/ancientwarfare/core/container/ContainerCraftingRecipeMemory.java,4,net.minecraft.inventory.InventoryCrafting
src/main/java/net/shadowmage/ancientwarfare/core/container/ContainerCraftingRecipeMemory.java,5,net.minecraft.world.inventory.Slot
src/main/java/net/shadowmage/ancientwarfare/core/container/ContainerCraftingRecipeMemory.java,6,net.minecraft.world.item.ItemStack
src/main/java/net/shadowmage/ancientwarfare/core/container/ContainerCraftingRecipeMemory.java,8,net.minecraft.world.InteractionResult
src/main/java/net/shadowmage/ancientwarfare/core/container/ContainerCraftingRecipeMemory.java,10,net.minecraft.world.level.Level
src/main/java/net/shadowmage/ancientwarfare/core/container/ContainerEngineeringStation.java,3,net.minecraft.world.entity.player.Player
src/main/java/net/shadowmage/ancientwarfare/core/container/ContainerEngineeringStation.java,4,net.minecraft.inventory.ClickType
src/main/java/net/shadowmage/ancientwarfare/core/container/ContainerEngineeringStation.java,5,net.minecraft.world.inventory.Slot
src/main/java/net/shadowmage/ancientwarfare/core/container/ContainerEngineeringStation.java,6,net.minecraft.world.item.ItemStack
src/main/java/net/shadowmage/ancientwarfare/core/container/ContainerEntityBase.java,3,net.minecraft.world.entity.Entity
src/main/java/net/shadowmage/ancientwarfare/core/container/ContainerEntityBase.java,4,net.minecraft.world.entity.player.Player
src/main/java/net/shadowmage/ancientwarfare/core/container/ContainerInfoTool.java,3,net.minecraft.world.entity.player.Player
src/main/java/net/shadowmage/ancientwarfare/core/container/ContainerInfoTool.java,4,net.minecraft.world.item.ItemStack
src/main/java/net/shadowmage/ancientwarfare/core/container/ContainerManual.java,3,net.minecraft.world.entity.player.Player
src/main/java/net/shadowmage/ancientwarfare/core/container/ContainerResearchBook.java,3,net.minecraft.world.entity.player.Player
src/main/java/net/shadowmage/ancientwarfare/core/container/ContainerResearchStation.java,3,net.minecraft.world.entity.player.Player
src/main/java/net/shadowmage/ancientwarfare/core/container/ContainerResearchStation.java,4,net.minecraft.world.inventory.Slot
src/main/java/net/shadowmage/ancientwarfare/core/container/ContainerResearchStation.java,5,net.minecraft.world.item.ItemStack
src/main/java/net/shadowmage/ancientwarfare/core/container/ContainerTileBase.java,3,net.minecraft.world.entity.player.Player
src/main/java/net/shadowmage/ancientwarfare/core/container/ContainerTileBase.java,4,net.minecraft.world.level.block.entity.BlockEntity
src/main/java/net/shadowmage/ancientwarfare/core/crafting/AWCraftingManager.java,7,net.minecraft.world.entity.player.Player
src/main/java/net/shadowmage/ancientwarfare/core/crafting/AWCraftingManager.java,8,net.minecraft.world.inventory.AbstractContainerMenu
src/main/java/net/shadowmage/ancientwarfare/core/crafting/AWCraftingManager.java,9,net.minecraft.world.Container
src/main/java/net/shadowmage/ancientwarfare/core/crafting/AWCraftingManager.java,10,net.minecraft.inventory.InventoryCrafting
src/main/java/net/shadowmage/ancientwarfare/core/crafting/AWCraftingManager.java,11,net.minecraft.world.item.Item
src/main/java/net/shadowmage/ancientwarfare/core/crafting/AWCraftingManager.java,12,net.minecraft.world.item.ItemStack
src/main/java/net/shadowmage/ancientwarfare/core/crafting/AWCraftingManager.java,13,net.minecraft.item.crafting.CraftingManager
src/main/java/net/shadowmage/ancientwarfare/core/crafting/AWCraftingManager.java,14,net.minecraft.item.crafting.IRecipe
src/main/java/net/shadowmage/ancientwarfare/core/crafting/AWCraftingManager.java,15,net.minecraft.item.crafting.Ingredient
src/main/java/net/shadowmage/ancientwarfare/core/crafting/AWCraftingManager.java,19,net.minecraft.world.level.Level
src/main/java/net/shadowmage/ancientwarfare/core/crafting/AWCraftingManager.java,26,net.minecraftforge.fml.relauncher.ReflectionHelper
src/main/java/net/shadowmage/ancientwarfare/core/crafting/ICraftingRecipe.java,3,net.minecraft.inventory.InventoryCrafting
src/main/java/net/shadowmage/ancientwarfare/core/crafting/ICraftingRecipe.java,4,net.minecraft.world.item.ItemStack
src/main/java/net/shadowmage/ancientwarfare/core/crafting/ICraftingRecipe.java,5,net.minecraft.item.crafting.Ingredient
src/main/java/net/shadowmage/ancientwarfare/core/crafting/IngredientCount.java,3,net.minecraft.world.item.ItemStack
src/main/java/net/shadowmage/ancientwarfare/core/crafting/IngredientCount.java,4,net.minecraft.item.crafting.Ingredient
src/main/java/net/shadowmage/ancientwarfare/core/crafting/IngredientNBTRelaxed.java,3,net.minecraft.world.item.ItemStack
src/main/java/net/shadowmage/ancientwarfare/core/crafting/IngredientNBTRelaxed.java,4,net.minecraft.item.crafting.Ingredient
src/main/java/net/shadowmage/ancientwarfare/core/crafting/IngredientOreCount.java,3,net.minecraft.world.item.ItemStack
src/main/java/net/shadowmage/ancientwarfare/core/crafting/ResearchRecipeBase.java,3,net.minecraft.inventory.InventoryCrafting
src/main/java/net/shadowmage/ancientwarfare/core/crafting/ResearchRecipeBase.java,4,net.minecraft.world.item.ItemStack
src/main/java/net/shadowmage/ancientwarfare/core/crafting/ResearchRecipeBase.java,5,net.minecraft.item.crafting.IRecipe
src/main/java/net/shadowmage/ancientwarfare/core/crafting/ResearchRecipeBase.java,6,net.minecraft.item.crafting.Ingredient
src/main/java/net/shadowmage/ancientwarfare/core/crafting/ResearchRecipeBase.java,8,net.minecraft.world.level.Level
src/main/java/net/shadowmage/ancientwarfare/core/crafting/ResearchRecipeFactory.java,6,net.minecraft.world.item.ItemStack
src/main/java/net/shadowmage/ancientwarfare/core/crafting/ResearchRecipeFactory.java,7,net.minecraft.item.crafting.Ingredient
src/main/java/net/shadowmage/ancientwarfare/core/crafting/ShapedResearchRecipe.java,3,net.minecraft.inventory.InventoryCrafting
src/main/java/net/shadowmage/ancientwarfare/core/crafting/ShapedResearchRecipe.java,4,net.minecraft.world.item.ItemStack
src/main/java/net/shadowmage/ancientwarfare/core/crafting/ShapedResearchRecipe.java,5,net.minecraft.item.crafting.IRecipe
src/main/java/net/shadowmage/ancientwarfare/core/crafting/ShapedResearchRecipe.java,6,net.minecraft.item.crafting.Ingredient
src/main/java/net/shadowmage/ancientwarfare/core/crafting/ShapedResearchRecipe.java,7,net.minecraft.world.level.Level
src/main/java/net/shadowmage/ancientwarfare/core/crafting/ShapelessResearchRecipe.java,3,net.minecraft.inventory.InventoryCrafting
src/main/java/net/shadowmage/ancientwarfare/core/crafting/ShapelessResearchRecipe.java,4,net.minecraft.world.item.ItemStack
src/main/java/net/shadowmage/ancientwarfare/core/crafting/ShapelessResearchRecipe.java,5,net.minecraft.item.crafting.IRecipe
src/main/java/net/shadowmage/ancientwarfare/core/crafting/ShapelessResearchRecipe.java,6,net.minecraft.item.crafting.Ingredient
src/main/java/net/shadowmage/ancientwarfare/core/crafting/ShapelessResearchRecipe.java,8,net.minecraft.world.level.Level
src/main/java/net/shadowmage/ancientwarfare/core/crafting/wrappers/NoRecipeWrapper.java,3,net.minecraft.inventory.InventoryCrafting
src/main/java/net/shadowmage/ancientwarfare/core/crafting/wrappers/NoRecipeWrapper.java,4,net.minecraft.world.item.ItemStack
src/main/java/net/shadowmage/ancientwarfare/core/crafting/wrappers/NoRecipeWrapper.java,5,net.minecraft.item.crafting.Ingredient
src/main/java/net/shadowmage/ancientwarfare/core/crafting/wrappers/RegularCraftingWrapper.java,3,net.minecraft.inventory.InventoryCrafting
src/main/java/net/shadowmage/ancientwarfare/core/crafting/wrappers/RegularCraftingWrapper.java,4,net.minecraft.world.item.ItemStack
src/main/java/net/shadowmage/ancientwarfare/core/crafting/wrappers/RegularCraftingWrapper.java,5,net.minecraft.item.crafting.IRecipe
src/main/java/net/shadowmage/ancientwarfare/core/crafting/wrappers/RegularCraftingWrapper.java,6,net.minecraft.item.crafting.Ingredient
src/main/java/net/shadowmage/ancientwarfare/core/crafting/wrappers/ResearchCraftingWrapper.java,3,net.minecraft.inventory.InventoryCrafting
src/main/java/net/shadowmage/ancientwarfare/core/crafting/wrappers/ResearchCraftingWrapper.java,4,net.minecraft.world.item.ItemStack
src/main/java/net/shadowmage/ancientwarfare/core/crafting/wrappers/ResearchCraftingWrapper.java,5,net.minecraft.item.crafting.Ingredient
src/main/java/net/shadowmage/ancientwarfare/core/entity/AWEntityRegistry.java,3,net.minecraft.world.entity.Entity
src/main/java/net/shadowmage/ancientwarfare/core/entity/AWEntityRegistry.java,5,net.minecraft.world.level.Level
src/main/java/net/shadowmage/ancientwarfare/core/entity/AWEntityRegistry.java,6,net.minecraftforge.fml.common.registry.EntityRegistry
src/main/java/net/shadowmage/ancientwarfare/core/entity/AWFakePlayer.java,4,net.minecraft.world.level.block.state.BlockState
src/main/java/net/shadowmage/ancientwarfare/core/entity/AWFakePlayer.java,5,net.minecraft.world.level.Level
src/main/java/net/shadowmage/ancientwarfare/core/gamedata/AWGameData.java,3,net.minecraft.world.level.Level
src/main/java/net/shadowmage/ancientwarfare/core/gamedata/AWGameData.java,4,net.minecraft.world.storage.MapStorage
src/main/java/net/shadowmage/ancientwarfare/core/gamedata/AWGameData.java,5,net.minecraft.world.level.saveddata.SavedData
src/main/java/net/shadowmage/ancientwarfare/core/gamedata/WorldData.java,3,net.minecraft.world.entity.player.Player
src/main/java/net/shadowmage/ancientwarfare/core/gamedata/WorldData.java,5,net.minecraft.world.level.saveddata.SavedData
src/main/java/net/shadowmage/ancientwarfare/core/gui/GuiContainerBase.java,5,net.minecraft.client.gui.inventory.GuiContainer
src/main/java/net/shadowmage/ancientwarfare/core/gui/GuiContainerBase.java,8,net.minecraft.world.entity.player.Player
src/main/java/net/shadowmage/ancientwarfare/core/gui/GuiContainerBase.java,9,net.minecraft.world.inventory.Slot
src/main/java/net/shadowmage/ancientwarfare/core/gui/GuiContainerBase.java,10,net.minecraft.world.item.ItemStack
src/main/java/net/shadowmage/ancientwarfare/core/gui/GuiInfoTool.java,4,net.minecraft.inventory.ClickType
src/main/java/net/shadowmage/ancientwarfare/core/gui/GuiInfoTool.java,5,net.minecraft.world.inventory.Slot
src/main/java/net/shadowmage/ancientwarfare/core/gui/GuiResearchBook.java,4,net.minecraft.world.item.ItemStack
src/main/java/net/shadowmage/ancientwarfare/core/gui/GuiResearchBook.java,5,net.minecraft.item.crafting.Ingredient
src/main/java/net/shadowmage/ancientwarfare/core/gui/crafting/ResearchCraftingElement.java,3,net.minecraft.world.item.ItemStack
src/main/java/net/shadowmage/ancientwarfare/core/gui/elements/CompositeItemSlots.java,8,net.minecraft.world.item.ItemStack
src/main/java/net/shadowmage/ancientwarfare/core/gui/elements/ItemSlot.java,8,net.minecraft.world.item.ItemStack
src/main/java/net/shadowmage/ancientwarfare/core/gui/elements/ItemToggleButton.java,9,net.minecraft.world.item.ItemStack
src/main/java/net/shadowmage/ancientwarfare/core/gui/manual/elements/HeadingElementWrapper.java,4,net.minecraft.util.text.TextFormatting
src/main/java/net/shadowmage/ancientwarfare/core/gui/manual/elements/ItemElementWrapper.java,7,net.minecraft.world.item.ItemStack
src/main/java/net/shadowmage/ancientwarfare/core/gui/research/GuiResearchStation.java,5,net.minecraft.world.item.ItemStack
src/main/java/net/shadowmage/ancientwarfare/core/gui/research/GuiResearchStationSelection.java,5,net.minecraft.world.item.ItemStack
src/main/java/net/shadowmage/ancientwarfare/core/init/AWCoreBlocks.java,3,net.minecraft.world.level.block.Block
src/main/java/net/shadowmage/ancientwarfare/core/init/AWCoreBlocks.java,4,net.minecraft.world.item.Item
src/main/java/net/shadowmage/ancientwarfare/core/init/AWCoreBlocks.java,5,net.minecraft.world.level.block.entity.BlockEntity
src/main/java/net/shadowmage/ancientwarfare/core/init/AWCoreBlocks.java,10,net.minecraftforge.fml.common.registry.GameRegistry
src/main/java/net/shadowmage/ancientwarfare/core/init/AWCoreBlocks.java,11,net.minecraftforge.fml.common.registry.GameRegistry.ObjectHolder
src/main/java/net/shadowmage/ancientwarfare/core/init/AWCoreItems.java,3,net.minecraft.world.item.Item
src/main/java/net/shadowmage/ancientwarfare/core/init/AWCoreItems.java,7,net.minecraftforge.fml.common.registry.GameRegistry.ObjectHolder
src/main/java/net/shadowmage/ancientwarfare/core/init/AWCoreLoot.java,12,net.minecraft.world.item.Item
src/main/java/net/shadowmage/ancientwarfare/core/init/AWCoreLoot.java,15,net.minecraft.world.storage.loot.LootContext
src/main/java/net/shadowmage/ancientwarfare/core/init/AWCoreLoot.java,16,net.minecraft.world.storage.loot.LootEntry
src/main/java/net/shadowmage/ancientwarfare/core/init/AWCoreLoot.java,17,net.minecraft.world.storage.loot.LootEntryEmpty
src/main/java/net/shadowmage/ancientwarfare/core/init/AWCoreLoot.java,18,net.minecraft.world.storage.loot.LootEntryItem
src/main/java/net/shadowmage/ancientwarfare/core/init/AWCoreLoot.java,19,net.minecraft.world.storage.loot.LootEntryTable
src/main/java/net/shadowmage/ancientwarfare/core/init/AWCoreLoot.java,20,net.minecraft.world.storage.loot.LootPool
src/main/java/net/shadowmage/ancientwarfare/core/init/AWCoreLoot.java,21,net.minecraft.world.storage.loot.LootTable
src/main/java/net/shadowmage/ancientwarfare/core/init/AWCoreLoot.java,22,net.minecraft.world.storage.loot.LootTableList
src/main/java/net/shadowmage/ancientwarfare/core/init/AWCoreLoot.java,23,net.minecraft.world.storage.loot.RandomValueRange
src/main/java/net/shadowmage/ancientwarfare/core/init/AWCoreLoot.java,24,net.minecraft.world.storage.loot.conditions.LootCondition
src/main/java/net/shadowmage/ancientwarfare/core/init/AWCoreLoot.java,25,net.minecraft.world.storage.loot.conditions.LootConditionManager
src/main/java/net/shadowmage/ancientwarfare/core/init/AWCoreLoot.java,26,net.minecraft.world.storage.loot.functions.LootFunction
src/main/java/net/shadowmage/ancientwarfare/core/init/AWCoreLoot.java,27,net.minecraft.world.storage.loot.functions.LootFunctionManager
src/main/java/net/shadowmage/ancientwarfare/core/input/IItemKeyInterface.java,3,net.minecraft.world.entity.player.Player
src/main/java/net/shadowmage/ancientwarfare/core/input/IItemKeyInterface.java,4,net.minecraft.world.item.ItemStack
src/main/java/net/shadowmage/ancientwarfare/core/input/IScrollableItem.java,3,net.minecraft.world.entity.player.Player
src/main/java/net/shadowmage/ancientwarfare/core/input/IScrollableItem.java,4,net.minecraft.world.item.ItemStack
src/main/java/net/shadowmage/ancientwarfare/core/input/IScrollableItem.java,5,net.minecraft.world.level.Level
src/main/java/net/shadowmage/ancientwarfare/core/input/InputHandler.java,5,net.minecraft.world.entity.player.Player
src/main/java/net/shadowmage/ancientwarfare/core/input/InputHandler.java,6,net.minecraft.world.item.Item
src/main/java/net/shadowmage/ancientwarfare/core/input/InputHandler.java,7,net.minecraft.world.item.ItemStack
src/main/java/net/shadowmage/ancientwarfare/core/input/ItemInputCallback.java,4,net.minecraft.world.item.ItemStack
src/main/java/net/shadowmage/ancientwarfare/core/input/ItemInputCallback.java,5,net.minecraft.world.InteractionHand
src/main/java/net/shadowmage/ancientwarfare/core/interfaces/IInteractableTile.java,3,net.minecraft.world.entity.player.Player
src/main/java/net/shadowmage/ancientwarfare/core/interfaces/IInteractableTile.java,4,net.minecraft.world.InteractionHand
src/main/java/net/shadowmage/ancientwarfare/core/interfaces/ITooltipRenderer.java,3,net.minecraft.world.item.ItemStack
src/main/java/net/shadowmage/ancientwarfare/core/interfaces/IWorkSite.java,3,net.minecraft.world.entity.player.Player
src/main/java/net/shadowmage/ancientwarfare/core/inventory/InventorySlotlessBasic.java,3,net.minecraft.world.item.ItemStack
src/main/java/net/shadowmage/ancientwarfare/core/inventory/ItemHandlerBackpack.java,3,net.minecraft.world.item.ItemStack
src/main/java/net/shadowmage/ancientwarfare/core/inventory/ItemHashEntry.java,4,net.minecraft.world.item.TooltipFlag
src/main/java/net/shadowmage/ancientwarfare/core/inventory/ItemHashEntry.java,5,net.minecraft.world.item.ItemStack
src/main/java/net/shadowmage/ancientwarfare/core/inventory/ItemQuantityMap.java,3,net.minecraft.world.item.ItemStack
src/main/java/net/shadowmage/ancientwarfare/core/inventory/SlotResearchCrafting.java,4,net.minecraft.world.entity.player.Player
src/main/java/net/shadowmage/ancientwarfare/core/inventory/SlotResearchCrafting.java,5,net.minecraft.world.Container
src/main/java/net/shadowmage/ancientwarfare/core/inventory/SlotResearchCrafting.java,6,net.minecraft.inventory.InventoryCraftResult
src/main/java/net/shadowmage/ancientwarfare/core/inventory/SlotResearchCrafting.java,7,net.minecraft.inventory.InventoryCrafting
src/main/java/net/shadowmage/ancientwarfare/core/inventory/SlotResearchCrafting.java,8,net.minecraft.world.inventory.Slot
src/main/java/net/shadowmage/ancientwarfare/core/inventory/SlotResearchCrafting.java,9,net.minecraft.world.item.ItemStack
src/main/java/net/shadowmage/ancientwarfare/core/inventory/SlotResearchCrafting.java,10,net.minecraft.item.crafting.IRecipe
src/main/java/net/shadowmage/ancientwarfare/core/inventory/SlotResearchCrafting.java,11,net.minecraft.item.crafting.Ingredient
src/main/java/net/shadowmage/ancientwarfare/core/item/ItemBackpack.java,4,net.minecraft.world.item.TooltipFlag
src/main/java/net/shadowmage/ancientwarfare/core/item/ItemBackpack.java,6,net.minecraft.world.entity.player.Player
src/main/java/net/shadowmage/ancientwarfare/core/item/ItemBackpack.java,7,net.minecraft.world.item.ItemStack
src/main/java/net/shadowmage/ancientwarfare/core/item/ItemBackpack.java,9,net.minecraft.world.InteractionResultHolder
src/main/java/net/shadowmage/ancientwarfare/core/item/ItemBackpack.java,10,net.minecraft.world.InteractionResult
src/main/java/net/shadowmage/ancientwarfare/core/item/ItemBackpack.java,12,net.minecraft.world.InteractionHand
src/main/java/net/shadowmage/ancientwarfare/core/item/ItemBackpack.java,14,net.minecraft.world.level.Level
src/main/java/net/shadowmage/ancientwarfare/core/item/ItemBase.java,3,net.minecraft.world.item.Item
src/main/java/net/shadowmage/ancientwarfare/core/item/ItemBlockBase.java,3,net.minecraft.world.level.block.Block
src/main/java/net/shadowmage/ancientwarfare/core/item/ItemBlockBase.java,4,net.minecraft.world.item.BlockItem
src/main/java/net/shadowmage/ancientwarfare/core/item/ItemBlockMeta.java,3,net.minecraft.world.level.block.Block
src/main/java/net/shadowmage/ancientwarfare/core/item/ItemBlockMeta.java,4,net.minecraft.world.item.ItemStack
src/main/java/net/shadowmage/ancientwarfare/core/item/ItemBlockOwned.java,3,net.minecraft.world.level.block.Block
src/main/java/net/shadowmage/ancientwarfare/core/item/ItemBlockOwned.java,4,net.minecraft.world.level.block.state.BlockState
src/main/java/net/shadowmage/ancientwarfare/core/item/ItemBlockOwned.java,5,net.minecraft.world.entity.player.Player
src/main/java/net/shadowmage/ancientwarfare/core/item/ItemBlockOwned.java,6,net.minecraft.world.item.ItemStack
src/main/java/net/shadowmage/ancientwarfare/core/item/ItemBlockOwned.java,9,net.minecraft.world.level.Level
src/main/java/net/shadowmage/ancientwarfare/core/item/ItemBlockOwnedRotatable.java,3,net.minecraft.world.level.block.Block
src/main/java/net/shadowmage/ancientwarfare/core/item/ItemBlockOwnedRotatable.java,4,net.minecraft.world.level.block.state.BlockState
src/main/java/net/shadowmage/ancientwarfare/core/item/ItemBlockOwnedRotatable.java,5,net.minecraft.world.entity.player.Player
src/main/java/net/shadowmage/ancientwarfare/core/item/ItemBlockOwnedRotatable.java,6,net.minecraft.world.item.ItemStack
src/main/java/net/shadowmage/ancientwarfare/core/item/ItemBlockOwnedRotatable.java,9,net.minecraft.world.level.Level
src/main/java/net/shadowmage/ancientwarfare/core/item/ItemBlockRotatableMetaTile.java,3,net.minecraft.world.level.block.Block
src/main/java/net/shadowmage/ancientwarfare/core/item/ItemBlockRotatableMetaTile.java,4,net.minecraft.world.level.block.state.BlockState
src/main/java/net/shadowmage/ancientwarfare/core/item/ItemBlockRotatableMetaTile.java,5,net.minecraft.world.entity.player.Player
src/main/java/net/shadowmage/ancientwarfare/core/item/ItemBlockRotatableMetaTile.java,6,net.minecraft.world.item.ItemStack
src/main/java/net/shadowmage/ancientwarfare/core/item/ItemBlockRotatableMetaTile.java,7,net.minecraft.world.level.block.entity.BlockEntity
src/main/java/net/shadowmage/ancientwarfare/core/item/ItemBlockRotatableMetaTile.java,10,net.minecraft.world.level.Level
src/main/java/net/shadowmage/ancientwarfare/core/item/ItemHammer.java,4,net.minecraft.world.level.block.SoundType
src/main/java/net/shadowmage/ancientwarfare/core/item/ItemHammer.java,5,net.minecraft.world.level.block.state.BlockState
src/main/java/net/shadowmage/ancientwarfare/core/item/ItemHammer.java,7,net.minecraft.world.item.TooltipFlag
src/main/java/net/shadowmage/ancientwarfare/core/item/ItemHammer.java,8,net.minecraft.world.entity.LivingEntity
src/main/java/net/shadowmage/ancientwarfare/core/item/ItemHammer.java,9,net.minecraft.entity.SharedMonsterAttributes
src/main/java/net/shadowmage/ancientwarfare/core/item/ItemHammer.java,10,net.minecraft.world.entity.ai.attributes.AttributeModifier
src/main/java/net/shadowmage/ancientwarfare/core/item/ItemHammer.java,11,net.minecraft.world.entity.player.Player
src/main/java/net/shadowmage/ancientwarfare/core/item/ItemHammer.java,13,net.minecraft.world.entity.EquipmentSlot
src/main/java/net/shadowmage/ancientwarfare/core/item/ItemHammer.java,14,net.minecraft.world.item.ItemStack
src/main/java/net/shadowmage/ancientwarfare/core/item/ItemHammer.java,16,net.minecraft.world.InteractionResultHolder
src/main/java/net/shadowmage/ancientwarfare/core/item/ItemHammer.java,17,net.minecraft.world.InteractionResult
src/main/java/net/shadowmage/ancientwarfare/core/item/ItemHammer.java,18,net.minecraft.world.InteractionHand
src/main/java/net/shadowmage/ancientwarfare/core/item/ItemHammer.java,22,net.minecraft.world.phys.HitResult
src/main/java/net/shadowmage/ancientwarfare/core/item/ItemHammer.java,23,net.minecraft.world.level.Level
src/main/java/net/shadowmage/ancientwarfare/core/item/ItemInfoTool.java,7,net.minecraft.world.level.block.state.properties.Property
src/main/java/net/shadowmage/ancientwarfare/core/item/ItemInfoTool.java,8,net.minecraft.world.level.block.state.BlockState
src/main/java/net/shadowmage/ancientwarfare/core/item/ItemInfoTool.java,9,net.minecraft.world.item.TooltipFlag
src/main/java/net/shadowmage/ancientwarfare/core/item/ItemInfoTool.java,10,net.minecraft.world.entity.player.Player
src/main/java/net/shadowmage/ancientwarfare/core/item/ItemInfoTool.java,11,net.minecraft.world.item.ItemStack
src/main/java/net/shadowmage/ancientwarfare/core/item/ItemInfoTool.java,13,net.minecraft.world.InteractionResultHolder
src/main/java/net/shadowmage/ancientwarfare/core/item/ItemInfoTool.java,14,net.minecraft.world.InteractionResult
src/main/java/net/shadowmage/ancientwarfare/core/item/ItemInfoTool.java,15,net.minecraft.world.InteractionHand
src/main/java/net/shadowmage/ancientwarfare/core/item/ItemInfoTool.java,16,net.minecraft.world.phys.HitResult
src/main/java/net/shadowmage/ancientwarfare/core/item/ItemInfoTool.java,17,net.minecraft.util.text.TextComponentString
src/main/java/net/shadowmage/ancientwarfare/core/item/ItemInfoTool.java,18,net.minecraft.world.level.Level
src/main/java/net/shadowmage/ancientwarfare/core/item/ItemInfoTool.java,19,net.minecraft.world.storage.loot.LootEntry
src/main/java/net/shadowmage/ancientwarfare/core/item/ItemInfoTool.java,20,net.minecraft.world.storage.loot.LootEntryItem
src/main/java/net/shadowmage/ancientwarfare/core/item/ItemInfoTool.java,21,net.minecraft.world.storage.loot.RandomValueRange
src/main/java/net/shadowmage/ancientwarfare/core/item/ItemInfoTool.java,22,net.minecraft.world.storage.loot.conditions.LootCondition
src/main/java/net/shadowmage/ancientwarfare/core/item/ItemInfoTool.java,23,net.minecraft.world.storage.loot.conditions.LootConditionManager
src/main/java/net/shadowmage/ancientwarfare/core/item/ItemInfoTool.java,24,net.minecraft.world.storage.loot.functions.LootFunction
src/main/java/net/shadowmage/ancientwarfare/core/item/ItemInfoTool.java,25,net.minecraft.world.storage.loot.functions.LootFunctionManager
src/main/java/net/shadowmage/ancientwarfare/core/item/ItemInfoTool.java,26,net.minecraft.world.storage.loot.functions.SetCount
src/main/java/net/shadowmage/ancientwarfare/core/item/ItemInfoTool.java,27,net.minecraft.world.storage.loot.functions.SetDamage
src/main/java/net/shadowmage/ancientwarfare/core/item/ItemInfoTool.java,28,net.minecraft.world.storage.loot.functions.SetMetadata
src/main/java/net/shadowmage/ancientwarfare/core/item/ItemInfoTool.java,29,net.minecraft.world.storage.loot.functions.SetNBT
src/main/java/net/shadowmage/ancientwarfare/core/item/ItemManual.java,4,net.minecraft.world.item.TooltipFlag
src/main/java/net/shadowmage/ancientwarfare/core/item/ItemManual.java,5,net.minecraft.world.entity.item.ItemEntity
src/main/java/net/shadowmage/ancientwarfare/core/item/ItemManual.java,6,net.minecraft.world.entity.player.Player
src/main/java/net/shadowmage/ancientwarfare/core/item/ItemManual.java,7,net.minecraft.world.item.Item
src/main/java/net/shadowmage/ancientwarfare/core/item/ItemManual.java,8,net.minecraft.world.item.ItemStack
src/main/java/net/shadowmage/ancientwarfare/core/item/ItemManual.java,9,net.minecraft.world.InteractionResultHolder
src/main/java/net/shadowmage/ancientwarfare/core/item/ItemManual.java,10,net.minecraft.world.InteractionResult
src/main/java/net/shadowmage/ancientwarfare/core/item/ItemManual.java,11,net.minecraft.world.InteractionHand
src/main/java/net/shadowmage/ancientwarfare/core/item/ItemManual.java,12,net.minecraft.world.level.Level
src/main/java/net/shadowmage/ancientwarfare/core/item/ItemMulti.java,4,net.minecraft.world.item.ItemStack
src/main/java/net/shadowmage/ancientwarfare/core/item/ItemQuill.java,4,net.minecraft.world.level.block.state.BlockState
src/main/java/net/shadowmage/ancientwarfare/core/item/ItemQuill.java,6,net.minecraft.world.item.TooltipFlag
src/main/java/net/shadowmage/ancientwarfare/core/item/ItemQuill.java,7,net.minecraft.world.entity.LivingEntity
src/main/java/net/shadowmage/ancientwarfare/core/item/ItemQuill.java,8,net.minecraft.entity.SharedMonsterAttributes
src/main/java/net/shadowmage/ancientwarfare/core/item/ItemQuill.java,9,net.minecraft.world.entity.ai.attributes.AttributeModifier
src/main/java/net/shadowmage/ancientwarfare/core/item/ItemQuill.java,10,net.minecraft.world.entity.player.Player
src/main/java/net/shadowmage/ancientwarfare/core/item/ItemQuill.java,11,net.minecraft.world.entity.EquipmentSlot
src/main/java/net/shadowmage/ancientwarfare/core/item/ItemQuill.java,12,net.minecraft.world.item.ItemStack
src/main/java/net/shadowmage/ancientwarfare/core/item/ItemQuill.java,13,net.minecraft.world.InteractionResultHolder
src/main/java/net/shadowmage/ancientwarfare/core/item/ItemQuill.java,14,net.minecraft.world.InteractionResult
src/main/java/net/shadowmage/ancientwarfare/core/item/ItemQuill.java,15,net.minecraft.world.InteractionHand
src/main/java/net/shadowmage/ancientwarfare/core/item/ItemQuill.java,17,net.minecraft.world.level.Level
src/main/java/net/shadowmage/ancientwarfare/core/item/ItemResearchBook.java,4,net.minecraft.world.item.TooltipFlag
src/main/java/net/shadowmage/ancientwarfare/core/item/ItemResearchBook.java,5,net.minecraft.world.entity.player.Player
src/main/java/net/shadowmage/ancientwarfare/core/item/ItemResearchBook.java,6,net.minecraft.world.item.ItemStack
src/main/java/net/shadowmage/ancientwarfare/core/item/ItemResearchBook.java,8,net.minecraft.world.InteractionResultHolder
src/main/java/net/shadowmage/ancientwarfare/core/item/ItemResearchBook.java,9,net.minecraft.world.InteractionResult
src/main/java/net/shadowmage/ancientwarfare/core/item/ItemResearchBook.java,10,net.minecraft.world.InteractionHand
src/main/java/net/shadowmage/ancientwarfare/core/item/ItemResearchBook.java,11,net.minecraft.util.text.TextComponentTranslation
src/main/java/net/shadowmage/ancientwarfare/core/item/ItemResearchBook.java,12,net.minecraft.world.level.Level
src/main/java/net/shadowmage/ancientwarfare/core/item/ItemResearchNotes.java,5,net.minecraft.world.item.TooltipFlag
src/main/java/net/shadowmage/ancientwarfare/core/item/ItemResearchNotes.java,7,net.minecraft.world.entity.player.Player
src/main/java/net/shadowmage/ancientwarfare/core/item/ItemResearchNotes.java,8,net.minecraft.world.item.ItemStack
src/main/java/net/shadowmage/ancientwarfare/core/item/ItemResearchNotes.java,11,net.minecraft.world.InteractionResultHolder
src/main/java/net/shadowmage/ancientwarfare/core/item/ItemResearchNotes.java,12,net.minecraft.world.InteractionResult
src/main/java/net/shadowmage/ancientwarfare/core/item/ItemResearchNotes.java,13,net.minecraft.world.InteractionHand
src/main/java/net/shadowmage/ancientwarfare/core/item/ItemResearchNotes.java,15,net.minecraft.util.text.TextComponentTranslation
src/main/java/net/shadowmage/ancientwarfare/core/item/ItemResearchNotes.java,16,net.minecraft.world.level.Level
src/main/java/net/shadowmage/ancientwarfare/core/manual/ItemElement.java,4,net.minecraft.world.item.ItemStack
src/main/java/net/shadowmage/ancientwarfare/core/network/NetworkHandler.java,3,net.minecraft.world.entity.Entity
src/main/java/net/shadowmage/ancientwarfare/core/network/NetworkHandler.java,4,net.minecraft.world.entity.player.Player
src/main/java/net/shadowmage/ancientwarfare/core/network/NetworkHandler.java,7,net.minecraft.world.level.Level
src/main/java/net/shadowmage/ancientwarfare/core/network/PacketBase.java,5,net.minecraft.world.entity.player.Player
src/main/java/net/shadowmage/ancientwarfare/core/network/PacketBlockEvent.java,4,net.minecraft.world.level.block.Block
src/main/java/net/shadowmage/ancientwarfare/core/network/PacketBlockEvent.java,5,net.minecraft.world.entity.player.Player
src/main/java/net/shadowmage/ancientwarfare/core/network/PacketEntity.java,6,net.minecraft.world.entity.Entity
src/main/java/net/shadowmage/ancientwarfare/core/network/PacketEntity.java,7,net.minecraft.world.entity.player.Player
src/main/java/net/shadowmage/ancientwarfare/core/network/PacketGui.java,6,net.minecraft.world.entity.player.Player
src/main/java/net/shadowmage/ancientwarfare/core/network/PacketHandler.java,4,net.minecraft.world.entity.player.Player
src/main/java/net/shadowmage/ancientwarfare/core/network/PacketItemInteraction.java,4,net.minecraft.world.entity.player.Player
src/main/java/net/shadowmage/ancientwarfare/core/network/PacketItemInteraction.java,5,net.minecraft.world.item.ItemStack
src/main/java/net/shadowmage/ancientwarfare/core/network/PacketItemInteraction.java,6,net.minecraft.world.InteractionHand
src/main/java/net/shadowmage/ancientwarfare/core/network/PacketItemMouseScroll.java,4,net.minecraft.world.entity.player.Player
src/main/java/net/shadowmage/ancientwarfare/core/network/PacketItemMouseScroll.java,5,net.minecraft.world.item.Item
src/main/java/net/shadowmage/ancientwarfare/core/network/PacketItemMouseScroll.java,6,net.minecraft.world.item.ItemStack
src/main/java/net/shadowmage/ancientwarfare/core/network/PacketItemMouseScroll.java,7,net.minecraft.world.InteractionHand
src/main/java/net/shadowmage/ancientwarfare/core/network/PacketManualReload.java,5,net.minecraft.util.text.TextComponentString
src/main/java/net/shadowmage/ancientwarfare/core/network/PacketResearchStart.java,4,net.minecraft.world.entity.player.Player
src/main/java/net/shadowmage/ancientwarfare/core/network/PacketResearchUpdate.java,4,net.minecraft.world.entity.player.Player
src/main/java/net/shadowmage/ancientwarfare/core/owner/IOwnable.java,3,net.minecraft.world.entity.player.Player
src/main/java/net/shadowmage/ancientwarfare/core/owner/ITeamViewer.java,4,net.minecraft.world.level.Level
src/main/java/net/shadowmage/ancientwarfare/core/owner/Owner.java,4,net.minecraft.world.entity.Entity
src/main/java/net/shadowmage/ancientwarfare/core/owner/Owner.java,5,net.minecraft.entity.IEntityOwnable
src/main/java/net/shadowmage/ancientwarfare/core/owner/Owner.java,6,net.minecraft.world.entity.player.Player
src/main/java/net/shadowmage/ancientwarfare/core/owner/Owner.java,8,net.minecraft.world.level.Level
src/main/java/net/shadowmage/ancientwarfare/core/owner/ScoreboardTeamViewer.java,4,net.minecraft.world.level.Level
src/main/java/net/shadowmage/ancientwarfare/core/owner/ScoreboardTeamViewer.java,5,net.minecraft.world.scores.PlayerTeam
src/main/java/net/shadowmage/ancientwarfare/core/owner/TeamViewerRegistry.java,4,net.minecraft.world.level.Level
src/main/java/net/shadowmage/ancientwarfare/core/registry/ResearchRegistry.java,5,net.minecraft.item.crafting.Ingredient
src/main/java/net/shadowmage/ancientwarfare/core/render/BaseBakery.java,19,net.minecraft.world.item.ItemStack
src/main/java/net/shadowmage/ancientwarfare/core/render/BaseBakery.java,23,net.minecraft.world.level.BlockGetter
src/main/java/net/shadowmage/ancientwarfare/core/render/BlockStateKeyGenerator.java,5,net.minecraft.world.level.block.state.properties.Property
src/main/java/net/shadowmage/ancientwarfare/core/render/property/CoreProperties.java,3,net.minecraft.block.BlockDirectional
src/main/java/net/shadowmage/ancientwarfare/core/render/property/CoreProperties.java,4,net.minecraft.block.BlockHorizontal
src/main/java/net/shadowmage/ancientwarfare/core/render/property/CoreProperties.java,5,net.minecraft.world.level.block.state.properties.BooleanProperty
src/main/java/net/shadowmage/ancientwarfare/core/render/property/CoreProperties.java,6,net.minecraft.world.level.block.state.properties.DirectionProperty
src/main/java/net/shadowmage/ancientwarfare/core/research/ResearchData.java,3,net.minecraft.world.entity.player.Player
src/main/java/net/shadowmage/ancientwarfare/core/research/ResearchData.java,9,net.minecraft.world.level.saveddata.SavedData
src/main/java/net/shadowmage/ancientwarfare/core/research/ResearchGoal.java,3,net.minecraft.world.item.ItemStack
src/main/java/net/shadowmage/ancientwarfare/core/research/ResearchGoal.java,4,net.minecraft.item.crafting.Ingredient
src/main/java/net/shadowmage/ancientwarfare/core/research/ResearchTracker.java,5,net.minecraft.world.level.Level
src/main/java/net/shadowmage/ancientwarfare/core/tile/CraftingRecipeMemory.java,3,net.minecraft.world.entity.player.Player
src/main/java/net/shadowmage/ancientwarfare/core/tile/CraftingRecipeMemory.java,4,net.minecraft.world.inventory.AbstractContainerMenu
src/main/java/net/shadowmage/ancientwarfare/core/tile/CraftingRecipeMemory.java,5,net.minecraft.inventory.InventoryCraftResult
src/main/java/net/shadowmage/ancientwarfare/core/tile/CraftingRecipeMemory.java,6,net.minecraft.inventory.InventoryCrafting
src/main/java/net/shadowmage/ancientwarfare/core/tile/CraftingRecipeMemory.java,7,net.minecraft.world.item.ItemStack
src/main/java/net/shadowmage/ancientwarfare/core/tile/CraftingRecipeMemory.java,9,net.minecraft.world.level.block.entity.BlockEntity
src/main/java/net/shadowmage/ancientwarfare/core/tile/IBlockBreakHandler.java,3,net.minecraft.world.level.block.state.BlockState
src/main/java/net/shadowmage/ancientwarfare/core/tile/TileOwned.java,3,net.minecraft.world.entity.player.Player
src/main/java/net/shadowmage/ancientwarfare/core/tile/TileResearchStation.java,3,net.minecraft.world.level.block.state.BlockState
src/main/java/net/shadowmage/ancientwarfare/core/tile/TileResearchStation.java,4,net.minecraft.world.entity.player.Player
src/main/java/net/shadowmage/ancientwarfare/core/tile/TileResearchStation.java,5,net.minecraft.world.item.ItemStack
src/main/java/net/shadowmage/ancientwarfare/core/tile/TileResearchStation.java,9,net.minecraft.world.InteractionHand
src/main/java/net/shadowmage/ancientwarfare/core/tile/TileResearchStation.java,12,net.minecraft.world.level.Level
src/main/java/net/shadowmage/ancientwarfare/core/tile/TileUpdatable.java,6,net.minecraft.world.level.block.entity.BlockEntity
src/main/java/net/shadowmage/ancientwarfare/core/util/BlockFinder.java,4,net.minecraft.world.level.block.Block
src/main/java/net/shadowmage/ancientwarfare/core/util/BlockFinder.java,5,net.minecraft.world.level.block.state.BlockState
src/main/java/net/shadowmage/ancientwarfare/core/util/BlockFinder.java,8,net.minecraft.world.level.Level
src/main/java/net/shadowmage/ancientwarfare/core/util/BlockTools.java,7,net.minecraft.world.level.block.Block
src/main/java/net/shadowmage/ancientwarfare/core/util/BlockTools.java,8,net.minecraft.block.BlockHugeMushroom
src/main/java/net/shadowmage/ancientwarfare/core/util/BlockTools.java,9,net.minecraft.block.BlockLever.EnumOrientation
src/main/java/net/shadowmage/ancientwarfare/core/util/BlockTools.java,10,net.minecraft.block.BlockLog
src/main/java/net/shadowmage/ancientwarfare/core/util/BlockTools.java,11,net.minecraft.block.BlockRailBase.EnumRailDirection
src/main/java/net/shadowmage/ancientwarfare/core/util/BlockTools.java,12,net.minecraft.world.level.block.state.properties.Property
src/main/java/net/shadowmage/ancientwarfare/core/util/BlockTools.java,13,net.minecraft.block.state.BlockStateContainer
src/main/java/net/shadowmage/ancientwarfare/core/util/BlockTools.java,14,net.minecraft.world.level.block.state.BlockState
src/main/java/net/shadowmage/ancientwarfare/core/util/BlockTools.java,15,net.minecraft.world.entity.Entity
src/main/java/net/shadowmage/ancientwarfare/core/util/BlockTools.java,16,net.minecraft.world.entity.player.Player
src/main/java/net/shadowmage/ancientwarfare/core/util/BlockTools.java,17,net.minecraft.world.level.block.Blocks
src/main/java/net/shadowmage/ancientwarfare/core/util/BlockTools.java,18,net.minecraft.world.item.ItemStack
src/main/java/net/shadowmage/ancientwarfare/core/util/BlockTools.java,19,net.minecraft.world.level.block.entity.BlockEntity
src/main/java/net/shadowmage/ancientwarfare/core/util/BlockTools.java,20,net.minecraft.world.InteractionResult
src/main/java/net/shadowmage/ancientwarfare/core/util/BlockTools.java,22,net.minecraft.world.InteractionHand
src/main/java/net/shadowmage/ancientwarfare/core/util/BlockTools.java,24,net.minecraft.world.phys.AABB
src/main/java/net/shadowmage/ancientwarfare/core/util/BlockTools.java,27,net.minecraft.world.phys.HitResult
src/main/java/net/shadowmage/ancientwarfare/core/util/BlockTools.java,28,net.minecraft.world.phys.Vec3
src/main/java/net/shadowmage/ancientwarfare/core/util/BlockTools.java,29,net.minecraft.world.level.Level
src/main/java/net/shadowmage/ancientwarfare/core/util/BlockTools.java,30,net.minecraft.world.level.chunk.LevelChunk
src/main/java/net/shadowmage/ancientwarfare/core/util/EntityTools.java,3,net.minecraft.world.entity.Entity
src/main/java/net/shadowmage/ancientwarfare/core/util/EntityTools.java,4,net.minecraft.entity.EntityList
src/main/java/net/shadowmage/ancientwarfare/core/util/EntityTools.java,5,net.minecraft.world.entity.Mob
src/main/java/net/shadowmage/ancientwarfare/core/util/EntityTools.java,6,net.minecraft.world.entity.LivingEntity
src/main/java/net/shadowmage/ancientwarfare/core/util/EntityTools.java,7,net.minecraft.world.entity.player.Player
src/main/java/net/shadowmage/ancientwarfare/core/util/EntityTools.java,8,net.minecraft.world.item.Item
src/main/java/net/shadowmage/ancientwarfare/core/util/EntityTools.java,9,net.minecraft.world.item.ItemStack
src/main/java/net/shadowmage/ancientwarfare/core/util/EntityTools.java,11,net.minecraft.world.InteractionHand
src/main/java/net/shadowmage/ancientwarfare/core/util/EntityTools.java,13,net.minecraft.world.phys.AABB
src/main/java/net/shadowmage/ancientwarfare/core/util/EntityTools.java,15,net.minecraft.world.level.Level
src/main/java/net/shadowmage/ancientwarfare/core/util/EntityTools.java,16,net.minecraftforge.fml.common.registry.EntityEntry
src/main/java/net/shadowmage/ancientwarfare/core/util/InventoryTools.java,4,net.minecraft.world.entity.player.Player
src/main/java/net/shadowmage/ancientwarfare/core/util/InventoryTools.java,6,net.minecraft.world.Container
src/main/java/net/shadowmage/ancientwarfare/core/util/InventoryTools.java,7,net.minecraft.inventory.InventoryHelper
src/main/java/net/shadowmage/ancientwarfare/core/util/InventoryTools.java,8,net.minecraft.world.item.ItemStack
src/main/java/net/shadowmage/ancientwarfare/core/util/InventoryTools.java,11,net.minecraft.world.level.block.entity.BlockEntity
src/main/java/net/shadowmage/ancientwarfare/core/util/InventoryTools.java,17,net.minecraft.world.level.Level
src/main/java/net/shadowmage/ancientwarfare/core/util/InventoryTools.java,19,net.minecraft.world.storage.loot.LootContext
src/main/java/net/shadowmage/ancientwarfare/core/util/InventoryTools.java,20,net.minecraft.world.storage.loot.LootTable
src/main/java/net/shadowmage/ancientwarfare/core/util/InventoryTools.java,21,net.minecraft.world.storage.loot.LootTableList
src/main/java/net/shadowmage/ancientwarfare/core/util/ItemTools.java,5,net.minecraft.world.item.ItemStack
src/main/java/net/shadowmage/ancientwarfare/core/util/ItemWrapper.java,3,net.minecraft.world.item.Item
src/main/java/net/shadowmage/ancientwarfare/core/util/ModelLoaderHelper.java,3,net.minecraft.world.level.block.Block
src/main/java/net/shadowmage/ancientwarfare/core/util/ModelLoaderHelper.java,5,net.minecraft.world.item.Item
src/main/java/net/shadowmage/ancientwarfare/core/util/ModelLoaderHelper.java,6,net.minecraft.world.item.ItemStack
src/main/java/net/shadowmage/ancientwarfare/core/util/NBTHelper.java,4,net.minecraft.world.level.block.Block
src/main/java/net/shadowmage/ancientwarfare/core/util/NBTHelper.java,5,net.minecraft.world.level.block.state.properties.Property
src/main/java/net/shadowmage/ancientwarfare/core/util/NBTHelper.java,6,net.minecraft.world.level.block.state.BlockState
src/main/java/net/shadowmage/ancientwarfare/core/util/RayTraceUtils.java,4,net.minecraft.world.entity.Entity
src/main/java/net/shadowmage/ancientwarfare/core/util/RayTraceUtils.java,5,net.minecraft.world.entity.player.Player
src/main/java/net/shadowmage/ancientwarfare/core/util/RayTraceUtils.java,6,net.minecraft.world.phys.AABB
src/main/java/net/shadowmage/ancientwarfare/core/util/RayTraceUtils.java,8,net.minecraft.world.phys.HitResult
src/main/java/net/shadowmage/ancientwarfare/core/util/RayTraceUtils.java,9,net.minecraft.world.phys.Vec3
src/main/java/net/shadowmage/ancientwarfare/core/util/RayTraceUtils.java,10,net.minecraft.world.level.Level
src/main/java/net/shadowmage/ancientwarfare/core/util/RegistryTools.java,3,net.minecraft.world.level.block.Block
src/main/java/net/shadowmage/ancientwarfare/core/util/RegistryTools.java,4,net.minecraft.world.level.block.Blocks
src/main/java/net/shadowmage/ancientwarfare/core/util/RegistryTools.java,5,net.minecraft.world.item.Items
src/main/java/net/shadowmage/ancientwarfare/core/util/RegistryTools.java,6,net.minecraft.world.item.Item
src/main/java/net/shadowmage/ancientwarfare/core/util/RenderTools.java,7,net.minecraft.client.renderer.tileentity.TileEntityRendererDispatcher
src/main/java/net/shadowmage/ancientwarfare/core/util/RenderTools.java,8,net.minecraft.client.renderer.tileentity.TileEntitySpecialRenderer
src/main/java/net/shadowmage/ancientwarfare/core/util/RenderTools.java,10,net.minecraft.world.entity.player.Player
src/main/java/net/shadowmage/ancientwarfare/core/util/RenderTools.java,11,net.minecraft.world.level.block.entity.BlockEntity
src/main/java/net/shadowmage/ancientwarfare/core/util/RenderTools.java,12,net.minecraft.world.phys.AABB
src/main/java/net/shadowmage/ancientwarfare/core/util/RenderTools.java,14,net.minecraft.world.level.Level
src/main/java/net/shadowmage/ancientwarfare/core/util/SongPlayData.java,3,net.minecraft.item.ItemRecord
src/main/java/net/shadowmage/ancientwarfare/core/util/SortItemsFirstComparator.java,3,net.minecraft.world.level.block.Block
src/main/java/net/shadowmage/ancientwarfare/core/util/SortItemsFirstComparator.java,4,net.minecraft.world.item.Item
src/main/java/net/shadowmage/ancientwarfare/core/util/SortItemsFirstComparator.java,5,net.minecraft.world.item.BlockItem
src/main/java/net/shadowmage/ancientwarfare/core/util/SortItemsFirstComparator.java,6,net.minecraft.world.item.ItemStack
src/main/java/net/shadowmage/ancientwarfare/core/util/WorldTools.java,4,net.minecraft.world.entity.player.Player
src/main/java/net/shadowmage/ancientwarfare/core/util/WorldTools.java,5,net.minecraft.world.level.block.entity.BlockEntity
src/main/java/net/shadowmage/ancientwarfare/core/util/WorldTools.java,7,net.minecraft.world.InteractionHand
src/main/java/net/shadowmage/ancientwarfare/core/util/WorldTools.java,9,net.minecraft.world.level.BlockGetter
src/main/java/net/shadowmage/ancientwarfare/core/util/WorldTools.java,10,net.minecraft.world.level.Level
src/main/java/net/shadowmage/ancientwarfare/core/util/WorldTools.java,12,net.minecraft.world.level.biome.Biome
src/main/java/net/shadowmage/ancientwarfare/core/util/WorldTools.java,13,net.minecraft.world.level.chunk.LevelChunk
src/main/java/net/shadowmage/ancientwarfare/core/util/WorldTools.java,14,net.minecraft.world.storage.MapStorage
src/main/java/net/shadowmage/ancientwarfare/core/util/WorldTools.java,15,net.minecraft.world.level.saveddata.SavedData
src/main/java/net/shadowmage/ancientwarfare/core/util/parsing/BlockStateMatcher.java,3,net.minecraft.world.level.block.Block
src/main/java/net/shadowmage/ancientwarfare/core/util/parsing/BlockStateMatcher.java,4,net.minecraft.world.level.block.state.properties.Property
src/main/java/net/shadowmage/ancientwarfare/core/util/parsing/BlockStateMatcher.java,5,net.minecraft.world.level.block.state.BlockState
src/main/java/net/shadowmage/ancientwarfare/core/util/parsing/ItemStackMatcher.java,3,net.minecraft.world.item.Item
src/main/java/net/shadowmage/ancientwarfare/core/util/parsing/ItemStackMatcher.java,4,net.minecraft.world.item.ItemStack
src/main/java/net/shadowmage/ancientwarfare/core/util/parsing/JsonHelper.java,9,net.minecraft.world.level.block.Block
src/main/java/net/shadowmage/ancientwarfare/core/util/parsing/JsonHelper.java,10,net.minecraft.world.level.block.state.BlockState
src/main/java/net/shadowmage/ancientwarfare/core/util/parsing/JsonHelper.java,11,net.minecraft.world.item.Item
src/main/java/net/shadowmage/ancientwarfare/core/util/parsing/JsonHelper.java,12,net.minecraft.world.item.ItemStack
src/main/java/net/shadowmage/ancientwarfare/core/util/parsing/MultiBlockStateMatcher.java,3,net.minecraft.world.level.block.state.BlockState
src/main/java/net/shadowmage/ancientwarfare/core/util/parsing/PropertyState.java,3,net.minecraft.world.level.block.state.properties.Property
src/main/java/net/shadowmage/ancientwarfare/core/util/parsing/PropertyState.java,4,net.minecraft.world.level.block.state.BlockState
src/main/java/net/shadowmage/ancientwarfare/core/util/parsing/PropertyStateMatcher.java,3,net.minecraft.world.level.block.state.BlockState
src/main/java/net/shadowmage/ancientwarfare/npc/AWNPCTab.java,4,net.minecraft.world.item.ItemStack
src/main/java/net/shadowmage/ancientwarfare/npc/AncientWarfareNPC.java,3,net.minecraft.world.storage.loot.properties.EntityPropertyManager
src/main/java/net/shadowmage/ancientwarfare/npc/AncientWarfareNPC.java,12,net.minecraftforge.fml.common.event.FMLInitializationEvent
src/main/java/net/shadowmage/ancientwarfare/npc/AncientWarfareNPC.java,13,net.minecraftforge.fml.common.event.FMLPostInitializationEvent
src/main/java/net/shadowmage/ancientwarfare/npc/AncientWarfareNPC.java,14,net.minecraftforge.fml.common.event.FMLPreInitializationEvent
src/main/java/net/shadowmage/ancientwarfare/npc/AncientWarfareNPC.java,15,net.minecraftforge.fml.common.event.FMLServerStartingEvent
src/main/java/net/shadowmage/ancientwarfare/npc/ai/AIHelper.java,3,net.minecraft.world.entity.Entity
src/main/java/net/shadowmage/ancientwarfare/npc/ai/AIHelper.java,4,net.minecraft.world.entity.Mob
src/main/java/net/shadowmage/ancientwarfare/npc/ai/AIHelper.java,5,net.minecraft.world.entity.LivingEntity
src/main/java/net/shadowmage/ancientwarfare/npc/ai/AIHelper.java,6,net.minecraft.entity.SharedMonsterAttributes
src/main/java/net/shadowmage/ancientwarfare/npc/ai/AIHelper.java,7,net.minecraft.world.entity.player.Player
src/main/java/net/shadowmage/ancientwarfare/npc/ai/NpcAI.java,3,net.minecraft.world.entity.Entity
src/main/java/net/shadowmage/ancientwarfare/npc/ai/NpcAI.java,4,net.minecraft.entity.SharedMonsterAttributes
src/main/java/net/shadowmage/ancientwarfare/npc/ai/NpcAI.java,5,net.minecraft.world.entity.ai.goal.Goal
src/main/java/net/shadowmage/ancientwarfare/npc/ai/NpcAI.java,6,net.minecraft.entity.ai.RandomPositionGenerator
src/main/java/net/shadowmage/ancientwarfare/npc/ai/NpcAI.java,10,net.minecraft.world.phys.Vec3
src/main/java/net/shadowmage/ancientwarfare/npc/ai/NpcAIAttack.java,3,net.minecraft.world.entity.LivingEntity
src/main/java/net/shadowmage/ancientwarfare/npc/ai/NpcAIAttack.java,4,net.minecraft.entity.SharedMonsterAttributes
src/main/java/net/shadowmage/ancientwarfare/npc/ai/NpcAIAttack.java,5,net.minecraft.world.entity.ai.attributes.AttributeInstance
src/main/java/net/shadowmage/ancientwarfare/npc/ai/NpcAIAttackMeleeLongRange.java,3,net.minecraft.entity.SharedMonsterAttributes
src/main/java/net/shadowmage/ancientwarfare/npc/ai/NpcAIAttackMeleeLongRange.java,4,net.minecraft.world.item.ItemStack
src/main/java/net/shadowmage/ancientwarfare/npc/ai/NpcAIAttackMeleeLongRange.java,5,net.minecraft.world.InteractionHand
src/main/java/net/shadowmage/ancientwarfare/npc/ai/NpcAIAttackNearest.java,4,net.minecraft.world.entity.Entity
src/main/java/net/shadowmage/ancientwarfare/npc/ai/NpcAIAttackNearest.java,5,net.minecraft.world.entity.LivingEntity
src/main/java/net/shadowmage/ancientwarfare/npc/ai/NpcAIAttackNearest.java,6,net.minecraft.entity.ai.EntityAINearestAttackableTarget
src/main/java/net/shadowmage/ancientwarfare/npc/ai/NpcAIAttackNearest.java,7,net.minecraft.world.phys.AABB
src/main/java/net/shadowmage/ancientwarfare/npc/ai/NpcAIBlockWithShield.java,3,net.minecraft.world.entity.Mob
src/main/java/net/shadowmage/ancientwarfare/npc/ai/NpcAIBlockWithShield.java,4,net.minecraft.world.entity.LivingEntity
src/main/java/net/shadowmage/ancientwarfare/npc/ai/NpcAIBlockWithShield.java,5,net.minecraft.world.entity.player.Player
src/main/java/net/shadowmage/ancientwarfare/npc/ai/NpcAIBlockWithShield.java,7,net.minecraft.world.InteractionHand
src/main/java/net/shadowmage/ancientwarfare/npc/ai/NpcAIDoor.java,3,net.minecraft.block.BlockDoor
src/main/java/net/shadowmage/ancientwarfare/npc/ai/NpcAIDoor.java,4,net.minecraft.block.BlockFenceGate
src/main/java/net/shadowmage/ancientwarfare/npc/ai/NpcAIDoor.java,5,net.minecraft.block.BlockHorizontal
src/main/java/net/shadowmage/ancientwarfare/npc/ai/NpcAIDoor.java,6,net.minecraft.block.material.Material
src/main/java/net/shadowmage/ancientwarfare/npc/ai/NpcAIDoor.java,7,net.minecraft.world.level.block.state.BlockState
src/main/java/net/shadowmage/ancientwarfare/npc/ai/NpcAIDoor.java,12,net.minecraft.world.phys.AABB
src/main/java/net/shadowmage/ancientwarfare/npc/ai/NpcAIDoor.java,15,net.minecraft.world.phys.Vec3
src/main/java/net/shadowmage/ancientwarfare/npc/ai/NpcAIFleeHostiles.java,4,net.minecraft.world.entity.Entity
src/main/java/net/shadowmage/ancientwarfare/npc/ai/NpcAIFleeHostiles.java,5,net.minecraft.entity.EntityList
src/main/java/net/shadowmage/ancientwarfare/npc/ai/NpcAIFleeHostiles.java,6,net.minecraft.world.entity.Mob
src/main/java/net/shadowmage/ancientwarfare/npc/ai/NpcAIFleeHostiles.java,7,net.minecraft.world.entity.LivingEntity
src/main/java/net/shadowmage/ancientwarfare/npc/ai/NpcAIFleeHostiles.java,8,net.minecraft.entity.IEntityOwnable
src/main/java/net/shadowmage/ancientwarfare/npc/ai/NpcAIFleeHostiles.java,9,net.minecraft.entity.ai.EntityAINearestAttackableTarget
src/main/java/net/shadowmage/ancientwarfare/npc/ai/NpcAIFleeHostiles.java,10,net.minecraft.entity.ai.RandomPositionGenerator
src/main/java/net/shadowmage/ancientwarfare/npc/ai/NpcAIFleeHostiles.java,12,net.minecraft.world.phys.Vec3
src/main/java/net/shadowmage/ancientwarfare/npc/ai/NpcAIFleeHostiles.java,13,net.minecraft.world.level.Level
src/main/java/net/shadowmage/ancientwarfare/npc/ai/NpcAIFollowPlayer.java,3,net.minecraft.world.entity.Entity
src/main/java/net/shadowmage/ancientwarfare/npc/ai/NpcAIHurt.java,3,net.minecraft.world.entity.LivingEntity
src/main/java/net/shadowmage/ancientwarfare/npc/ai/NpcAIHurt.java,4,net.minecraft.entity.ai.EntityAIHurtByTarget
src/main/java/net/shadowmage/ancientwarfare/npc/ai/NpcAIHurt.java,5,net.minecraft.world.entity.player.Player
src/main/java/net/shadowmage/ancientwarfare/npc/ai/NpcAIMedicBase.java,4,net.minecraft.world.entity.LivingEntity
src/main/java/net/shadowmage/ancientwarfare/npc/ai/NpcAIMedicBase.java,5,net.minecraft.entity.SharedMonsterAttributes
src/main/java/net/shadowmage/ancientwarfare/npc/ai/NpcAIMedicBase.java,6,net.minecraft.entity.ai.EntityAINearestAttackableTarget
src/main/java/net/shadowmage/ancientwarfare/npc/ai/NpcAIMedicBase.java,7,net.minecraft.entity.ai.EntityAINearestAttackableTarget.Sorter
src/main/java/net/shadowmage/ancientwarfare/npc/ai/NpcAIMedicBase.java,8,net.minecraft.world.entity.player.Player
src/main/java/net/shadowmage/ancientwarfare/npc/ai/NpcAIMedicBase.java,9,net.minecraft.world.InteractionHand
src/main/java/net/shadowmage/ancientwarfare/npc/ai/NpcAIMedicBase.java,10,net.minecraft.world.phys.AABB
src/main/java/net/shadowmage/ancientwarfare/npc/ai/NpcAIRideHorse.java,3,net.minecraft.world.entity.Mob
src/main/java/net/shadowmage/ancientwarfare/npc/ai/NpcAIRideHorse.java,4,net.minecraft.entity.SharedMonsterAttributes
src/main/java/net/shadowmage/ancientwarfare/npc/ai/NpcAIRideHorse.java,5,net.minecraft.world.entity.ai.goal.GoalSelector
src/main/java/net/shadowmage/ancientwarfare/npc/ai/NpcAIRideHorse.java,6,net.minecraft.world.entity.ai.attributes.AttributeModifier
src/main/java/net/shadowmage/ancientwarfare/npc/ai/NpcAIRideHorse.java,7,net.minecraft.entity.passive.AbstractHorse
src/main/java/net/shadowmage/ancientwarfare/npc/ai/NpcAIRideHorse.java,8,net.minecraft.entity.passive.EntityHorse
src/main/java/net/shadowmage/ancientwarfare/npc/ai/NpcAISing.java,3,net.minecraft.world.entity.player.Player
src/main/java/net/shadowmage/ancientwarfare/npc/ai/NpcAISing.java,5,net.minecraft.world.phys.AABB
src/main/java/net/shadowmage/ancientwarfare/npc/ai/NpcAIWander.java,3,net.minecraft.entity.ai.RandomPositionGenerator
src/main/java/net/shadowmage/ancientwarfare/npc/ai/NpcAIWander.java,4,net.minecraft.world.phys.Vec3
src/main/java/net/shadowmage/ancientwarfare/npc/ai/NpcAIWatchClosest.java,3,net.minecraft.world.entity.Entity
src/main/java/net/shadowmage/ancientwarfare/npc/ai/NpcAIWatchClosest.java,4,net.minecraft.entity.ai.EntityAIWatchClosest
src/main/java/net/shadowmage/ancientwarfare/npc/ai/NpcNavigator.java,3,net.minecraft.block.material.Material
src/main/java/net/shadowmage/ancientwarfare/npc/ai/NpcNavigator.java,4,net.minecraft.world.entity.Entity
src/main/java/net/shadowmage/ancientwarfare/npc/ai/NpcNavigator.java,5,net.minecraft.world.entity.Mob
src/main/java/net/shadowmage/ancientwarfare/npc/ai/NpcNavigator.java,12,net.minecraft.world.phys.Vec3
src/main/java/net/shadowmage/ancientwarfare/npc/ai/NpcNavigator.java,13,net.minecraft.world.ChunkCache
src/main/java/net/shadowmage/ancientwarfare/npc/ai/NpcWalkNodeProcessor.java,3,net.minecraft.world.level.block.Block
src/main/java/net/shadowmage/ancientwarfare/npc/ai/NpcWalkNodeProcessor.java,4,net.minecraft.block.BlockFenceGate
src/main/java/net/shadowmage/ancientwarfare/npc/ai/NpcWalkNodeProcessor.java,5,net.minecraft.world.level.block.state.BlockState
src/main/java/net/shadowmage/ancientwarfare/npc/ai/NpcWalkNodeProcessor.java,6,net.minecraft.world.entity.Mob
src/main/java/net/shadowmage/ancientwarfare/npc/ai/NpcWalkNodeProcessor.java,11,net.minecraft.world.phys.AABB
src/main/java/net/shadowmage/ancientwarfare/npc/ai/NpcWalkNodeProcessor.java,14,net.minecraft.world.level.BlockGetter
src/main/java/net/shadowmage/ancientwarfare/npc/ai/faction/NpcAIFactionCommander.java,3,net.minecraft.world.effect.MobEffectInstance
src/main/java/net/shadowmage/ancientwarfare/npc/ai/faction/NpcAIFactionFleeSun.java,3,net.minecraft.world.entity.EquipmentSlot
src/main/java/net/shadowmage/ancientwarfare/npc/ai/faction/NpcAIFactionFleeSun.java,5,net.minecraft.world.phys.Vec3
src/main/java/net/shadowmage/ancientwarfare/npc/ai/faction/NpcAIFactionFleeSun.java,6,net.minecraft.world.level.Level
src/main/java/net/shadowmage/ancientwarfare/npc/ai/faction/NpcAIFactionHurt.java,4,net.minecraft.world.entity.Entity
src/main/java/net/shadowmage/ancientwarfare/npc/ai/faction/NpcAIFactionHurt.java,5,net.minecraft.world.entity.LivingEntity
src/main/java/net/shadowmage/ancientwarfare/npc/ai/faction/NpcAIFactionHurt.java,6,net.minecraft.entity.ai.EntityAIHurtByTarget
src/main/java/net/shadowmage/ancientwarfare/npc/ai/faction/NpcAIFactionPanic.java,3,net.minecraft.world.entity.PathfinderMob
src/main/java/net/shadowmage/ancientwarfare/npc/ai/faction/NpcAIFactionPanic.java,4,net.minecraft.entity.ai.EntityAIPanic
src/main/java/net/shadowmage/ancientwarfare/npc/ai/faction/NpcAIFactionPanic.java,5,net.minecraft.entity.ai.RandomPositionGenerator
src/main/java/net/shadowmage/ancientwarfare/npc/ai/faction/NpcAIFactionPanic.java,6,net.minecraft.world.phys.Vec3
src/main/java/net/shadowmage/ancientwarfare/npc/ai/faction/NpcAIFactionRangedAttack.java,3,net.minecraft.entity.IRangedAttackMob
src/main/java/net/shadowmage/ancientwarfare/npc/ai/faction/NpcAIFactionRangedAttack.java,4,net.minecraft.entity.SharedMonsterAttributes
src/main/java/net/shadowmage/ancientwarfare/npc/ai/faction/NpcAIFactionRangedAttack.java,5,net.minecraft.world.InteractionHand
src/main/java/net/shadowmage/ancientwarfare/npc/ai/faction/NpcAIFactionRestrictSun.java,3,net.minecraft.entity.ai.EntityAIRestrictSun
src/main/java/net/shadowmage/ancientwarfare/npc/ai/faction/NpcAIFactionRideHorse.java,3,net.minecraft.world.entity.Mob
src/main/java/net/shadowmage/ancientwarfare/npc/ai/faction/NpcAIFactionRideHorse.java,4,net.minecraft.entity.passive.AbstractHorse
src/main/java/net/shadowmage/ancientwarfare/npc/ai/owned/NpcAIOwnerHurtByTarget.java,3,net.minecraft.world.entity.LivingEntity
src/main/java/net/shadowmage/ancientwarfare/npc/ai/owned/NpcAIOwnerHurtByTarget.java,4,net.minecraft.entity.ai.EntityAITarget
src/main/java/net/shadowmage/ancientwarfare/npc/ai/owned/NpcAIOwnerHurtTarget.java,3,net.minecraft.world.entity.LivingEntity
src/main/java/net/shadowmage/ancientwarfare/npc/ai/owned/NpcAIOwnerHurtTarget.java,4,net.minecraft.entity.ai.EntityAITarget
src/main/java/net/shadowmage/ancientwarfare/npc/ai/owned/NpcAIPlayerOwnedAttackRanged.java,4,net.minecraft.entity.IRangedAttackMob
src/main/java/net/shadowmage/ancientwarfare/npc/ai/owned/NpcAIPlayerOwnedCommander.java,3,net.minecraft.entity.SharedMonsterAttributes
src/main/java/net/shadowmage/ancientwarfare/npc/ai/owned/NpcAIPlayerOwnedCommander.java,4,net.minecraft.world.effect.MobEffects
src/main/java/net/shadowmage/ancientwarfare/npc/ai/owned/NpcAIPlayerOwnedCommander.java,5,net.minecraft.world.effect.MobEffectInstance
src/main/java/net/shadowmage/ancientwarfare/npc/ai/owned/NpcAIPlayerOwnedCommander.java,6,net.minecraft.world.phys.AABB
src/main/java/net/shadowmage/ancientwarfare/npc/ai/owned/NpcAIPlayerOwnedCourier.java,3,net.minecraft.world.item.ItemStack
src/main/java/net/shadowmage/ancientwarfare/npc/ai/owned/NpcAIPlayerOwnedCourier.java,5,net.minecraft.world.level.block.entity.BlockEntity
src/main/java/net/shadowmage/ancientwarfare/npc/ai/owned/NpcAIPlayerOwnedCourier.java,7,net.minecraft.world.InteractionHand
src/main/java/net/shadowmage/ancientwarfare/npc/ai/owned/NpcAIPlayerOwnedFindWorksite.java,3,net.minecraft.world.level.block.entity.BlockEntity
src/main/java/net/shadowmage/ancientwarfare/npc/ai/owned/NpcAIPlayerOwnedFollowCommand.java,3,net.minecraft.world.entity.Entity
src/main/java/net/shadowmage/ancientwarfare/npc/ai/owned/NpcAIPlayerOwnedFollowCommand.java,4,net.minecraft.entity.passive.EntityHorse
src/main/java/net/shadowmage/ancientwarfare/npc/ai/owned/NpcAIPlayerOwnedPatrol.java,3,net.minecraft.world.item.ItemStack
src/main/java/net/shadowmage/ancientwarfare/npc/ai/owned/NpcAIPlayerOwnedPriest.java,3,net.minecraft.world.entity.EquipmentSlot
src/main/java/net/shadowmage/ancientwarfare/npc/ai/owned/NpcAIPlayerOwnedPriest.java,4,net.minecraft.world.item.ItemStack
src/main/java/net/shadowmage/ancientwarfare/npc/ai/owned/NpcAIPlayerOwnedPriest.java,5,net.minecraft.world.InteractionHand
src/main/java/net/shadowmage/ancientwarfare/npc/ai/owned/NpcAIPlayerOwnedRideHorse.java,3,net.minecraft.entity.passive.AbstractHorse
src/main/java/net/shadowmage/ancientwarfare/npc/ai/owned/NpcAIPlayerOwnedTrader.java,3,net.minecraft.world.item.ItemStack
src/main/java/net/shadowmage/ancientwarfare/npc/ai/owned/NpcAIPlayerOwnedWork.java,4,net.minecraft.world.InteractionHand
src/main/java/net/shadowmage/ancientwarfare/npc/ai/owned/NpcAIPlayerOwnedWorkRandom.java,4,net.minecraft.world.InteractionHand
src/main/java/net/shadowmage/ancientwarfare/npc/ai/vehicle/NpcAIFireVehicle.java,3,net.minecraft.world.phys.Vec3
src/main/java/net/shadowmage/ancientwarfare/npc/ai/vehicle/NpcAIMountVehicle.java,3,net.minecraft.world.entity.Entity
src/main/java/net/shadowmage/ancientwarfare/npc/block/BlockBaseNPC.java,3,net.minecraft.block.material.Material
src/main/java/net/shadowmage/ancientwarfare/npc/block/BlockBaseNPC.java,4,net.minecraft.world.level.block.state.BlockState
src/main/java/net/shadowmage/ancientwarfare/npc/block/BlockTownHall.java,3,net.minecraft.world.level.block.Block
src/main/java/net/shadowmage/ancientwarfare/npc/block/BlockTownHall.java,4,net.minecraft.block.material.Material
src/main/java/net/shadowmage/ancientwarfare/npc/block/BlockTownHall.java,5,net.minecraft.world.level.block.state.BlockState
src/main/java/net/shadowmage/ancientwarfare/npc/block/BlockTownHall.java,6,net.minecraft.world.entity.player.Player
src/main/java/net/shadowmage/ancientwarfare/npc/block/BlockTownHall.java,7,net.minecraft.world.level.block.entity.BlockEntity
src/main/java/net/shadowmage/ancientwarfare/npc/block/BlockTownHall.java,10,net.minecraft.world.InteractionHand
src/main/java/net/shadowmage/ancientwarfare/npc/block/BlockTownHall.java,12,net.minecraft.world.level.Level
src/main/java/net/shadowmage/ancientwarfare/npc/command/CommandDebugAI.java,3,net.minecraft.command.CommandBase
src/main/java/net/shadowmage/ancientwarfare/npc/command/CommandDebugAI.java,4,net.minecraft.command.CommandException
src/main/java/net/shadowmage/ancientwarfare/npc/command/CommandDebugAI.java,5,net.minecraft.command.ICommandSender
src/main/java/net/shadowmage/ancientwarfare/npc/command/CommandDebugAI.java,6,net.minecraft.command.WrongUsageException
src/main/java/net/shadowmage/ancientwarfare/npc/command/CommandDebugAI.java,8,net.minecraft.util.text.TextComponentTranslation
src/main/java/net/shadowmage/ancientwarfare/npc/command/CommandFaction.java,3,net.minecraft.command.CommandBase
src/main/java/net/shadowmage/ancientwarfare/npc/command/CommandFaction.java,4,net.minecraft.command.CommandException
src/main/java/net/shadowmage/ancientwarfare/npc/command/CommandFaction.java,5,net.minecraft.command.ICommandSender
src/main/java/net/shadowmage/ancientwarfare/npc/command/CommandFaction.java,6,net.minecraft.command.WrongUsageException
src/main/java/net/shadowmage/ancientwarfare/npc/command/CommandFaction.java,9,net.minecraft.util.text.TextComponentTranslation
src/main/java/net/shadowmage/ancientwarfare/npc/command/CommandFaction.java,10,net.minecraft.world.level.Level
src/main/java/net/shadowmage/ancientwarfare/npc/command/CommandTeams.java,3,net.minecraft.command.ICommandSender
src/main/java/net/shadowmage/ancientwarfare/npc/command/CommandTeams.java,5,net.minecraft.util.text.TextComponentString
src/main/java/net/shadowmage/ancientwarfare/npc/command/CommandTeams.java,6,net.minecraft.util.text.TextComponentTranslation
src/main/java/net/shadowmage/ancientwarfare/npc/compat/TwilightForestCompat.java,3,net.minecraftforge.fml.relauncher.ReflectionHelper
src/main/java/net/shadowmage/ancientwarfare/npc/compat/ebwizardry/FactionAllyDesignation.java,3,net.minecraft.world.entity.Entity
src/main/java/net/shadowmage/ancientwarfare/npc/compat/ebwizardry/WizardryReduxBridge.java,4,net.minecraft.world.damagesource.DamageSource
src/main/java/net/shadowmage/ancientwarfare/npc/compat/ebwizardry/WizardryReduxBridge.java,5,net.minecraft.world.entity.Entity
src/main/java/net/shadowmage/ancientwarfare/npc/compat/ebwizardry/ai/EntityAIAttackSpellImproved.java,3,electroblob.wizardry.entity.living.ISpellCaster
src/main/java/net/shadowmage/ancientwarfare/npc/compat/ebwizardry/ai/EntityAIAttackSpellImproved.java,4,electroblob.wizardry.event.SpellCastEvent
src/main/java/net/shadowmage/ancientwarfare/npc/compat/ebwizardry/ai/EntityAIAttackSpellImproved.java,5,electroblob.wizardry.event.SpellCastEvent.Source
src/main/java/net/shadowmage/ancientwarfare/npc/compat/ebwizardry/ai/EntityAIAttackSpellImproved.java,6,electroblob.wizardry.packet.PacketNPCCastSpell
src/main/java/net/shadowmage/ancientwarfare/npc/compat/ebwizardry/ai/EntityAIAttackSpellImproved.java,7,electroblob.wizardry.packet.WizardryPacketHandler
src/main/java/net/shadowmage/ancientwarfare/npc/compat/ebwizardry/ai/EntityAIAttackSpellImproved.java,8,electroblob.wizardry.registry.Spells
src/main/java/net/shadowmage/ancientwarfare/npc/compat/ebwizardry/ai/EntityAIAttackSpellImproved.java,9,electroblob.wizardry.spell.Spell
src/main/java/net/shadowmage/ancientwarfare/npc/compat/ebwizardry/ai/EntityAIAttackSpellImproved.java,10,electroblob.wizardry.util.SpellModifiers
src/main/java/net/shadowmage/ancientwarfare/npc/compat/ebwizardry/ai/EntityAIAttackSpellImproved.java,11,net.minecraft.world.entity.Mob
src/main/java/net/shadowmage/ancientwarfare/npc/compat/ebwizardry/ai/EntityAIAttackSpellImproved.java,12,net.minecraft.world.entity.LivingEntity
src/main/java/net/shadowmage/ancientwarfare/npc/compat/ebwizardry/ai/EntityAIAttackSpellImproved.java,13,net.minecraft.world.entity.ai.goal.Goal
src/main/java/net/shadowmage/ancientwarfare/npc/compat/ebwizardry/ai/EntityAIAttackSpellImproved.java,14,net.minecraft.world.InteractionHand
src/main/java/net/shadowmage/ancientwarfare/npc/config/AWNPCStatics.java,3,net.minecraft.world.item.Item
src/main/java/net/shadowmage/ancientwarfare/npc/config/AWNPCStatics.java,4,net.minecraft.world.item.ItemStack
src/main/java/net/shadowmage/ancientwarfare/npc/container/ContainerCombatOrder.java,3,net.minecraft.world.entity.player.Player
src/main/java/net/shadowmage/ancientwarfare/npc/container/ContainerCombatOrder.java,4,net.minecraft.world.item.ItemStack
src/main/java/net/shadowmage/ancientwarfare/npc/container/ContainerCombatOrder.java,6,net.minecraft.world.InteractionHand
src/main/java/net/shadowmage/ancientwarfare/npc/container/ContainerNpcBard.java,3,net.minecraft.world.entity.player.Player
src/main/java/net/shadowmage/ancientwarfare/npc/container/ContainerNpcBase.java,3,net.minecraft.world.entity.player.Player
src/main/java/net/shadowmage/ancientwarfare/npc/container/ContainerNpcCreativeControls.java,3,net.minecraft.world.entity.player.Player
src/main/java/net/shadowmage/ancientwarfare/npc/container/ContainerNpcFactionBard.java,3,net.minecraft.world.entity.player.Player
src/main/java/net/shadowmage/ancientwarfare/npc/container/ContainerNpcFactionSpellcasterWizardry.java,3,electroblob.wizardry.spell.Spell
src/main/java/net/shadowmage/ancientwarfare/npc/container/ContainerNpcFactionSpellcasterWizardry.java,4,net.minecraft.world.entity.player.Player
src/main/java/net/shadowmage/ancientwarfare/npc/container/ContainerNpcFactionSpellcasterWizardry.java,7,net.minecraft.util.text.translation.I18n
src/main/java/net/shadowmage/ancientwarfare/npc/container/ContainerNpcFactionTradeSetup.java,3,net.minecraft.world.entity.player.Player
src/main/java/net/shadowmage/ancientwarfare/npc/container/ContainerNpcFactionTradeView.java,3,net.minecraft.world.entity.player.Player
src/main/java/net/shadowmage/ancientwarfare/npc/container/ContainerNpcFactionTradeView.java,5,net.minecraft.world.level.Level
src/main/java/net/shadowmage/ancientwarfare/npc/container/ContainerNpcInventory.java,3,net.minecraft.world.entity.Mob
src/main/java/net/shadowmage/ancientwarfare/npc/container/ContainerNpcInventory.java,4,net.minecraft.world.entity.player.Player
src/main/java/net/shadowmage/ancientwarfare/npc/container/ContainerNpcInventory.java,5,net.minecraft.world.entity.EquipmentSlot
src/main/java/net/shadowmage/ancientwarfare/npc/container/ContainerNpcInventory.java,6,net.minecraft.world.inventory.Slot
src/main/java/net/shadowmage/ancientwarfare/npc/container/ContainerNpcInventory.java,7,net.minecraft.world.item.ItemStack
src/main/java/net/shadowmage/ancientwarfare/npc/container/ContainerNpcPlayerOwnedTrade.java,3,net.minecraft.world.entity.player.Player
src/main/java/net/shadowmage/ancientwarfare/npc/container/ContainerNpcPlayerOwnedTrade.java,5,net.minecraft.world.InteractionHand
src/main/java/net/shadowmage/ancientwarfare/npc/container/ContainerRoutingOrder.java,3,net.minecraft.world.entity.player.Player
src/main/java/net/shadowmage/ancientwarfare/npc/container/ContainerRoutingOrder.java,4,net.minecraft.world.item.ItemStack
src/main/java/net/shadowmage/ancientwarfare/npc/container/ContainerRoutingOrder.java,6,net.minecraft.world.InteractionHand
src/main/java/net/shadowmage/ancientwarfare/npc/container/ContainerTownHall.java,3,net.minecraft.world.entity.player.Player
src/main/java/net/shadowmage/ancientwarfare/npc/container/ContainerTownHall.java,4,net.minecraft.world.inventory.Slot
src/main/java/net/shadowmage/ancientwarfare/npc/container/ContainerTownHall.java,5,net.minecraft.world.item.ItemStack
src/main/java/net/shadowmage/ancientwarfare/npc/container/ContainerTradeOrder.java,3,net.minecraft.world.entity.player.Player
src/main/java/net/shadowmage/ancientwarfare/npc/container/ContainerTradeOrder.java,5,net.minecraft.world.InteractionHand
src/main/java/net/shadowmage/ancientwarfare/npc/container/ContainerUpkeepOrder.java,3,net.minecraft.world.entity.player.Player
src/main/java/net/shadowmage/ancientwarfare/npc/container/ContainerUpkeepOrder.java,4,net.minecraft.world.item.ItemStack
src/main/java/net/shadowmage/ancientwarfare/npc/container/ContainerUpkeepOrder.java,6,net.minecraft.world.InteractionHand
src/main/java/net/shadowmage/ancientwarfare/npc/container/ContainerWorkOrder.java,3,net.minecraft.world.entity.player.Player
src/main/java/net/shadowmage/ancientwarfare/npc/container/ContainerWorkOrder.java,4,net.minecraft.world.item.ItemStack
src/main/java/net/shadowmage/ancientwarfare/npc/container/ContainerWorkOrder.java,6,net.minecraft.world.InteractionHand
src/main/java/net/shadowmage/ancientwarfare/npc/crafting/AWNpcCrafting.java,3,net.minecraft.inventory.InventoryCrafting
src/main/java/net/shadowmage/ancientwarfare/npc/crafting/AWNpcCrafting.java,4,net.minecraft.world.item.Item
src/main/java/net/shadowmage/ancientwarfare/npc/crafting/AWNpcCrafting.java,5,net.minecraft.world.item.ItemStack
src/main/java/net/shadowmage/ancientwarfare/npc/crafting/AWNpcCrafting.java,6,net.minecraft.item.crafting.IRecipe
src/main/java/net/shadowmage/ancientwarfare/npc/crafting/AWNpcCrafting.java,8,net.minecraft.world.level.Level
src/main/java/net/shadowmage/ancientwarfare/npc/datafixes/FactionEntityFixer.java,10,net.minecraftforge.fml.common.registry.EntityEntry
src/main/java/net/shadowmage/ancientwarfare/npc/datafixes/RoutingOrderFilterCountsFixer.java,3,net.minecraft.world.item.ItemStack
src/main/java/net/shadowmage/ancientwarfare/npc/entity/NoFriendlyFirePotion.java,3,net.minecraft.world.entity.LivingEntity
src/main/java/net/shadowmage/ancientwarfare/npc/entity/NoFriendlyFirePotion.java,4,net.minecraft.entity.projectile.EntityPotion
src/main/java/net/shadowmage/ancientwarfare/npc/entity/NoFriendlyFirePotion.java,5,net.minecraft.world.item.ItemStack
src/main/java/net/shadowmage/ancientwarfare/npc/entity/NoFriendlyFirePotion.java,6,net.minecraft.world.effect.MobEffect
src/main/java/net/shadowmage/ancientwarfare/npc/entity/NoFriendlyFirePotion.java,7,net.minecraft.world.effect.MobEffectInstance
src/main/java/net/shadowmage/ancientwarfare/npc/entity/NoFriendlyFirePotion.java,8,net.minecraft.world.phys.AABB
src/main/java/net/shadowmage/ancientwarfare/npc/entity/NoFriendlyFirePotion.java,9,net.minecraft.world.phys.HitResult
src/main/java/net/shadowmage/ancientwarfare/npc/entity/NoFriendlyFirePotion.java,10,net.minecraft.world.level.Level
src/main/java/net/shadowmage/ancientwarfare/npc/entity/NpcBard.java,3,net.minecraft.world.entity.Mob
src/main/java/net/shadowmage/ancientwarfare/npc/entity/NpcBard.java,4,net.minecraft.entity.ai.EntityAIRestrictOpenDoor
src/main/java/net/shadowmage/ancientwarfare/npc/entity/NpcBard.java,5,net.minecraft.entity.ai.EntityAISwimming
src/main/java/net/shadowmage/ancientwarfare/npc/entity/NpcBard.java,6,net.minecraft.entity.ai.EntityAIWatchClosest
src/main/java/net/shadowmage/ancientwarfare/npc/entity/NpcBard.java,7,net.minecraft.entity.ai.EntityAIWatchClosest2
src/main/java/net/shadowmage/ancientwarfare/npc/entity/NpcBard.java,8,net.minecraft.world.entity.player.Player
src/main/java/net/shadowmage/ancientwarfare/npc/entity/NpcBard.java,10,net.minecraft.world.level.Level
src/main/java/net/shadowmage/ancientwarfare/npc/entity/NpcBase.java,4,net.minecraft.block.BlockBed
src/main/java/net/shadowmage/ancientwarfare/npc/entity/NpcBase.java,5,net.minecraft.block.material.Material
src/main/java/net/shadowmage/ancientwarfare/npc/entity/NpcBase.java,6,net.minecraft.world.level.block.state.BlockState
src/main/java/net/shadowmage/ancientwarfare/npc/entity/NpcBase.java,7,net.minecraft.world.item.enchantment.EnchantmentHelper
src/main/java/net/shadowmage/ancientwarfare/npc/entity/NpcBase.java,8,net.minecraft.world.entity.Entity
src/main/java/net/shadowmage/ancientwarfare/npc/entity/NpcBase.java,9,net.minecraft.world.entity.PathfinderMob
src/main/java/net/shadowmage/ancientwarfare/npc/entity/NpcBase.java,10,net.minecraft.entity.EntityFlying
src/main/java/net/shadowmage/ancientwarfare/npc/entity/NpcBase.java,11,net.minecraft.world.entity.Mob
src/main/java/net/shadowmage/ancientwarfare/npc/entity/NpcBase.java,12,net.minecraft.world.entity.LivingEntity
src/main/java/net/shadowmage/ancientwarfare/npc/entity/NpcBase.java,13,net.minecraft.entity.INpc
src/main/java/net/shadowmage/ancientwarfare/npc/entity/NpcBase.java,14,net.minecraft.entity.SharedMonsterAttributes
src/main/java/net/shadowmage/ancientwarfare/npc/entity/NpcBase.java,15,net.minecraft.world.entity.player.Player
src/main/java/net/shadowmage/ancientwarfare/npc/entity/NpcBase.java,16,net.minecraft.world.level.block.Blocks
src/main/java/net/shadowmage/ancientwarfare/npc/entity/NpcBase.java,18,net.minecraft.world.entity.EquipmentSlot
src/main/java/net/shadowmage/ancientwarfare/npc/entity/NpcBase.java,19,net.minecraft.inventory.InventoryHelper
src/main/java/net/shadowmage/ancientwarfare/npc/entity/NpcBase.java,20,net.minecraft.world.item.Item
src/main/java/net/shadowmage/ancientwarfare/npc/entity/NpcBase.java,21,net.minecraft.item.ItemBow
src/main/java/net/shadowmage/ancientwarfare/npc/entity/NpcBase.java,22,net.minecraft.world.item.ItemStack
src/main/java/net/shadowmage/ancientwarfare/npc/entity/NpcBase.java,32,net.minecraft.world.InteractionHand
src/main/java/net/shadowmage/ancientwarfare/npc/entity/NpcBase.java,40,net.minecraft.world.phys.HitResult
src/main/java/net/shadowmage/ancientwarfare/npc/entity/NpcBase.java,41,net.minecraft.util.text.translation.I18n
src/main/java/net/shadowmage/ancientwarfare/npc/entity/NpcBase.java,42,net.minecraft.world.level.Level
src/main/java/net/shadowmage/ancientwarfare/npc/entity/NpcCombat.java,4,net.minecraft.world.entity.Entity
src/main/java/net/shadowmage/ancientwarfare/npc/entity/NpcCombat.java,5,net.minecraft.world.entity.Mob
src/main/java/net/shadowmage/ancientwarfare/npc/entity/NpcCombat.java,6,net.minecraft.world.entity.LivingEntity
src/main/java/net/shadowmage/ancientwarfare/npc/entity/NpcCombat.java,7,net.minecraft.entity.IRangedAttackMob
src/main/java/net/shadowmage/ancientwarfare/npc/entity/NpcCombat.java,8,net.minecraft.world.entity.ai.goal.Goal
src/main/java/net/shadowmage/ancientwarfare/npc/entity/NpcCombat.java,9,net.minecraft.entity.ai.EntityAIRestrictOpenDoor
src/main/java/net/shadowmage/ancientwarfare/npc/entity/NpcCombat.java,10,net.minecraft.entity.ai.EntityAISwimming
src/main/java/net/shadowmage/ancientwarfare/npc/entity/NpcCombat.java,11,net.minecraft.entity.ai.EntityAIWatchClosest2
src/main/java/net/shadowmage/ancientwarfare/npc/entity/NpcCombat.java,12,net.minecraft.world.entity.player.Player
src/main/java/net/shadowmage/ancientwarfare/npc/entity/NpcCombat.java,13,net.minecraft.world.item.Item
src/main/java/net/shadowmage/ancientwarfare/npc/entity/NpcCombat.java,14,net.minecraft.world.item.ItemStack
src/main/java/net/shadowmage/ancientwarfare/npc/entity/NpcCombat.java,17,net.minecraft.world.level.Level
src/main/java/net/shadowmage/ancientwarfare/npc/entity/NpcCourier.java,3,net.minecraft.world.entity.Mob
src/main/java/net/shadowmage/ancientwarfare/npc/entity/NpcCourier.java,4,net.minecraft.entity.ai.EntityAIRestrictOpenDoor
src/main/java/net/shadowmage/ancientwarfare/npc/entity/NpcCourier.java,5,net.minecraft.entity.ai.EntityAISwimming
src/main/java/net/shadowmage/ancientwarfare/npc/entity/NpcCourier.java,6,net.minecraft.entity.ai.EntityAIWatchClosest
src/main/java/net/shadowmage/ancientwarfare/npc/entity/NpcCourier.java,7,net.minecraft.entity.ai.EntityAIWatchClosest2
src/main/java/net/shadowmage/ancientwarfare/npc/entity/NpcCourier.java,8,net.minecraft.world.entity.player.Player
src/main/java/net/shadowmage/ancientwarfare/npc/entity/NpcCourier.java,9,net.minecraft.world.item.ItemStack
src/main/java/net/shadowmage/ancientwarfare/npc/entity/NpcCourier.java,12,net.minecraft.world.level.Level
src/main/java/net/shadowmage/ancientwarfare/npc/entity/NpcLevelingStats.java,3,net.minecraft.entity.SharedMonsterAttributes
src/main/java/net/shadowmage/ancientwarfare/npc/entity/NpcPlayerOwned.java,3,net.minecraft.world.entity.Entity
src/main/java/net/shadowmage/ancientwarfare/npc/entity/NpcPlayerOwned.java,4,net.minecraft.world.entity.LivingEntity
src/main/java/net/shadowmage/ancientwarfare/npc/entity/NpcPlayerOwned.java,5,net.minecraft.entity.INpc
src/main/java/net/shadowmage/ancientwarfare/npc/entity/NpcPlayerOwned.java,6,net.minecraft.entity.SharedMonsterAttributes
src/main/java/net/shadowmage/ancientwarfare/npc/entity/NpcPlayerOwned.java,7,net.minecraft.world.entity.player.Player
src/main/java/net/shadowmage/ancientwarfare/npc/entity/NpcPlayerOwned.java,8,net.minecraft.world.entity.EquipmentSlot
src/main/java/net/shadowmage/ancientwarfare/npc/entity/NpcPlayerOwned.java,9,net.minecraft.world.item.ItemStack
src/main/java/net/shadowmage/ancientwarfare/npc/entity/NpcPlayerOwned.java,14,net.minecraft.world.InteractionHand
src/main/java/net/shadowmage/ancientwarfare/npc/entity/NpcPlayerOwned.java,17,net.minecraft.world.level.Level
src/main/java/net/shadowmage/ancientwarfare/npc/entity/NpcPriest.java,3,net.minecraft.world.entity.Mob
src/main/java/net/shadowmage/ancientwarfare/npc/entity/NpcPriest.java,4,net.minecraft.entity.ai.EntityAIRestrictOpenDoor
src/main/java/net/shadowmage/ancientwarfare/npc/entity/NpcPriest.java,5,net.minecraft.entity.ai.EntityAISwimming
src/main/java/net/shadowmage/ancientwarfare/npc/entity/NpcPriest.java,6,net.minecraft.entity.ai.EntityAIWatchClosest
src/main/java/net/shadowmage/ancientwarfare/npc/entity/NpcPriest.java,7,net.minecraft.entity.ai.EntityAIWatchClosest2
src/main/java/net/shadowmage/ancientwarfare/npc/entity/NpcPriest.java,8,net.minecraft.world.entity.player.Player
src/main/java/net/shadowmage/ancientwarfare/npc/entity/NpcPriest.java,9,net.minecraft.world.level.Level
src/main/java/net/shadowmage/ancientwarfare/npc/entity/NpcTrader.java,3,net.minecraft.world.entity.Entity
src/main/java/net/shadowmage/ancientwarfare/npc/entity/NpcTrader.java,4,net.minecraft.world.entity.Mob
src/main/java/net/shadowmage/ancientwarfare/npc/entity/NpcTrader.java,5,net.minecraft.entity.ai.EntityAIRestrictOpenDoor
src/main/java/net/shadowmage/ancientwarfare/npc/entity/NpcTrader.java,6,net.minecraft.entity.ai.EntityAISwimming
src/main/java/net/shadowmage/ancientwarfare/npc/entity/NpcTrader.java,7,net.minecraft.entity.ai.EntityAIWatchClosest
src/main/java/net/shadowmage/ancientwarfare/npc/entity/NpcTrader.java,8,net.minecraft.entity.ai.EntityAIWatchClosest2
src/main/java/net/shadowmage/ancientwarfare/npc/entity/NpcTrader.java,9,net.minecraft.world.entity.player.Player
src/main/java/net/shadowmage/ancientwarfare/npc/entity/NpcTrader.java,10,net.minecraft.world.item.ItemStack
src/main/java/net/shadowmage/ancientwarfare/npc/entity/NpcTrader.java,12,net.minecraft.world.InteractionHand
src/main/java/net/shadowmage/ancientwarfare/npc/entity/NpcTrader.java,13,net.minecraft.world.level.Level
src/main/java/net/shadowmage/ancientwarfare/npc/entity/NpcWorker.java,3,net.minecraft.world.entity.Mob
src/main/java/net/shadowmage/ancientwarfare/npc/entity/NpcWorker.java,4,net.minecraft.entity.ai.EntityAIRestrictOpenDoor
src/main/java/net/shadowmage/ancientwarfare/npc/entity/NpcWorker.java,5,net.minecraft.entity.ai.EntityAISwimming
src/main/java/net/shadowmage/ancientwarfare/npc/entity/NpcWorker.java,6,net.minecraft.entity.ai.EntityAIWatchClosest
src/main/java/net/shadowmage/ancientwarfare/npc/entity/NpcWorker.java,7,net.minecraft.entity.ai.EntityAIWatchClosest2
src/main/java/net/shadowmage/ancientwarfare/npc/entity/NpcWorker.java,8,net.minecraft.world.entity.player.Player
src/main/java/net/shadowmage/ancientwarfare/npc/entity/NpcWorker.java,9,net.minecraft.world.item.Item
src/main/java/net/shadowmage/ancientwarfare/npc/entity/NpcWorker.java,10,net.minecraft.item.Item.ToolMaterial
src/main/java/net/shadowmage/ancientwarfare/npc/entity/NpcWorker.java,11,net.minecraft.item.ItemHoe
src/main/java/net/shadowmage/ancientwarfare/npc/entity/NpcWorker.java,12,net.minecraft.world.item.ItemStack
src/main/java/net/shadowmage/ancientwarfare/npc/entity/NpcWorker.java,13,net.minecraft.item.ItemTool
src/main/java/net/shadowmage/ancientwarfare/npc/entity/NpcWorker.java,16,net.minecraft.world.level.Level
src/main/java/net/shadowmage/ancientwarfare/npc/entity/RangeAttackHelper.java,3,net.minecraft.world.item.enchantment.EnchantmentHelper
src/main/java/net/shadowmage/ancientwarfare/npc/entity/RangeAttackHelper.java,4,net.minecraft.world.entity.LivingEntity
src/main/java/net/shadowmage/ancientwarfare/npc/entity/RangeAttackHelper.java,5,net.minecraft.entity.projectile.EntityArrow
src/main/java/net/shadowmage/ancientwarfare/npc/entity/RangeAttackHelper.java,6,net.minecraft.entity.projectile.EntityTippedArrow
src/main/java/net/shadowmage/ancientwarfare/npc/entity/RangeAttackHelper.java,7,net.minecraft.world.item.enchantment.Enchantments
src/main/java/net/shadowmage/ancientwarfare/npc/entity/faction/IHorseMountedNpc.java,3,net.minecraft.world.entity.Mob
src/main/java/net/shadowmage/ancientwarfare/npc/entity/faction/NpcFaction.java,5,net.minecraft.world.entity.Entity
src/main/java/net/shadowmage/ancientwarfare/npc/entity/faction/NpcFaction.java,6,net.minecraft.world.entity.LivingEntity
src/main/java/net/shadowmage/ancientwarfare/npc/entity/faction/NpcFaction.java,7,net.minecraft.entity.EnumCreatureAttribute
src/main/java/net/shadowmage/ancientwarfare/npc/entity/faction/NpcFaction.java,8,net.minecraft.entity.SharedMonsterAttributes
src/main/java/net/shadowmage/ancientwarfare/npc/entity/faction/NpcFaction.java,9,net.minecraft.entity.item.EntityBoat
src/main/java/net/shadowmage/ancientwarfare/npc/entity/faction/NpcFaction.java,10,net.minecraft.world.entity.player.Player
src/main/java/net/shadowmage/ancientwarfare/npc/entity/faction/NpcFaction.java,11,net.minecraft.world.effect.MobEffects
src/main/java/net/shadowmage/ancientwarfare/npc/entity/faction/NpcFaction.java,13,net.minecraft.world.entity.EquipmentSlot
src/main/java/net/shadowmage/ancientwarfare/npc/entity/faction/NpcFaction.java,14,net.minecraft.world.item.ItemStack
src/main/java/net/shadowmage/ancientwarfare/npc/entity/faction/NpcFaction.java,21,net.minecraft.world.effect.MobEffectInstance
src/main/java/net/shadowmage/ancientwarfare/npc/entity/faction/NpcFaction.java,24,net.minecraft.world.InteractionHand
src/main/java/net/shadowmage/ancientwarfare/npc/entity/faction/NpcFaction.java,27,net.minecraft.world.phys.AABB
src/main/java/net/shadowmage/ancientwarfare/npc/entity/faction/NpcFaction.java,29,net.minecraft.util.text.TextComponentString
src/main/java/net/shadowmage/ancientwarfare/npc/entity/faction/NpcFaction.java,30,net.minecraft.util.text.TextComponentTranslation
src/main/java/net/shadowmage/ancientwarfare/npc/entity/faction/NpcFaction.java,31,net.minecraft.util.text.TextFormatting
src/main/java/net/shadowmage/ancientwarfare/npc/entity/faction/NpcFaction.java,32,net.minecraft.util.text.translation.I18n
src/main/java/net/shadowmage/ancientwarfare/npc/entity/faction/NpcFaction.java,33,net.minecraft.world.level.Level
src/main/java/net/shadowmage/ancientwarfare/npc/entity/faction/NpcFactionArcher.java,4,net.minecraft.world.entity.Entity
src/main/java/net/shadowmage/ancientwarfare/npc/entity/faction/NpcFactionArcher.java,5,net.minecraft.world.entity.Mob
src/main/java/net/shadowmage/ancientwarfare/npc/entity/faction/NpcFactionArcher.java,6,net.minecraft.world.entity.LivingEntity
src/main/java/net/shadowmage/ancientwarfare/npc/entity/faction/NpcFactionArcher.java,7,net.minecraft.entity.IRangedAttackMob
src/main/java/net/shadowmage/ancientwarfare/npc/entity/faction/NpcFactionArcher.java,8,net.minecraft.entity.ai.EntityAIRestrictOpenDoor
src/main/java/net/shadowmage/ancientwarfare/npc/entity/faction/NpcFactionArcher.java,9,net.minecraft.entity.ai.EntityAISwimming
src/main/java/net/shadowmage/ancientwarfare/npc/entity/faction/NpcFactionArcher.java,10,net.minecraft.entity.ai.EntityAIWatchClosest2
src/main/java/net/shadowmage/ancientwarfare/npc/entity/faction/NpcFactionArcher.java,11,net.minecraft.world.entity.player.Player
src/main/java/net/shadowmage/ancientwarfare/npc/entity/faction/NpcFactionArcher.java,13,net.minecraft.world.level.Level
src/main/java/net/shadowmage/ancientwarfare/npc/entity/faction/NpcFactionArcherElite.java,3,net.minecraft.world.level.Level
src/main/java/net/shadowmage/ancientwarfare/npc/entity/faction/NpcFactionBard.java,3,net.minecraft.world.entity.Entity
src/main/java/net/shadowmage/ancientwarfare/npc/entity/faction/NpcFactionBard.java,4,net.minecraft.world.entity.Mob
src/main/java/net/shadowmage/ancientwarfare/npc/entity/faction/NpcFactionBard.java,5,net.minecraft.entity.ai.EntityAIRestrictOpenDoor
src/main/java/net/shadowmage/ancientwarfare/npc/entity/faction/NpcFactionBard.java,6,net.minecraft.entity.ai.EntityAISwimming
src/main/java/net/shadowmage/ancientwarfare/npc/entity/faction/NpcFactionBard.java,7,net.minecraft.entity.ai.EntityAIWatchClosest
src/main/java/net/shadowmage/ancientwarfare/npc/entity/faction/NpcFactionBard.java,8,net.minecraft.entity.ai.EntityAIWatchClosest2
src/main/java/net/shadowmage/ancientwarfare/npc/entity/faction/NpcFactionBard.java,9,net.minecraft.world.entity.player.Player
src/main/java/net/shadowmage/ancientwarfare/npc/entity/faction/NpcFactionBard.java,11,net.minecraft.world.level.Level
src/main/java/net/shadowmage/ancientwarfare/npc/entity/faction/NpcFactionCivilian.java,3,net.minecraft.world.entity.Entity
src/main/java/net/shadowmage/ancientwarfare/npc/entity/faction/NpcFactionCivilian.java,4,net.minecraft.world.entity.Mob
src/main/java/net/shadowmage/ancientwarfare/npc/entity/faction/NpcFactionCivilian.java,5,net.minecraft.entity.ai.EntityAIRestrictOpenDoor
src/main/java/net/shadowmage/ancientwarfare/npc/entity/faction/NpcFactionCivilian.java,6,net.minecraft.entity.ai.EntityAISwimming
src/main/java/net/shadowmage/ancientwarfare/npc/entity/faction/NpcFactionCivilian.java,7,net.minecraft.entity.ai.EntityAIWatchClosest
src/main/java/net/shadowmage/ancientwarfare/npc/entity/faction/NpcFactionCivilian.java,8,net.minecraft.entity.ai.EntityAIWatchClosest2
src/main/java/net/shadowmage/ancientwarfare/npc/entity/faction/NpcFactionCivilian.java,9,net.minecraft.world.entity.player.Player
src/main/java/net/shadowmage/ancientwarfare/npc/entity/faction/NpcFactionCivilian.java,10,net.minecraft.world.level.Level
src/main/java/net/shadowmage/ancientwarfare/npc/entity/faction/NpcFactionCivilianFemale.java,3,net.minecraft.world.level.Level
src/main/java/net/shadowmage/ancientwarfare/npc/entity/faction/NpcFactionCivilianMale.java,3,net.minecraft.world.level.Level
src/main/java/net/shadowmage/ancientwarfare/npc/entity/faction/NpcFactionLeader.java,3,net.minecraft.world.entity.Mob
src/main/java/net/shadowmage/ancientwarfare/npc/entity/faction/NpcFactionLeader.java,4,net.minecraft.entity.ai.EntityAIRestrictOpenDoor
src/main/java/net/shadowmage/ancientwarfare/npc/entity/faction/NpcFactionLeader.java,5,net.minecraft.entity.ai.EntityAISwimming
src/main/java/net/shadowmage/ancientwarfare/npc/entity/faction/NpcFactionLeader.java,6,net.minecraft.entity.ai.EntityAIWatchClosest2
src/main/java/net/shadowmage/ancientwarfare/npc/entity/faction/NpcFactionLeader.java,7,net.minecraft.world.entity.player.Player
src/main/java/net/shadowmage/ancientwarfare/npc/entity/faction/NpcFactionLeader.java,8,net.minecraft.world.level.Level
src/main/java/net/shadowmage/ancientwarfare/npc/entity/faction/NpcFactionLeaderElite.java,3,net.minecraft.world.level.Level
src/main/java/net/shadowmage/ancientwarfare/npc/entity/faction/NpcFactionMounted.java,3,net.minecraft.world.entity.Mob
src/main/java/net/shadowmage/ancientwarfare/npc/entity/faction/NpcFactionMounted.java,4,net.minecraft.entity.passive.EntityHorse
src/main/java/net/shadowmage/ancientwarfare/npc/entity/faction/NpcFactionMounted.java,7,net.minecraft.world.level.Level
src/main/java/net/shadowmage/ancientwarfare/npc/entity/faction/NpcFactionMountedArcher.java,4,net.minecraft.world.entity.Entity
src/main/java/net/shadowmage/ancientwarfare/npc/entity/faction/NpcFactionMountedArcher.java,5,net.minecraft.world.entity.Mob
src/main/java/net/shadowmage/ancientwarfare/npc/entity/faction/NpcFactionMountedArcher.java,6,net.minecraft.world.entity.LivingEntity
src/main/java/net/shadowmage/ancientwarfare/npc/entity/faction/NpcFactionMountedArcher.java,7,net.minecraft.entity.IRangedAttackMob
src/main/java/net/shadowmage/ancientwarfare/npc/entity/faction/NpcFactionMountedArcher.java,8,net.minecraft.entity.ai.EntityAIRestrictOpenDoor
src/main/java/net/shadowmage/ancientwarfare/npc/entity/faction/NpcFactionMountedArcher.java,9,net.minecraft.entity.ai.EntityAISwimming
src/main/java/net/shadowmage/ancientwarfare/npc/entity/faction/NpcFactionMountedArcher.java,10,net.minecraft.entity.ai.EntityAIWatchClosest2
src/main/java/net/shadowmage/ancientwarfare/npc/entity/faction/NpcFactionMountedArcher.java,11,net.minecraft.world.entity.player.Player
src/main/java/net/shadowmage/ancientwarfare/npc/entity/faction/NpcFactionMountedArcher.java,13,net.minecraft.world.level.Level
src/main/java/net/shadowmage/ancientwarfare/npc/entity/faction/NpcFactionMountedSoldier.java,3,net.minecraft.world.entity.Mob
src/main/java/net/shadowmage/ancientwarfare/npc/entity/faction/NpcFactionMountedSoldier.java,4,net.minecraft.entity.ai.EntityAIRestrictOpenDoor
src/main/java/net/shadowmage/ancientwarfare/npc/entity/faction/NpcFactionMountedSoldier.java,5,net.minecraft.entity.ai.EntityAISwimming
src/main/java/net/shadowmage/ancientwarfare/npc/entity/faction/NpcFactionMountedSoldier.java,6,net.minecraft.entity.ai.EntityAIWatchClosest2
src/main/java/net/shadowmage/ancientwarfare/npc/entity/faction/NpcFactionMountedSoldier.java,7,net.minecraft.world.entity.player.Player
src/main/java/net/shadowmage/ancientwarfare/npc/entity/faction/NpcFactionMountedSoldier.java,8,net.minecraft.world.level.Level
src/main/java/net/shadowmage/ancientwarfare/npc/entity/faction/NpcFactionPriest.java,3,net.minecraft.world.entity.Mob
src/main/java/net/shadowmage/ancientwarfare/npc/entity/faction/NpcFactionPriest.java,4,net.minecraft.world.entity.LivingEntity
src/main/java/net/shadowmage/ancientwarfare/npc/entity/faction/NpcFactionPriest.java,5,net.minecraft.entity.IRangedAttackMob
src/main/java/net/shadowmage/ancientwarfare/npc/entity/faction/NpcFactionPriest.java,6,net.minecraft.entity.ai.EntityAIRestrictOpenDoor
src/main/java/net/shadowmage/ancientwarfare/npc/entity/faction/NpcFactionPriest.java,7,net.minecraft.entity.ai.EntityAISwimming
src/main/java/net/shadowmage/ancientwarfare/npc/entity/faction/NpcFactionPriest.java,8,net.minecraft.entity.ai.EntityAIWatchClosest
src/main/java/net/shadowmage/ancientwarfare/npc/entity/faction/NpcFactionPriest.java,9,net.minecraft.entity.ai.EntityAIWatchClosest2
src/main/java/net/shadowmage/ancientwarfare/npc/entity/faction/NpcFactionPriest.java,10,net.minecraft.world.entity.player.Player
src/main/java/net/shadowmage/ancientwarfare/npc/entity/faction/NpcFactionPriest.java,11,net.minecraft.entity.projectile.EntityPotion
src/main/java/net/shadowmage/ancientwarfare/npc/entity/faction/NpcFactionPriest.java,12,net.minecraft.world.item.Items
src/main/java/net/shadowmage/ancientwarfare/npc/entity/faction/NpcFactionPriest.java,13,net.minecraft.world.effect.MobEffects
src/main/java/net/shadowmage/ancientwarfare/npc/entity/faction/NpcFactionPriest.java,16,net.minecraft.world.item.ItemStack
src/main/java/net/shadowmage/ancientwarfare/npc/entity/faction/NpcFactionPriest.java,17,net.minecraft.world.effect.MobEffectInstance
src/main/java/net/shadowmage/ancientwarfare/npc/entity/faction/NpcFactionPriest.java,22,net.minecraft.world.level.Level
src/main/java/net/shadowmage/ancientwarfare/npc/entity/faction/NpcFactionSiegeEngineer.java,3,net.minecraft.world.entity.Mob
src/main/java/net/shadowmage/ancientwarfare/npc/entity/faction/NpcFactionSiegeEngineer.java,4,net.minecraft.world.entity.LivingEntity
src/main/java/net/shadowmage/ancientwarfare/npc/entity/faction/NpcFactionSiegeEngineer.java,5,net.minecraft.entity.ai.EntityAIRestrictOpenDoor
src/main/java/net/shadowmage/ancientwarfare/npc/entity/faction/NpcFactionSiegeEngineer.java,6,net.minecraft.entity.ai.EntityAISwimming
src/main/java/net/shadowmage/ancientwarfare/npc/entity/faction/NpcFactionSiegeEngineer.java,7,net.minecraft.entity.ai.EntityAIWatchClosest2
src/main/java/net/shadowmage/ancientwarfare/npc/entity/faction/NpcFactionSiegeEngineer.java,8,net.minecraft.world.entity.player.Player
src/main/java/net/shadowmage/ancientwarfare/npc/entity/faction/NpcFactionSiegeEngineer.java,9,net.minecraft.world.level.Level
src/main/java/net/shadowmage/ancientwarfare/npc/entity/faction/NpcFactionSoldier.java,3,net.minecraft.world.entity.Mob
src/main/java/net/shadowmage/ancientwarfare/npc/entity/faction/NpcFactionSoldier.java,4,net.minecraft.entity.ai.EntityAIRestrictOpenDoor
src/main/java/net/shadowmage/ancientwarfare/npc/entity/faction/NpcFactionSoldier.java,5,net.minecraft.entity.ai.EntityAISwimming
src/main/java/net/shadowmage/ancientwarfare/npc/entity/faction/NpcFactionSoldier.java,6,net.minecraft.entity.ai.EntityAIWatchClosest2
src/main/java/net/shadowmage/ancientwarfare/npc/entity/faction/NpcFactionSoldier.java,7,net.minecraft.world.entity.player.Player
src/main/java/net/shadowmage/ancientwarfare/npc/entity/faction/NpcFactionSoldier.java,8,net.minecraft.world.level.Level
src/main/java/net/shadowmage/ancientwarfare/npc/entity/faction/NpcFactionSoldierElite.java,3,net.minecraft.world.level.Level
src/main/java/net/shadowmage/ancientwarfare/npc/entity/faction/NpcFactionSpellcaster.java,3,net.minecraft.world.entity.Mob
src/main/java/net/shadowmage/ancientwarfare/npc/entity/faction/NpcFactionSpellcaster.java,4,net.minecraft.entity.ai.EntityAIRestrictOpenDoor
src/main/java/net/shadowmage/ancientwarfare/npc/entity/faction/NpcFactionSpellcaster.java,5,net.minecraft.entity.ai.EntityAISwimming
src/main/java/net/shadowmage/ancientwarfare/npc/entity/faction/NpcFactionSpellcaster.java,6,net.minecraft.entity.ai.EntityAIWatchClosest2
src/main/java/net/shadowmage/ancientwarfare/npc/entity/faction/NpcFactionSpellcaster.java,7,net.minecraft.world.entity.player.Player
src/main/java/net/shadowmage/ancientwarfare/npc/entity/faction/NpcFactionSpellcaster.java,8,net.minecraft.world.level.Level
src/main/java/net/shadowmage/ancientwarfare/npc/entity/faction/NpcFactionSpellcasterWizardry.java,3,electroblob.wizardry.entity.living.ISpellCaster
src/main/java/net/shadowmage/ancientwarfare/npc/entity/faction/NpcFactionSpellcasterWizardry.java,4,electroblob.wizardry.entity.living.ISummonedCreature
src/main/java/net/shadowmage/ancientwarfare/npc/entity/faction/NpcFactionSpellcasterWizardry.java,5,electroblob.wizardry.registry.Spells
src/main/java/net/shadowmage/ancientwarfare/npc/entity/faction/NpcFactionSpellcasterWizardry.java,6,electroblob.wizardry.registry.WizardryPotions
src/main/java/net/shadowmage/ancientwarfare/npc/entity/faction/NpcFactionSpellcasterWizardry.java,7,electroblob.wizardry.spell.Spell
src/main/java/net/shadowmage/ancientwarfare/npc/entity/faction/NpcFactionSpellcasterWizardry.java,8,electroblob.wizardry.util.ParticleBuilder
src/main/java/net/shadowmage/ancientwarfare/npc/entity/faction/NpcFactionSpellcasterWizardry.java,9,electroblob.wizardry.util.SpellModifiers
src/main/java/net/shadowmage/ancientwarfare/npc/entity/faction/NpcFactionSpellcasterWizardry.java,10,net.minecraft.world.entity.Entity
src/main/java/net/shadowmage/ancientwarfare/npc/entity/faction/NpcFactionSpellcasterWizardry.java,11,net.minecraft.world.entity.Mob
src/main/java/net/shadowmage/ancientwarfare/npc/entity/faction/NpcFactionSpellcasterWizardry.java,12,net.minecraft.entity.ai.EntityAIRestrictOpenDoor
src/main/java/net/shadowmage/ancientwarfare/npc/entity/faction/NpcFactionSpellcasterWizardry.java,13,net.minecraft.entity.ai.EntityAISwimming
src/main/java/net/shadowmage/ancientwarfare/npc/entity/faction/NpcFactionSpellcasterWizardry.java,14,net.minecraft.entity.ai.EntityAIWatchClosest2
src/main/java/net/shadowmage/ancientwarfare/npc/entity/faction/NpcFactionSpellcasterWizardry.java,15,net.minecraft.world.entity.player.Player
src/main/java/net/shadowmage/ancientwarfare/npc/entity/faction/NpcFactionSpellcasterWizardry.java,21,net.minecraft.world.Difficulty
src/main/java/net/shadowmage/ancientwarfare/npc/entity/faction/NpcFactionSpellcasterWizardry.java,22,net.minecraft.world.level.Level
src/main/java/net/shadowmage/ancientwarfare/npc/entity/faction/NpcFactionTrader.java,3,net.minecraft.world.entity.Entity
src/main/java/net/shadowmage/ancientwarfare/npc/entity/faction/NpcFactionTrader.java,4,net.minecraft.world.entity.Mob
src/main/java/net/shadowmage/ancientwarfare/npc/entity/faction/NpcFactionTrader.java,5,net.minecraft.entity.ai.EntityAIRestrictOpenDoor
src/main/java/net/shadowmage/ancientwarfare/npc/entity/faction/NpcFactionTrader.java,6,net.minecraft.entity.ai.EntityAISwimming
src/main/java/net/shadowmage/ancientwarfare/npc/entity/faction/NpcFactionTrader.java,7,net.minecraft.entity.ai.EntityAIWatchClosest
src/main/java/net/shadowmage/ancientwarfare/npc/entity/faction/NpcFactionTrader.java,8,net.minecraft.entity.ai.EntityAIWatchClosest2
src/main/java/net/shadowmage/ancientwarfare/npc/entity/faction/NpcFactionTrader.java,9,net.minecraft.world.entity.player.Player
src/main/java/net/shadowmage/ancientwarfare/npc/entity/faction/NpcFactionTrader.java,11,net.minecraft.world.InteractionHand
src/main/java/net/shadowmage/ancientwarfare/npc/entity/faction/NpcFactionTrader.java,12,net.minecraft.world.level.Level
src/main/java/net/shadowmage/ancientwarfare/npc/entity/faction/attributes/AdditionalAttributes.java,4,net.minecraft.world.entity.Mob
src/main/java/net/shadowmage/ancientwarfare/npc/entity/faction/attributes/EntityVehicleProperty.java,7,net.minecraft.world.entity.Entity
src/main/java/net/shadowmage/ancientwarfare/npc/entity/faction/attributes/EntityVehicleProperty.java,10,net.minecraft.world.storage.loot.properties.EntityProperty
src/main/java/net/shadowmage/ancientwarfare/npc/entity/vehicle/BlockPosTarget.java,4,net.minecraft.world.phys.AABB
src/main/java/net/shadowmage/ancientwarfare/npc/entity/vehicle/BlockPosTarget.java,6,net.minecraft.world.level.Level
src/main/java/net/shadowmage/ancientwarfare/npc/entity/vehicle/EntityTarget.java,3,net.minecraft.world.entity.LivingEntity
src/main/java/net/shadowmage/ancientwarfare/npc/entity/vehicle/EntityTarget.java,4,net.minecraft.world.phys.AABB
src/main/java/net/shadowmage/ancientwarfare/npc/entity/vehicle/EntityTarget.java,5,net.minecraft.world.level.Level
src/main/java/net/shadowmage/ancientwarfare/npc/entity/vehicle/ITarget.java,3,net.minecraft.world.phys.AABB
src/main/java/net/shadowmage/ancientwarfare/npc/entity/vehicle/ITarget.java,4,net.minecraft.world.level.Level
src/main/java/net/shadowmage/ancientwarfare/npc/entity/vehicle/NpcSiegeEngineer.java,3,net.minecraft.world.entity.Entity
src/main/java/net/shadowmage/ancientwarfare/npc/entity/vehicle/NpcSiegeEngineer.java,4,net.minecraft.world.entity.Mob
src/main/java/net/shadowmage/ancientwarfare/npc/entity/vehicle/NpcSiegeEngineer.java,5,net.minecraft.world.entity.LivingEntity
src/main/java/net/shadowmage/ancientwarfare/npc/entity/vehicle/NpcSiegeEngineer.java,6,net.minecraft.entity.SharedMonsterAttributes
src/main/java/net/shadowmage/ancientwarfare/npc/entity/vehicle/NpcSiegeEngineer.java,7,net.minecraft.entity.ai.EntityAIRestrictOpenDoor
src/main/java/net/shadowmage/ancientwarfare/npc/entity/vehicle/NpcSiegeEngineer.java,8,net.minecraft.entity.ai.EntityAISwimming
src/main/java/net/shadowmage/ancientwarfare/npc/entity/vehicle/NpcSiegeEngineer.java,9,net.minecraft.entity.ai.EntityAIWatchClosest2
src/main/java/net/shadowmage/ancientwarfare/npc/entity/vehicle/NpcSiegeEngineer.java,10,net.minecraft.world.entity.player.Player
src/main/java/net/shadowmage/ancientwarfare/npc/entity/vehicle/NpcSiegeEngineer.java,13,net.minecraft.world.level.Level
src/main/java/net/shadowmage/ancientwarfare/npc/entity/vehicle/TargetFactory.java,4,net.minecraft.world.phys.AABB
src/main/java/net/shadowmage/ancientwarfare/npc/entity/vehicle/TargetFactory.java,6,net.minecraft.world.level.Level
src/main/java/net/shadowmage/ancientwarfare/npc/event/EventHandler.java,3,net.minecraft.world.level.block.Block
src/main/java/net/shadowmage/ancientwarfare/npc/event/EventHandler.java,4,net.minecraft.world.level.block.state.BlockState
src/main/java/net/shadowmage/ancientwarfare/npc/event/EventHandler.java,5,net.minecraft.world.entity.Entity
src/main/java/net/shadowmage/ancientwarfare/npc/event/EventHandler.java,6,net.minecraft.world.entity.PathfinderMob
src/main/java/net/shadowmage/ancientwarfare/npc/event/EventHandler.java,7,net.minecraft.world.entity.ai.goal.Goal
src/main/java/net/shadowmage/ancientwarfare/npc/event/EventHandler.java,8,net.minecraft.entity.ai.EntityAINearestAttackableTarget
src/main/java/net/shadowmage/ancientwarfare/npc/event/EventHandler.java,9,net.minecraft.entity.ai.EntityAITasks.EntityAITaskEntry
src/main/java/net/shadowmage/ancientwarfare/npc/event/EventHandler.java,10,net.minecraft.entity.monster.IMob
src/main/java/net/shadowmage/ancientwarfare/npc/event/EventHandler.java,11,net.minecraft.world.entity.player.Player
src/main/java/net/shadowmage/ancientwarfare/npc/event/EventHandler.java,12,net.minecraft.world.level.block.Blocks
src/main/java/net/shadowmage/ancientwarfare/npc/event/EventHandler.java,13,net.minecraft.world.effect.MobEffects
src/main/java/net/shadowmage/ancientwarfare/npc/event/EventHandler.java,14,net.minecraft.world.effect.MobEffectInstance
src/main/java/net/shadowmage/ancientwarfare/npc/event/EventHandler.java,15,net.minecraft.world.InteractionResult
src/main/java/net/shadowmage/ancientwarfare/npc/event/EventHandler.java,17,net.minecraft.util.text.TextComponentTranslation
src/main/java/net/shadowmage/ancientwarfare/npc/event/EventHandler.java,18,net.minecraft.world.level.Level
src/main/java/net/shadowmage/ancientwarfare/npc/faction/FactionEntry.java,3,net.minecraft.command.WrongUsageException
src/main/java/net/shadowmage/ancientwarfare/npc/faction/FactionTracker.java,3,net.minecraft.world.entity.player.Player
src/main/java/net/shadowmage/ancientwarfare/npc/faction/FactionTracker.java,4,net.minecraft.world.level.Level
src/main/java/net/shadowmage/ancientwarfare/npc/gamedata/FactionData.java,3,net.minecraft.world.entity.player.Player
src/main/java/net/shadowmage/ancientwarfare/npc/gamedata/FactionData.java,7,net.minecraft.world.level.Level
src/main/java/net/shadowmage/ancientwarfare/npc/gamedata/FactionData.java,8,net.minecraft.world.level.saveddata.SavedData
src/main/java/net/shadowmage/ancientwarfare/npc/gamedata/Team.java,5,net.minecraft.world.level.Level
src/main/java/net/shadowmage/ancientwarfare/npc/gamedata/TeamData.java,3,net.minecraft.world.entity.player.Player
src/main/java/net/shadowmage/ancientwarfare/npc/gamedata/TeamData.java,7,net.minecraft.world.level.Level
src/main/java/net/shadowmage/ancientwarfare/npc/gamedata/TeamData.java,8,net.minecraft.world.level.saveddata.SavedData
src/main/java/net/shadowmage/ancientwarfare/npc/gui/GuiNpcFactionSpellcasterWizardry.java,3,electroblob.wizardry.spell.Spell
src/main/java/net/shadowmage/ancientwarfare/npc/gui/GuiNpcFactionSpellcasterWizardry.java,4,net.minecraft.util.text.translation.I18n
src/main/java/net/shadowmage/ancientwarfare/npc/gui/GuiNpcFactionTradeSetup.java,4,net.minecraft.world.item.ItemStack
src/main/java/net/shadowmage/ancientwarfare/npc/gui/GuiNpcFactionTradeView.java,4,net.minecraft.world.item.ItemStack
src/main/java/net/shadowmage/ancientwarfare/npc/gui/GuiNpcInventory.java,4,net.minecraft.world.item.Items
src/main/java/net/shadowmage/ancientwarfare/npc/gui/GuiNpcInventory.java,5,net.minecraft.world.item.ItemStack
src/main/java/net/shadowmage/ancientwarfare/npc/gui/GuiNpcPlayerOwnedTrade.java,3,net.minecraft.world.item.ItemStack
src/main/java/net/shadowmage/ancientwarfare/npc/gui/GuiRoutingOrder.java,3,net.minecraft.world.level.block.Block
src/main/java/net/shadowmage/ancientwarfare/npc/gui/GuiRoutingOrder.java,5,net.minecraft.world.item.ItemStack
src/main/java/net/shadowmage/ancientwarfare/npc/gui/GuiRoutingOrder.java,7,net.minecraft.util.text.TextFormatting
src/main/java/net/shadowmage/ancientwarfare/npc/gui/GuiSkinSelection.java,8,net.minecraft.world.entity.LivingEntity
src/main/java/net/shadowmage/ancientwarfare/npc/gui/GuiTradeOrder.java,3,net.minecraft.world.item.ItemStack
src/main/java/net/shadowmage/ancientwarfare/npc/gui/GuiWorkOrder.java,4,net.minecraft.world.item.ItemStack
src/main/java/net/shadowmage/ancientwarfare/npc/init/AWNPCBlocks.java,3,net.minecraft.world.level.block.Block
src/main/java/net/shadowmage/ancientwarfare/npc/init/AWNPCBlocks.java,4,net.minecraft.world.item.Item
src/main/java/net/shadowmage/ancientwarfare/npc/init/AWNPCBlocks.java,5,net.minecraft.world.level.block.entity.BlockEntity
src/main/java/net/shadowmage/ancientwarfare/npc/init/AWNPCBlocks.java,10,net.minecraftforge.fml.common.registry.GameRegistry
src/main/java/net/shadowmage/ancientwarfare/npc/init/AWNPCBlocks.java,11,net.minecraftforge.fml.common.registry.GameRegistry.ObjectHolder
src/main/java/net/shadowmage/ancientwarfare/npc/init/AWNPCEntities.java,4,net.minecraft.world.entity.Entity
src/main/java/net/shadowmage/ancientwarfare/npc/init/AWNPCEntities.java,5,net.minecraft.world.item.Items
src/main/java/net/shadowmage/ancientwarfare/npc/init/AWNPCEntities.java,6,net.minecraft.world.entity.EquipmentSlot
src/main/java/net/shadowmage/ancientwarfare/npc/init/AWNPCEntities.java,7,net.minecraft.world.item.Item
src/main/java/net/shadowmage/ancientwarfare/npc/init/AWNPCEntities.java,8,net.minecraft.world.item.ItemStack
src/main/java/net/shadowmage/ancientwarfare/npc/init/AWNPCEntities.java,9,net.minecraft.world.level.Level
src/main/java/net/shadowmage/ancientwarfare/npc/init/AWNPCEntities.java,14,net.minecraftforge.fml.common.registry.EntityEntry
src/main/java/net/shadowmage/ancientwarfare/npc/init/AWNPCItems.java,3,net.minecraft.world.level.block.Block
src/main/java/net/shadowmage/ancientwarfare/npc/init/AWNPCItems.java,4,net.minecraft.world.entity.LivingEntity
src/main/java/net/shadowmage/ancientwarfare/npc/init/AWNPCItems.java,5,net.minecraft.world.effect.MobEffects
src/main/java/net/shadowmage/ancientwarfare/npc/init/AWNPCItems.java,6,net.minecraft.world.item.Item
src/main/java/net/shadowmage/ancientwarfare/npc/init/AWNPCItems.java,8,net.minecraft.world.effect.MobEffectInstance
src/main/java/net/shadowmage/ancientwarfare/npc/init/AWNPCItems.java,14,net.minecraftforge.fml.common.registry.GameRegistry.ObjectHolder
src/main/java/net/shadowmage/ancientwarfare/npc/init/AWNPCSounds.java,8,net.minecraftforge.fml.common.registry.GameRegistry.ObjectHolder
src/main/java/net/shadowmage/ancientwarfare/npc/inventory/NpcEquipmentHandler.java,3,net.minecraft.world.entity.EquipmentSlot
src/main/java/net/shadowmage/ancientwarfare/npc/inventory/NpcEquipmentHandler.java,4,net.minecraft.world.item.ItemStack
src/main/java/net/shadowmage/ancientwarfare/npc/item/IExtendedReachWeapon.java,5,net.minecraft.world.entity.Entity
src/main/java/net/shadowmage/ancientwarfare/npc/item/IExtendedReachWeapon.java,6,net.minecraft.world.entity.player.Player
src/main/java/net/shadowmage/ancientwarfare/npc/item/IExtendedReachWeapon.java,8,net.minecraft.world.phys.AABB
src/main/java/net/shadowmage/ancientwarfare/npc/item/IExtendedReachWeapon.java,9,net.minecraft.world.phys.HitResult
src/main/java/net/shadowmage/ancientwarfare/npc/item/IExtendedReachWeapon.java,10,net.minecraft.world.phys.Vec3
src/main/java/net/shadowmage/ancientwarfare/npc/item/ItemBardInstrument.java,4,net.minecraft.world.entity.LivingEntity
src/main/java/net/shadowmage/ancientwarfare/npc/item/ItemBardInstrument.java,5,net.minecraft.world.entity.player.Player
src/main/java/net/shadowmage/ancientwarfare/npc/item/ItemBardInstrument.java,7,net.minecraft.world.item.ItemStack
src/main/java/net/shadowmage/ancientwarfare/npc/item/ItemBardInstrument.java,8,net.minecraft.world.InteractionResultHolder
src/main/java/net/shadowmage/ancientwarfare/npc/item/ItemBardInstrument.java,9,net.minecraft.world.InteractionResult
src/main/java/net/shadowmage/ancientwarfare/npc/item/ItemBardInstrument.java,10,net.minecraft.world.InteractionHand
src/main/java/net/shadowmage/ancientwarfare/npc/item/ItemBardInstrument.java,14,net.minecraft.world.level.Level
src/main/java/net/shadowmage/ancientwarfare/npc/item/ItemClub.java,3,net.minecraft.world.item.enchantment.EnchantmentHelper
src/main/java/net/shadowmage/ancientwarfare/npc/item/ItemClub.java,4,net.minecraft.world.entity.LivingEntity
src/main/java/net/shadowmage/ancientwarfare/npc/item/ItemClub.java,5,net.minecraft.world.item.enchantment.Enchantments
src/main/java/net/shadowmage/ancientwarfare/npc/item/ItemClub.java,6,net.minecraft.world.item.ItemStack
src/main/java/net/shadowmage/ancientwarfare/npc/item/ItemCoin.java,4,net.minecraft.world.level.block.Block
src/main/java/net/shadowmage/ancientwarfare/npc/item/ItemCoin.java,5,net.minecraft.world.level.block.state.BlockState
src/main/java/net/shadowmage/ancientwarfare/npc/item/ItemCoin.java,7,net.minecraft.world.item.TooltipFlag
src/main/java/net/shadowmage/ancientwarfare/npc/item/ItemCoin.java,9,net.minecraft.world.entity.player.Player
src/main/java/net/shadowmage/ancientwarfare/npc/item/ItemCoin.java,10,net.minecraft.world.item.ItemStack
src/main/java/net/shadowmage/ancientwarfare/npc/item/ItemCoin.java,12,net.minecraft.world.InteractionResult
src/main/java/net/shadowmage/ancientwarfare/npc/item/ItemCoin.java,14,net.minecraft.world.InteractionHand
src/main/java/net/shadowmage/ancientwarfare/npc/item/ItemCoin.java,18,net.minecraft.util.text.TextFormatting
src/main/java/net/shadowmage/ancientwarfare/npc/item/ItemCoin.java,19,net.minecraft.world.level.Level
src/main/java/net/shadowmage/ancientwarfare/npc/item/ItemCombatOrder.java,3,net.minecraft.world.entity.player.Player
src/main/java/net/shadowmage/ancientwarfare/npc/item/ItemCombatOrder.java,4,net.minecraft.world.item.ItemStack
src/main/java/net/shadowmage/ancientwarfare/npc/item/ItemCombatOrder.java,5,net.minecraft.world.InteractionResultHolder
src/main/java/net/shadowmage/ancientwarfare/npc/item/ItemCombatOrder.java,6,net.minecraft.world.InteractionResult
src/main/java/net/shadowmage/ancientwarfare/npc/item/ItemCombatOrder.java,7,net.minecraft.world.InteractionHand
src/main/java/net/shadowmage/ancientwarfare/npc/item/ItemCombatOrder.java,9,net.minecraft.world.level.Level
src/main/java/net/shadowmage/ancientwarfare/npc/item/ItemCommandBaton.java,6,net.minecraft.world.level.block.state.BlockState
src/main/java/net/shadowmage/ancientwarfare/npc/item/ItemCommandBaton.java,9,net.minecraft.world.item.TooltipFlag
src/main/java/net/shadowmage/ancientwarfare/npc/item/ItemCommandBaton.java,10,net.minecraft.world.entity.Entity
src/main/java/net/shadowmage/ancientwarfare/npc/item/ItemCommandBaton.java,11,net.minecraft.world.entity.LivingEntity
src/main/java/net/shadowmage/ancientwarfare/npc/item/ItemCommandBaton.java,12,net.minecraft.entity.SharedMonsterAttributes
src/main/java/net/shadowmage/ancientwarfare/npc/item/ItemCommandBaton.java,13,net.minecraft.world.entity.ai.attributes.AttributeModifier
src/main/java/net/shadowmage/ancientwarfare/npc/item/ItemCommandBaton.java,14,net.minecraft.world.entity.player.Player
src/main/java/net/shadowmage/ancientwarfare/npc/item/ItemCommandBaton.java,15,net.minecraft.world.entity.EquipmentSlot
src/main/java/net/shadowmage/ancientwarfare/npc/item/ItemCommandBaton.java,16,net.minecraft.world.item.ItemStack
src/main/java/net/shadowmage/ancientwarfare/npc/item/ItemCommandBaton.java,20,net.minecraft.world.InteractionResultHolder
src/main/java/net/shadowmage/ancientwarfare/npc/item/ItemCommandBaton.java,21,net.minecraft.world.InteractionResult
src/main/java/net/shadowmage/ancientwarfare/npc/item/ItemCommandBaton.java,22,net.minecraft.world.InteractionHand
src/main/java/net/shadowmage/ancientwarfare/npc/item/ItemCommandBaton.java,24,net.minecraft.world.phys.HitResult
src/main/java/net/shadowmage/ancientwarfare/npc/item/ItemCommandBaton.java,25,net.minecraft.util.math.RayTraceResult.Type
src/main/java/net/shadowmage/ancientwarfare/npc/item/ItemCommandBaton.java,26,net.minecraft.util.text.TextComponentTranslation
src/main/java/net/shadowmage/ancientwarfare/npc/item/ItemCommandBaton.java,27,net.minecraft.world.level.Level
src/main/java/net/shadowmage/ancientwarfare/npc/item/ItemExtendedReachWeapon.java,4,net.minecraft.entity.SharedMonsterAttributes
src/main/java/net/shadowmage/ancientwarfare/npc/item/ItemExtendedReachWeapon.java,5,net.minecraft.world.entity.ai.attributes.AttributeModifier
src/main/java/net/shadowmage/ancientwarfare/npc/item/ItemExtendedReachWeapon.java,6,net.minecraft.world.entity.EquipmentSlot
src/main/java/net/shadowmage/ancientwarfare/npc/item/ItemExtendedReachWeapon.java,7,net.minecraft.world.item.ItemStack
src/main/java/net/shadowmage/ancientwarfare/npc/item/ItemExtendedReachWeapon.java,8,net.minecraft.item.ItemSword
src/main/java/net/shadowmage/ancientwarfare/npc/item/ItemFoodBundle.java,3,net.minecraft.world.item.Item
src/main/java/net/shadowmage/ancientwarfare/npc/item/ItemIceSpear.java,3,net.minecraft.world.entity.LivingEntity
src/main/java/net/shadowmage/ancientwarfare/npc/item/ItemIceSpear.java,4,net.minecraft.world.effect.MobEffects
src/main/java/net/shadowmage/ancientwarfare/npc/item/ItemIceSpear.java,5,net.minecraft.item.EnumRarity
src/main/java/net/shadowmage/ancientwarfare/npc/item/ItemIceSpear.java,6,net.minecraft.world.item.ItemStack
src/main/java/net/shadowmage/ancientwarfare/npc/item/ItemIceSpear.java,7,net.minecraft.world.effect.MobEffectInstance
src/main/java/net/shadowmage/ancientwarfare/npc/item/ItemMacuahuitl.java,4,net.minecraft.world.item.TooltipFlag
src/main/java/net/shadowmage/ancientwarfare/npc/item/ItemMacuahuitl.java,5,net.minecraft.world.level.block.Blocks
src/main/java/net/shadowmage/ancientwarfare/npc/item/ItemMacuahuitl.java,6,net.minecraft.world.item.Item
src/main/java/net/shadowmage/ancientwarfare/npc/item/ItemMacuahuitl.java,7,net.minecraft.world.item.ItemStack
src/main/java/net/shadowmage/ancientwarfare/npc/item/ItemMacuahuitl.java,8,net.minecraft.item.ItemSword
src/main/java/net/shadowmage/ancientwarfare/npc/item/ItemMacuahuitl.java,10,net.minecraft.util.text.TextFormatting
src/main/java/net/shadowmage/ancientwarfare/npc/item/ItemMacuahuitl.java,11,net.minecraft.world.level.Level
src/main/java/net/shadowmage/ancientwarfare/npc/item/ItemNpcSpawner.java,6,net.minecraft.world.item.TooltipFlag
src/main/java/net/shadowmage/ancientwarfare/npc/item/ItemNpcSpawner.java,8,net.minecraft.world.entity.player.Player
src/main/java/net/shadowmage/ancientwarfare/npc/item/ItemNpcSpawner.java,9,net.minecraft.world.entity.EquipmentSlot
src/main/java/net/shadowmage/ancientwarfare/npc/item/ItemNpcSpawner.java,10,net.minecraft.world.item.ItemStack
src/main/java/net/shadowmage/ancientwarfare/npc/item/ItemNpcSpawner.java,13,net.minecraft.world.InteractionResultHolder
src/main/java/net/shadowmage/ancientwarfare/npc/item/ItemNpcSpawner.java,14,net.minecraft.world.InteractionResult
src/main/java/net/shadowmage/ancientwarfare/npc/item/ItemNpcSpawner.java,15,net.minecraft.world.InteractionHand
src/main/java/net/shadowmage/ancientwarfare/npc/item/ItemNpcSpawner.java,18,net.minecraft.world.level.Level
src/main/java/net/shadowmage/ancientwarfare/npc/item/ItemOrders.java,4,net.minecraft.world.item.TooltipFlag
src/main/java/net/shadowmage/ancientwarfare/npc/item/ItemOrders.java,5,net.minecraft.world.entity.player.Player
src/main/java/net/shadowmage/ancientwarfare/npc/item/ItemOrders.java,6,net.minecraft.world.item.ItemStack
src/main/java/net/shadowmage/ancientwarfare/npc/item/ItemOrders.java,8,net.minecraft.util.text.TextComponentTranslation
src/main/java/net/shadowmage/ancientwarfare/npc/item/ItemOrders.java,9,net.minecraft.world.level.Level
src/main/java/net/shadowmage/ancientwarfare/npc/item/ItemPitchfork.java,4,net.minecraft.entity.SharedMonsterAttributes
src/main/java/net/shadowmage/ancientwarfare/npc/item/ItemPitchfork.java,5,net.minecraft.world.entity.ai.attributes.AttributeModifier
src/main/java/net/shadowmage/ancientwarfare/npc/item/ItemPitchfork.java,6,net.minecraft.world.entity.EquipmentSlot
src/main/java/net/shadowmage/ancientwarfare/npc/item/ItemPitchfork.java,7,net.minecraft.world.item.ItemStack
src/main/java/net/shadowmage/ancientwarfare/npc/item/ItemRoutingOrder.java,3,net.minecraft.world.entity.player.Player
src/main/java/net/shadowmage/ancientwarfare/npc/item/ItemRoutingOrder.java,4,net.minecraft.world.item.ItemStack
src/main/java/net/shadowmage/ancientwarfare/npc/item/ItemRoutingOrder.java,5,net.minecraft.world.InteractionResultHolder
src/main/java/net/shadowmage/ancientwarfare/npc/item/ItemRoutingOrder.java,6,net.minecraft.world.InteractionResult
src/main/java/net/shadowmage/ancientwarfare/npc/item/ItemRoutingOrder.java,7,net.minecraft.world.InteractionHand
src/main/java/net/shadowmage/ancientwarfare/npc/item/ItemRoutingOrder.java,9,net.minecraft.world.phys.HitResult
src/main/java/net/shadowmage/ancientwarfare/npc/item/ItemRoutingOrder.java,10,net.minecraft.world.level.Level
src/main/java/net/shadowmage/ancientwarfare/npc/item/ItemScythe.java,4,net.minecraft.world.level.block.Block
src/main/java/net/shadowmage/ancientwarfare/npc/item/ItemScythe.java,5,net.minecraft.world.level.block.state.BlockState
src/main/java/net/shadowmage/ancientwarfare/npc/item/ItemScythe.java,6,net.minecraft.world.entity.LivingEntity
src/main/java/net/shadowmage/ancientwarfare/npc/item/ItemScythe.java,7,net.minecraft.entity.SharedMonsterAttributes
src/main/java/net/shadowmage/ancientwarfare/npc/item/ItemScythe.java,8,net.minecraft.world.entity.ai.attributes.AttributeModifier
src/main/java/net/shadowmage/ancientwarfare/npc/item/ItemScythe.java,9,net.minecraft.world.entity.player.Player
src/main/java/net/shadowmage/ancientwarfare/npc/item/ItemScythe.java,10,net.minecraft.world.entity.EquipmentSlot
src/main/java/net/shadowmage/ancientwarfare/npc/item/ItemScythe.java,11,net.minecraft.world.item.ItemStack
src/main/java/net/shadowmage/ancientwarfare/npc/item/ItemScythe.java,13,net.minecraft.world.level.Level
src/main/java/net/shadowmage/ancientwarfare/npc/item/ItemShield.java,3,net.minecraft.world.entity.LivingEntity
src/main/java/net/shadowmage/ancientwarfare/npc/item/ItemShield.java,4,net.minecraft.world.entity.player.Player
src/main/java/net/shadowmage/ancientwarfare/npc/item/ItemShield.java,5,net.minecraft.world.item.UseAnim
src/main/java/net/shadowmage/ancientwarfare/npc/item/ItemShield.java,6,net.minecraft.item.IItemPropertyGetter
src/main/java/net/shadowmage/ancientwarfare/npc/item/ItemShield.java,7,net.minecraft.world.item.ItemStack
src/main/java/net/shadowmage/ancientwarfare/npc/item/ItemShield.java,8,net.minecraft.world.InteractionResultHolder
src/main/java/net/shadowmage/ancientwarfare/npc/item/ItemShield.java,9,net.minecraft.world.InteractionResult
src/main/java/net/shadowmage/ancientwarfare/npc/item/ItemShield.java,10,net.minecraft.world.InteractionHand
src/main/java/net/shadowmage/ancientwarfare/npc/item/ItemShield.java,12,net.minecraft.world.level.Level
src/main/java/net/shadowmage/ancientwarfare/npc/item/ItemSickle.java,4,net.minecraft.entity.SharedMonsterAttributes
src/main/java/net/shadowmage/ancientwarfare/npc/item/ItemSickle.java,5,net.minecraft.world.entity.ai.attributes.AttributeModifier
src/main/java/net/shadowmage/ancientwarfare/npc/item/ItemSickle.java,6,net.minecraft.world.entity.EquipmentSlot
src/main/java/net/shadowmage/ancientwarfare/npc/item/ItemSickle.java,7,net.minecraft.world.item.Item
src/main/java/net/shadowmage/ancientwarfare/npc/item/ItemSickle.java,8,net.minecraft.world.item.ItemStack
src/main/java/net/shadowmage/ancientwarfare/npc/item/ItemTradeOrder.java,3,net.minecraft.world.entity.player.Player
src/main/java/net/shadowmage/ancientwarfare/npc/item/ItemTradeOrder.java,4,net.minecraft.world.item.ItemStack
src/main/java/net/shadowmage/ancientwarfare/npc/item/ItemTradeOrder.java,5,net.minecraft.world.InteractionResultHolder
src/main/java/net/shadowmage/ancientwarfare/npc/item/ItemTradeOrder.java,6,net.minecraft.world.InteractionResult
src/main/java/net/shadowmage/ancientwarfare/npc/item/ItemTradeOrder.java,7,net.minecraft.world.InteractionHand
src/main/java/net/shadowmage/ancientwarfare/npc/item/ItemTradeOrder.java,9,net.minecraft.world.phys.HitResult
src/main/java/net/shadowmage/ancientwarfare/npc/item/ItemTradeOrder.java,10,net.minecraft.world.level.Level
src/main/java/net/shadowmage/ancientwarfare/npc/item/ItemUpkeepOrder.java,3,net.minecraft.world.entity.player.Player
src/main/java/net/shadowmage/ancientwarfare/npc/item/ItemUpkeepOrder.java,4,net.minecraft.world.item.ItemStack
src/main/java/net/shadowmage/ancientwarfare/npc/item/ItemUpkeepOrder.java,5,net.minecraft.world.InteractionResultHolder
src/main/java/net/shadowmage/ancientwarfare/npc/item/ItemUpkeepOrder.java,6,net.minecraft.world.InteractionResult
src/main/java/net/shadowmage/ancientwarfare/npc/item/ItemUpkeepOrder.java,7,net.minecraft.world.InteractionHand
src/main/java/net/shadowmage/ancientwarfare/npc/item/ItemUpkeepOrder.java,9,net.minecraft.util.text.TextComponentTranslation
src/main/java/net/shadowmage/ancientwarfare/npc/item/ItemUpkeepOrder.java,10,net.minecraft.world.level.Level
src/main/java/net/shadowmage/ancientwarfare/npc/item/ItemWorkOrder.java,3,net.minecraft.world.entity.player.Player
src/main/java/net/shadowmage/ancientwarfare/npc/item/ItemWorkOrder.java,4,net.minecraft.world.item.ItemStack
src/main/java/net/shadowmage/ancientwarfare/npc/item/ItemWorkOrder.java,5,net.minecraft.world.InteractionResultHolder
src/main/java/net/shadowmage/ancientwarfare/npc/item/ItemWorkOrder.java,6,net.minecraft.world.InteractionResult
src/main/java/net/shadowmage/ancientwarfare/npc/item/ItemWorkOrder.java,7,net.minecraft.world.InteractionHand
src/main/java/net/shadowmage/ancientwarfare/npc/item/ItemWorkOrder.java,9,net.minecraft.world.level.Level
src/main/java/net/shadowmage/ancientwarfare/npc/network/PacketExtendedReachAttack.java,4,net.minecraft.world.entity.Entity
src/main/java/net/shadowmage/ancientwarfare/npc/network/PacketExtendedReachAttack.java,5,net.minecraft.world.entity.player.Player
src/main/java/net/shadowmage/ancientwarfare/npc/network/PacketExtendedReachAttack.java,6,net.minecraft.world.item.Item
src/main/java/net/shadowmage/ancientwarfare/npc/network/PacketFactionUpdate.java,6,net.minecraft.world.entity.player.Player
src/main/java/net/shadowmage/ancientwarfare/npc/network/PacketNpcCommand.java,4,net.minecraft.world.entity.Entity
src/main/java/net/shadowmage/ancientwarfare/npc/network/PacketNpcCommand.java,5,net.minecraft.world.entity.player.Player
src/main/java/net/shadowmage/ancientwarfare/npc/network/PacketTeamMembershipUpdate.java,5,net.minecraft.world.entity.player.Player
src/main/java/net/shadowmage/ancientwarfare/npc/network/PacketTeamStandingUpdate.java,4,net.minecraft.world.entity.player.Player
src/main/java/net/shadowmage/ancientwarfare/npc/network/PacketTeamStandingsUpdate.java,4,net.minecraft.world.entity.player.Player
src/main/java/net/shadowmage/ancientwarfare/npc/npc_command/NpcCommand.java,3,net.minecraft.world.entity.Entity
src/main/java/net/shadowmage/ancientwarfare/npc/npc_command/NpcCommand.java,4,net.minecraft.world.entity.player.Player
src/main/java/net/shadowmage/ancientwarfare/npc/npc_command/NpcCommand.java,7,net.minecraft.world.phys.HitResult
src/main/java/net/shadowmage/ancientwarfare/npc/npc_command/NpcCommand.java,8,net.minecraft.world.level.Level
src/main/java/net/shadowmage/ancientwarfare/npc/orders/CombatOrder.java,3,net.minecraft.world.item.ItemStack
src/main/java/net/shadowmage/ancientwarfare/npc/orders/CombatOrder.java,8,net.minecraft.world.level.Level
src/main/java/net/shadowmage/ancientwarfare/npc/orders/RoutingOrder.java,3,net.minecraft.world.item.ItemStack
src/main/java/net/shadowmage/ancientwarfare/npc/orders/TradeOrder.java,3,net.minecraft.world.item.ItemStack
src/main/java/net/shadowmage/ancientwarfare/npc/orders/UpkeepOrder.java,3,net.minecraft.world.item.ItemStack
src/main/java/net/shadowmage/ancientwarfare/npc/orders/UpkeepOrder.java,5,net.minecraft.world.level.block.entity.BlockEntity
src/main/java/net/shadowmage/ancientwarfare/npc/orders/UpkeepOrder.java,8,net.minecraft.world.level.Level
src/main/java/net/shadowmage/ancientwarfare/npc/orders/WorkOrder.java,3,net.minecraft.world.level.block.Block
src/main/java/net/shadowmage/ancientwarfare/npc/orders/WorkOrder.java,4,net.minecraft.world.item.ItemStack
src/main/java/net/shadowmage/ancientwarfare/npc/orders/WorkOrder.java,8,net.minecraft.world.level.Level
src/main/java/net/shadowmage/ancientwarfare/npc/registry/FactionDefinition.java,3,net.minecraft.world.entity.Entity
src/main/java/net/shadowmage/ancientwarfare/npc/registry/FactionDefinition.java,5,net.minecraftforge.fml.common.registry.EntityRegistry
src/main/java/net/shadowmage/ancientwarfare/npc/registry/FactionNpcDefault.java,3,net.minecraft.world.item.Item
src/main/java/net/shadowmage/ancientwarfare/npc/registry/FactionNpcDefault.java,5,net.minecraft.world.storage.loot.LootTableList
src/main/java/net/shadowmage/ancientwarfare/npc/registry/FactionSpellcasterDefault.java,3,net.minecraft.world.item.Item
src/main/java/net/shadowmage/ancientwarfare/npc/registry/FactionSpellcasterDefault.java,5,net.minecraft.world.storage.loot.LootTableList
src/main/java/net/shadowmage/ancientwarfare/npc/registry/FactionTradeListRegistry.java,6,net.minecraft.world.item.ItemStack
src/main/java/net/shadowmage/ancientwarfare/npc/registry/FactionTradeTemplate.java,3,net.minecraft.world.item.ItemStack
src/main/java/net/shadowmage/ancientwarfare/npc/registry/NPCDialogue.java,10,net.minecraft.world.level.block.Block
src/main/java/net/shadowmage/ancientwarfare/npc/registry/NPCDialogue.java,11,net.minecraft.world.entity.player.Player
src/main/java/net/shadowmage/ancientwarfare/npc/registry/NPCDialogue.java,13,net.minecraft.util.text.TextComponentString
src/main/java/net/shadowmage/ancientwarfare/npc/registry/NPCDialogue.java,14,net.minecraft.util.text.TextFormatting
src/main/java/net/shadowmage/ancientwarfare/npc/registry/NpcDefault.java,3,net.minecraft.entity.SharedMonsterAttributes
src/main/java/net/shadowmage/ancientwarfare/npc/registry/NpcDefault.java,4,net.minecraft.world.entity.ai.attributes.AttributeInstance
src/main/java/net/shadowmage/ancientwarfare/npc/registry/NpcDefault.java,5,net.minecraft.world.item.Item
src/main/java/net/shadowmage/ancientwarfare/npc/registry/NpcDefault.java,6,net.minecraft.world.item.ItemStack
src/main/java/net/shadowmage/ancientwarfare/npc/registry/NpcDefaultsRegistry.java,6,net.minecraft.world.item.Items
src/main/java/net/shadowmage/ancientwarfare/npc/registry/NpcDefaultsRegistry.java,7,net.minecraft.world.entity.EquipmentSlot
src/main/java/net/shadowmage/ancientwarfare/npc/registry/NpcDefaultsRegistry.java,8,net.minecraft.world.item.Item
src/main/java/net/shadowmage/ancientwarfare/npc/registry/OwnedNpcDefault.java,3,net.minecraft.world.entity.Entity
src/main/java/net/shadowmage/ancientwarfare/npc/registry/OwnedNpcDefault.java,4,net.minecraft.world.item.Item
src/main/java/net/shadowmage/ancientwarfare/npc/registry/OwnedNpcDefault.java,5,net.minecraftforge.fml.common.registry.EntityRegistry
src/main/java/net/shadowmage/ancientwarfare/npc/render/ModelNpc.java,4,net.minecraft.world.entity.LivingEntity
src/main/java/net/shadowmage/ancientwarfare/npc/render/ModelNpc.java,5,net.minecraft.world.item.UseAnim
src/main/java/net/shadowmage/ancientwarfare/npc/render/ModelNpc.java,6,net.minecraft.world.item.ItemStack
src/main/java/net/shadowmage/ancientwarfare/npc/render/ModelNpc.java,7,net.minecraft.world.InteractionHand
src/main/java/net/shadowmage/ancientwarfare/npc/render/ModelNpc.java,8,net.minecraft.world.entity.HumanoidArm
src/main/java/net/shadowmage/ancientwarfare/npc/render/RenderCommandOverlay.java,6,net.minecraft.world.entity.Entity
src/main/java/net/shadowmage/ancientwarfare/npc/render/RenderCommandOverlay.java,7,net.minecraft.world.entity.LivingEntity
src/main/java/net/shadowmage/ancientwarfare/npc/render/RenderCommandOverlay.java,8,net.minecraft.world.item.ItemStack
src/main/java/net/shadowmage/ancientwarfare/npc/render/RenderCommandOverlay.java,9,net.minecraft.world.phys.AABB
src/main/java/net/shadowmage/ancientwarfare/npc/render/RenderCommandOverlay.java,10,net.minecraft.world.phys.HitResult
src/main/java/net/shadowmage/ancientwarfare/npc/render/RenderNpcBase.java,14,net.minecraft.entity.passive.EntityPig
src/main/java/net/shadowmage/ancientwarfare/npc/render/RenderNpcBase.java,15,net.minecraft.world.entity.player.Player
src/main/java/net/shadowmage/ancientwarfare/npc/render/RenderNpcBase.java,18,net.minecraft.util.text.TextFormatting
src/main/java/net/shadowmage/ancientwarfare/npc/render/RenderNpcFaction.java,5,net.minecraft.entity.passive.AbstractHorse
src/main/java/net/shadowmage/ancientwarfare/npc/render/RenderWorkLines.java,5,net.minecraft.world.entity.player.Player
src/main/java/net/shadowmage/ancientwarfare/npc/render/RenderWorkLines.java,6,net.minecraft.world.item.Item
src/main/java/net/shadowmage/ancientwarfare/npc/render/RenderWorkLines.java,7,net.minecraft.world.item.ItemStack
src/main/java/net/shadowmage/ancientwarfare/npc/render/RenderWorkLines.java,8,net.minecraft.world.phys.AABB
src/main/java/net/shadowmage/ancientwarfare/npc/skin/NpcSkinSettings.java,11,net.minecraft.world.level.Level
src/main/java/net/shadowmage/ancientwarfare/npc/tile/TileRecruitingStation.java,3,net.minecraft.world.entity.player.Player
src/main/java/net/shadowmage/ancientwarfare/npc/tile/TileRecruitingStation.java,4,net.minecraft.world.InteractionHand
src/main/java/net/shadowmage/ancientwarfare/npc/tile/TileTownHall.java,3,net.minecraft.world.level.block.state.BlockState
src/main/java/net/shadowmage/ancientwarfare/npc/tile/TileTownHall.java,4,net.minecraft.world.entity.Entity
src/main/java/net/shadowmage/ancientwarfare/npc/tile/TileTownHall.java,5,net.minecraft.world.entity.player.Player
src/main/java/net/shadowmage/ancientwarfare/npc/tile/TileTownHall.java,6,net.minecraft.world.item.ItemStack
src/main/java/net/shadowmage/ancientwarfare/npc/tile/TileTownHall.java,11,net.minecraft.world.InteractionHand
src/main/java/net/shadowmage/ancientwarfare/npc/tile/TileTownHall.java,13,net.minecraft.world.phys.AABB
src/main/java/net/shadowmage/ancientwarfare/npc/trade/FactionTrade.java,3,net.minecraft.world.entity.player.Player
src/main/java/net/shadowmage/ancientwarfare/npc/trade/FactionTradeList.java,3,net.minecraft.world.entity.player.Player
src/main/java/net/shadowmage/ancientwarfare/npc/trade/FactionTradeList.java,4,net.minecraft.world.level.Level
src/main/java/net/shadowmage/ancientwarfare/npc/trade/POTrade.java,3,net.minecraft.world.item.ItemStack
src/main/java/net/shadowmage/ancientwarfare/npc/trade/POTradeDepositEntry.java,3,net.minecraft.world.item.ItemStack
src/main/java/net/shadowmage/ancientwarfare/npc/trade/POTradeTransferEntry.java,3,net.minecraft.world.item.ItemStack
src/main/java/net/shadowmage/ancientwarfare/npc/trade/POTradeWithdrawEntry.java,3,net.minecraft.world.item.ItemStack
src/main/java/net/shadowmage/ancientwarfare/npc/trade/Trade.java,3,net.minecraft.world.entity.player.Player
src/main/java/net/shadowmage/ancientwarfare/npc/trade/Trade.java,4,net.minecraft.inventory.InventoryHelper
src/main/java/net/shadowmage/ancientwarfare/npc/trade/Trade.java,5,net.minecraft.world.item.ItemStack
src/main/java/net/shadowmage/ancientwarfare/npc/trade/TradeList.java,3,net.minecraft.world.entity.player.Player
src/main/java/net/shadowmage/ancientwarfare/structure/AWStructureTab.java,4,net.minecraft.world.item.ItemStack
src/main/java/net/shadowmage/ancientwarfare/structure/AncientWarfareStructure.java,4,net.minecraft.world.entity.Entity
src/main/java/net/shadowmage/ancientwarfare/structure/AncientWarfareStructure.java,7,net.minecraft.world.level.Level
src/main/java/net/shadowmage/ancientwarfare/structure/AncientWarfareStructure.java,14,net.minecraftforge.fml.common.event.FMLInitializationEvent
src/main/java/net/shadowmage/ancientwarfare/structure/AncientWarfareStructure.java,15,net.minecraftforge.fml.common.event.FMLPostInitializationEvent
src/main/java/net/shadowmage/ancientwarfare/structure/AncientWarfareStructure.java,16,net.minecraftforge.fml.common.event.FMLPreInitializationEvent
src/main/java/net/shadowmage/ancientwarfare/structure/AncientWarfareStructure.java,17,net.minecraftforge.fml.common.event.FMLServerStartingEvent
src/main/java/net/shadowmage/ancientwarfare/structure/AncientWarfareStructure.java,18,net.minecraftforge.fml.common.event.FMLServerStoppingEvent
src/main/java/net/shadowmage/ancientwarfare/structure/AncientWarfareStructure.java,21,net.minecraftforge.fml.common.registry.EntityRegistry
src/main/java/net/shadowmage/ancientwarfare/structure/AncientWarfareStructure.java,22,net.minecraftforge.fml.common.registry.GameRegistry
src/main/java/net/shadowmage/ancientwarfare/structure/api/IStructureBuilder.java,3,net.minecraft.world.level.block.state.BlockState
src/main/java/net/shadowmage/ancientwarfare/structure/api/TemplateRule.java,3,net.minecraft.world.item.ItemStack
src/main/java/net/shadowmage/ancientwarfare/structure/api/TemplateRule.java,6,net.minecraft.world.level.Level
src/main/java/net/shadowmage/ancientwarfare/structure/api/TemplateRuleBlock.java,3,net.minecraft.world.level.block.state.BlockState
src/main/java/net/shadowmage/ancientwarfare/structure/api/TemplateRuleBlock.java,6,net.minecraft.world.level.block.Blocks
src/main/java/net/shadowmage/ancientwarfare/structure/api/TemplateRuleBlock.java,7,net.minecraft.world.item.ItemStack
src/main/java/net/shadowmage/ancientwarfare/structure/api/TemplateRuleBlock.java,9,net.minecraft.world.level.block.entity.BlockEntity
src/main/java/net/shadowmage/ancientwarfare/structure/api/TemplateRuleBlock.java,11,net.minecraft.world.level.BlockGetter
src/main/java/net/shadowmage/ancientwarfare/structure/api/TemplateRuleBlock.java,12,net.minecraft.world.level.Level
src/main/java/net/shadowmage/ancientwarfare/structure/api/TemplateRuleEntityBase.java,3,net.minecraft.world.item.ItemStack
src/main/java/net/shadowmage/ancientwarfare/structure/block/BlockAdvancedLootChest.java,4,net.minecraft.block.BlockChest
src/main/java/net/shadowmage/ancientwarfare/structure/block/BlockAdvancedLootChest.java,5,net.minecraft.world.level.block.SoundType
src/main/java/net/shadowmage/ancientwarfare/structure/block/BlockAdvancedLootChest.java,6,net.minecraft.world.level.block.state.BlockState
src/main/java/net/shadowmage/ancientwarfare/structure/block/BlockAdvancedLootChest.java,9,net.minecraft.world.entity.player.Player
src/main/java/net/shadowmage/ancientwarfare/structure/block/BlockAdvancedLootChest.java,10,net.minecraft.world.level.block.Blocks
src/main/java/net/shadowmage/ancientwarfare/structure/block/BlockAdvancedLootChest.java,11,net.minecraft.world.item.Item
src/main/java/net/shadowmage/ancientwarfare/structure/block/BlockAdvancedLootChest.java,13,net.minecraft.world.level.block.entity.BlockEntity
src/main/java/net/shadowmage/ancientwarfare/structure/block/BlockAdvancedLootChest.java,15,net.minecraft.world.InteractionHand
src/main/java/net/shadowmage/ancientwarfare/structure/block/BlockAdvancedLootChest.java,17,net.minecraft.world.ILockableContainer
src/main/java/net/shadowmage/ancientwarfare/structure/block/BlockAdvancedLootChest.java,18,net.minecraft.world.level.Level
src/main/java/net/shadowmage/ancientwarfare/structure/block/BlockAdvancedSpawner.java,3,net.minecraft.block.material.Material
src/main/java/net/shadowmage/ancientwarfare/structure/block/BlockAdvancedSpawner.java,4,net.minecraft.world.level.block.state.properties.BooleanProperty
src/main/java/net/shadowmage/ancientwarfare/structure/block/BlockAdvancedSpawner.java,5,net.minecraft.block.state.BlockFaceShape
src/main/java/net/shadowmage/ancientwarfare/structure/block/BlockAdvancedSpawner.java,6,net.minecraft.block.state.BlockStateContainer
src/main/java/net/shadowmage/ancientwarfare/structure/block/BlockAdvancedSpawner.java,7,net.minecraft.world.level.block.state.BlockState
src/main/java/net/shadowmage/ancientwarfare/structure/block/BlockAdvancedSpawner.java,9,net.minecraft.world.entity.Entity
src/main/java/net/shadowmage/ancientwarfare/structure/block/BlockAdvancedSpawner.java,10,net.minecraft.world.entity.player.Player
src/main/java/net/shadowmage/ancientwarfare/structure/block/BlockAdvancedSpawner.java,11,net.minecraft.world.item.ItemStack
src/main/java/net/shadowmage/ancientwarfare/structure/block/BlockAdvancedSpawner.java,13,net.minecraft.world.level.block.entity.BlockEntity
src/main/java/net/shadowmage/ancientwarfare/structure/block/BlockAdvancedSpawner.java,16,net.minecraft.world.InteractionHand
src/main/java/net/shadowmage/ancientwarfare/structure/block/BlockAdvancedSpawner.java,18,net.minecraft.world.phys.AABB
src/main/java/net/shadowmage/ancientwarfare/structure/block/BlockAdvancedSpawner.java,20,net.minecraft.world.phys.HitResult
src/main/java/net/shadowmage/ancientwarfare/structure/block/BlockAdvancedSpawner.java,21,net.minecraft.world.level.BlockGetter
src/main/java/net/shadowmage/ancientwarfare/structure/block/BlockAdvancedSpawner.java,22,net.minecraft.world.level.Level
src/main/java/net/shadowmage/ancientwarfare/structure/block/BlockBaseStructure.java,3,net.minecraft.block.material.Material
src/main/java/net/shadowmage/ancientwarfare/structure/block/BlockBaseStructure.java,4,net.minecraft.world.level.block.state.BlockState
src/main/java/net/shadowmage/ancientwarfare/structure/block/BlockBench.java,3,net.minecraft.block.material.Material
src/main/java/net/shadowmage/ancientwarfare/structure/block/BlockBench.java,4,net.minecraft.world.level.block.state.properties.EnumProperty
src/main/java/net/shadowmage/ancientwarfare/structure/block/BlockBench.java,5,net.minecraft.block.state.BlockStateContainer
src/main/java/net/shadowmage/ancientwarfare/structure/block/BlockBench.java,6,net.minecraft.world.level.block.state.BlockState
src/main/java/net/shadowmage/ancientwarfare/structure/block/BlockBench.java,8,net.minecraft.world.entity.LivingEntity
src/main/java/net/shadowmage/ancientwarfare/structure/block/BlockBench.java,9,net.minecraft.world.entity.player.Player
src/main/java/net/shadowmage/ancientwarfare/structure/block/BlockBench.java,10,net.minecraft.world.item.ItemStack
src/main/java/net/shadowmage/ancientwarfare/structure/block/BlockBench.java,14,net.minecraft.world.phys.AABB
src/main/java/net/shadowmage/ancientwarfare/structure/block/BlockBench.java,16,net.minecraft.world.phys.HitResult
src/main/java/net/shadowmage/ancientwarfare/structure/block/BlockBench.java,17,net.minecraft.world.phys.Vec3
src/main/java/net/shadowmage/ancientwarfare/structure/block/BlockBench.java,18,net.minecraft.world.level.BlockGetter
src/main/java/net/shadowmage/ancientwarfare/structure/block/BlockBench.java,19,net.minecraft.world.level.Level
src/main/java/net/shadowmage/ancientwarfare/structure/block/BlockBrazierEmber.java,3,net.minecraft.block.material.Material
src/main/java/net/shadowmage/ancientwarfare/structure/block/BlockBrazierEmber.java,4,net.minecraft.world.level.block.state.properties.BooleanProperty
src/main/java/net/shadowmage/ancientwarfare/structure/block/BlockBrazierEmber.java,5,net.minecraft.block.state.BlockFaceShape
src/main/java/net/shadowmage/ancientwarfare/structure/block/BlockBrazierEmber.java,6,net.minecraft.block.state.BlockStateContainer
src/main/java/net/shadowmage/ancientwarfare/structure/block/BlockBrazierEmber.java,7,net.minecraft.world.level.block.state.BlockState
src/main/java/net/shadowmage/ancientwarfare/structure/block/BlockBrazierEmber.java,11,net.minecraft.world.entity.LivingEntity
src/main/java/net/shadowmage/ancientwarfare/structure/block/BlockBrazierEmber.java,12,net.minecraft.world.entity.player.Player
src/main/java/net/shadowmage/ancientwarfare/structure/block/BlockBrazierEmber.java,13,net.minecraft.world.level.block.Blocks
src/main/java/net/shadowmage/ancientwarfare/structure/block/BlockBrazierEmber.java,14,net.minecraft.world.item.Items
src/main/java/net/shadowmage/ancientwarfare/structure/block/BlockBrazierEmber.java,16,net.minecraft.world.item.Item
src/main/java/net/shadowmage/ancientwarfare/structure/block/BlockBrazierEmber.java,17,net.minecraft.world.item.ItemStack
src/main/java/net/shadowmage/ancientwarfare/structure/block/BlockBrazierEmber.java,21,net.minecraft.world.InteractionHand
src/main/java/net/shadowmage/ancientwarfare/structure/block/BlockBrazierEmber.java,26,net.minecraft.world.phys.AABB
src/main/java/net/shadowmage/ancientwarfare/structure/block/BlockBrazierEmber.java,28,net.minecraft.world.phys.HitResult
src/main/java/net/shadowmage/ancientwarfare/structure/block/BlockBrazierEmber.java,29,net.minecraft.world.level.BlockGetter
src/main/java/net/shadowmage/ancientwarfare/structure/block/BlockBrazierEmber.java,30,net.minecraft.world.level.Level
src/main/java/net/shadowmage/ancientwarfare/structure/block/BlockBrazierFlame.java,3,net.minecraft.block.material.Material
src/main/java/net/shadowmage/ancientwarfare/structure/block/BlockBrazierFlame.java,4,net.minecraft.world.level.block.state.properties.BooleanProperty
src/main/java/net/shadowmage/ancientwarfare/structure/block/BlockBrazierFlame.java,5,net.minecraft.block.state.BlockFaceShape
src/main/java/net/shadowmage/ancientwarfare/structure/block/BlockBrazierFlame.java,6,net.minecraft.block.state.BlockStateContainer
src/main/java/net/shadowmage/ancientwarfare/structure/block/BlockBrazierFlame.java,7,net.minecraft.world.level.block.state.BlockState
src/main/java/net/shadowmage/ancientwarfare/structure/block/BlockBrazierFlame.java,11,net.minecraft.world.entity.LivingEntity
src/main/java/net/shadowmage/ancientwarfare/structure/block/BlockBrazierFlame.java,12,net.minecraft.world.entity.player.Player
src/main/java/net/shadowmage/ancientwarfare/structure/block/BlockBrazierFlame.java,13,net.minecraft.world.level.block.Blocks
src/main/java/net/shadowmage/ancientwarfare/structure/block/BlockBrazierFlame.java,14,net.minecraft.world.item.Items
src/main/java/net/shadowmage/ancientwarfare/structure/block/BlockBrazierFlame.java,16,net.minecraft.world.item.Item
src/main/java/net/shadowmage/ancientwarfare/structure/block/BlockBrazierFlame.java,17,net.minecraft.world.item.ItemStack
src/main/java/net/shadowmage/ancientwarfare/structure/block/BlockBrazierFlame.java,21,net.minecraft.world.InteractionHand
src/main/java/net/shadowmage/ancientwarfare/structure/block/BlockBrazierFlame.java,26,net.minecraft.world.phys.AABB
src/main/java/net/shadowmage/ancientwarfare/structure/block/BlockBrazierFlame.java,28,net.minecraft.world.phys.HitResult
src/main/java/net/shadowmage/ancientwarfare/structure/block/BlockBrazierFlame.java,29,net.minecraft.world.level.BlockGetter
src/main/java/net/shadowmage/ancientwarfare/structure/block/BlockBrazierFlame.java,30,net.minecraft.world.level.Level
src/main/java/net/shadowmage/ancientwarfare/structure/block/BlockChair.java,5,net.minecraft.block.material.Material
src/main/java/net/shadowmage/ancientwarfare/structure/block/BlockChair.java,6,net.minecraft.block.state.BlockStateContainer
src/main/java/net/shadowmage/ancientwarfare/structure/block/BlockChair.java,7,net.minecraft.world.level.block.state.BlockState
src/main/java/net/shadowmage/ancientwarfare/structure/block/BlockChair.java,11,net.minecraft.world.entity.LivingEntity
src/main/java/net/shadowmage/ancientwarfare/structure/block/BlockChair.java,12,net.minecraft.world.entity.player.Player
src/main/java/net/shadowmage/ancientwarfare/structure/block/BlockChair.java,13,net.minecraft.world.item.ItemStack
src/main/java/net/shadowmage/ancientwarfare/structure/block/BlockChair.java,14,net.minecraft.world.level.block.entity.BlockEntity
src/main/java/net/shadowmage/ancientwarfare/structure/block/BlockChair.java,17,net.minecraft.world.InteractionHand
src/main/java/net/shadowmage/ancientwarfare/structure/block/BlockChair.java,19,net.minecraft.world.phys.AABB
src/main/java/net/shadowmage/ancientwarfare/structure/block/BlockChair.java,21,net.minecraft.world.phys.HitResult
src/main/java/net/shadowmage/ancientwarfare/structure/block/BlockChair.java,22,net.minecraft.world.phys.Vec3
src/main/java/net/shadowmage/ancientwarfare/structure/block/BlockChair.java,23,net.minecraft.world.level.BlockGetter
src/main/java/net/shadowmage/ancientwarfare/structure/block/BlockChair.java,24,net.minecraft.world.level.Level
src/main/java/net/shadowmage/ancientwarfare/structure/block/BlockCoffin.java,4,net.minecraft.block.material.Material
src/main/java/net/shadowmage/ancientwarfare/structure/block/BlockCoffin.java,5,net.minecraft.world.level.block.state.BlockState
src/main/java/net/shadowmage/ancientwarfare/structure/block/BlockCoffin.java,6,net.minecraft.world.entity.player.Player
src/main/java/net/shadowmage/ancientwarfare/structure/block/BlockCoffin.java,7,net.minecraft.world.item.ItemStack
src/main/java/net/shadowmage/ancientwarfare/structure/block/BlockCoffin.java,10,net.minecraft.world.InteractionHand
src/main/java/net/shadowmage/ancientwarfare/structure/block/BlockCoffin.java,14,net.minecraft.world.phys.HitResult
src/main/java/net/shadowmage/ancientwarfare/structure/block/BlockCoffin.java,15,net.minecraft.world.level.BlockGetter
src/main/java/net/shadowmage/ancientwarfare/structure/block/BlockCoffin.java,16,net.minecraft.world.level.Level
src/main/java/net/shadowmage/ancientwarfare/structure/block/BlockCoinStack.java,6,net.minecraft.world.level.block.SoundType
src/main/java/net/shadowmage/ancientwarfare/structure/block/BlockCoinStack.java,7,net.minecraft.block.material.Material
src/main/java/net/shadowmage/ancientwarfare/structure/block/BlockCoinStack.java,8,net.minecraft.block.properties.PropertyHelper
src/main/java/net/shadowmage/ancientwarfare/structure/block/BlockCoinStack.java,9,net.minecraft.block.state.BlockStateContainer
src/main/java/net/shadowmage/ancientwarfare/structure/block/BlockCoinStack.java,10,net.minecraft.world.level.block.state.BlockState
src/main/java/net/shadowmage/ancientwarfare/structure/block/BlockCoinStack.java,14,net.minecraft.world.item.TooltipFlag
src/main/java/net/shadowmage/ancientwarfare/structure/block/BlockCoinStack.java,16,net.minecraft.world.entity.Entity
src/main/java/net/shadowmage/ancientwarfare/structure/block/BlockCoinStack.java,17,net.minecraft.world.entity.LivingEntity
src/main/java/net/shadowmage/ancientwarfare/structure/block/BlockCoinStack.java,18,net.minecraft.world.entity.player.Player
src/main/java/net/shadowmage/ancientwarfare/structure/block/BlockCoinStack.java,19,net.minecraft.world.item.Item
src/main/java/net/shadowmage/ancientwarfare/structure/block/BlockCoinStack.java,20,net.minecraft.world.item.ItemStack
src/main/java/net/shadowmage/ancientwarfare/structure/block/BlockCoinStack.java,22,net.minecraft.world.InteractionHand
src/main/java/net/shadowmage/ancientwarfare/structure/block/BlockCoinStack.java,26,net.minecraft.world.phys.AABB
src/main/java/net/shadowmage/ancientwarfare/structure/block/BlockCoinStack.java,28,net.minecraft.world.level.BlockGetter
src/main/java/net/shadowmage/ancientwarfare/structure/block/BlockCoinStack.java,29,net.minecraft.world.level.Level
src/main/java/net/shadowmage/ancientwarfare/structure/block/BlockDecorativeFlag.java,4,net.minecraft.block.material.Material
src/main/java/net/shadowmage/ancientwarfare/structure/block/BlockDecorativeFlag.java,5,net.minecraft.world.level.block.state.BlockState
src/main/java/net/shadowmage/ancientwarfare/structure/block/BlockDecorativeFlag.java,8,net.minecraft.world.item.Item
src/main/java/net/shadowmage/ancientwarfare/structure/block/BlockDecorativeFlag.java,9,net.minecraft.world.level.block.entity.BlockEntity
src/main/java/net/shadowmage/ancientwarfare/structure/block/BlockDecorativeFlag.java,10,net.minecraft.world.level.Level
src/main/java/net/shadowmage/ancientwarfare/structure/block/BlockDraftingStation.java,3,net.minecraft.block.material.Material
src/main/java/net/shadowmage/ancientwarfare/structure/block/BlockDraftingStation.java,4,net.minecraft.block.state.BlockStateContainer
src/main/java/net/shadowmage/ancientwarfare/structure/block/BlockDraftingStation.java,5,net.minecraft.world.level.block.state.BlockState
src/main/java/net/shadowmage/ancientwarfare/structure/block/BlockDraftingStation.java,6,net.minecraft.world.entity.LivingEntity
src/main/java/net/shadowmage/ancientwarfare/structure/block/BlockDraftingStation.java,7,net.minecraft.world.entity.player.Player
src/main/java/net/shadowmage/ancientwarfare/structure/block/BlockDraftingStation.java,8,net.minecraft.world.level.block.entity.BlockEntity
src/main/java/net/shadowmage/ancientwarfare/structure/block/BlockDraftingStation.java,10,net.minecraft.world.InteractionHand
src/main/java/net/shadowmage/ancientwarfare/structure/block/BlockDraftingStation.java,12,net.minecraft.world.level.Level
src/main/java/net/shadowmage/ancientwarfare/structure/block/BlockFirePit.java,3,net.minecraft.block.material.Material
src/main/java/net/shadowmage/ancientwarfare/structure/block/BlockFirePit.java,4,net.minecraft.world.level.block.state.properties.BooleanProperty
src/main/java/net/shadowmage/ancientwarfare/structure/block/BlockFirePit.java,5,net.minecraft.world.level.block.state.properties.EnumProperty
src/main/java/net/shadowmage/ancientwarfare/structure/block/BlockFirePit.java,6,net.minecraft.block.state.BlockFaceShape
src/main/java/net/shadowmage/ancientwarfare/structure/block/BlockFirePit.java,7,net.minecraft.block.state.BlockStateContainer
src/main/java/net/shadowmage/ancientwarfare/structure/block/BlockFirePit.java,8,net.minecraft.world.level.block.state.BlockState
src/main/java/net/shadowmage/ancientwarfare/structure/block/BlockFirePit.java,12,net.minecraft.world.entity.LivingEntity
src/main/java/net/shadowmage/ancientwarfare/structure/block/BlockFirePit.java,13,net.minecraft.world.entity.player.Player
src/main/java/net/shadowmage/ancientwarfare/structure/block/BlockFirePit.java,14,net.minecraft.world.level.block.Blocks
src/main/java/net/shadowmage/ancientwarfare/structure/block/BlockFirePit.java,15,net.minecraft.world.item.Items
src/main/java/net/shadowmage/ancientwarfare/structure/block/BlockFirePit.java,17,net.minecraft.world.item.Item
src/main/java/net/shadowmage/ancientwarfare/structure/block/BlockFirePit.java,18,net.minecraft.world.item.ItemStack
src/main/java/net/shadowmage/ancientwarfare/structure/block/BlockFirePit.java,22,net.minecraft.world.InteractionHand
src/main/java/net/shadowmage/ancientwarfare/structure/block/BlockFirePit.java,28,net.minecraft.world.phys.AABB
src/main/java/net/shadowmage/ancientwarfare/structure/block/BlockFirePit.java,30,net.minecraft.world.phys.HitResult
src/main/java/net/shadowmage/ancientwarfare/structure/block/BlockFirePit.java,31,net.minecraft.world.level.BlockGetter
src/main/java/net/shadowmage/ancientwarfare/structure/block/BlockFirePit.java,32,net.minecraft.world.level.Level
src/main/java/net/shadowmage/ancientwarfare/structure/block/BlockFlag.java,3,net.minecraft.block.BlockStandingSign
src/main/java/net/shadowmage/ancientwarfare/structure/block/BlockFlag.java,4,net.minecraft.world.level.block.SoundType
src/main/java/net/shadowmage/ancientwarfare/structure/block/BlockFlag.java,5,net.minecraft.block.material.Material
src/main/java/net/shadowmage/ancientwarfare/structure/block/BlockFlag.java,6,net.minecraft.world.level.block.state.properties.IntegerProperty
src/main/java/net/shadowmage/ancientwarfare/structure/block/BlockFlag.java,7,net.minecraft.block.state.BlockFaceShape
src/main/java/net/shadowmage/ancientwarfare/structure/block/BlockFlag.java,8,net.minecraft.block.state.BlockStateContainer
src/main/java/net/shadowmage/ancientwarfare/structure/block/BlockFlag.java,9,net.minecraft.world.level.block.state.BlockState
src/main/java/net/shadowmage/ancientwarfare/structure/block/BlockFlag.java,11,net.minecraft.world.entity.LivingEntity
src/main/java/net/shadowmage/ancientwarfare/structure/block/BlockFlag.java,12,net.minecraft.world.entity.player.Player
src/main/java/net/shadowmage/ancientwarfare/structure/block/BlockFlag.java,13,net.minecraft.world.item.ItemStack
src/main/java/net/shadowmage/ancientwarfare/structure/block/BlockFlag.java,14,net.minecraft.world.level.block.entity.BlockEntity
src/main/java/net/shadowmage/ancientwarfare/structure/block/BlockFlag.java,17,net.minecraft.world.level.block.Mirror
src/main/java/net/shadowmage/ancientwarfare/structure/block/BlockFlag.java,19,net.minecraft.world.level.block.Rotation
src/main/java/net/shadowmage/ancientwarfare/structure/block/BlockFlag.java,20,net.minecraft.world.phys.AABB
src/main/java/net/shadowmage/ancientwarfare/structure/block/BlockFlag.java,23,net.minecraft.world.phys.HitResult
src/main/java/net/shadowmage/ancientwarfare/structure/block/BlockFlag.java,24,net.minecraft.world.level.BlockGetter
src/main/java/net/shadowmage/ancientwarfare/structure/block/BlockFlag.java,25,net.minecraft.world.level.Level
src/main/java/net/shadowmage/ancientwarfare/structure/block/BlockGateProxy.java,5,net.minecraft.block.BlockContainer
src/main/java/net/shadowmage/ancientwarfare/structure/block/BlockGateProxy.java,6,net.minecraft.block.material.Material
src/main/java/net/shadowmage/ancientwarfare/structure/block/BlockGateProxy.java,7,net.minecraft.world.level.block.state.BlockState
src/main/java/net/shadowmage/ancientwarfare/structure/block/BlockGateProxy.java,10,net.minecraft.world.entity.Entity
src/main/java/net/shadowmage/ancientwarfare/structure/block/BlockGateProxy.java,11,net.minecraft.world.item.ItemStack
src/main/java/net/shadowmage/ancientwarfare/structure/block/BlockGateProxy.java,12,net.minecraft.world.level.block.entity.BlockEntity
src/main/java/net/shadowmage/ancientwarfare/structure/block/BlockGateProxy.java,16,net.minecraft.world.phys.AABB
src/main/java/net/shadowmage/ancientwarfare/structure/block/BlockGateProxy.java,18,net.minecraft.world.level.BlockGetter
src/main/java/net/shadowmage/ancientwarfare/structure/block/BlockGateProxy.java,19,net.minecraft.world.level.Level
src/main/java/net/shadowmage/ancientwarfare/structure/block/BlockGibbet.java,5,net.minecraft.block.material.Material
src/main/java/net/shadowmage/ancientwarfare/structure/block/BlockGibbet.java,6,net.minecraft.world.level.block.state.properties.EnumProperty
src/main/java/net/shadowmage/ancientwarfare/structure/block/BlockGibbet.java,7,net.minecraft.block.state.BlockFaceShape
src/main/java/net/shadowmage/ancientwarfare/structure/block/BlockGibbet.java,8,net.minecraft.block.state.BlockStateContainer
src/main/java/net/shadowmage/ancientwarfare/structure/block/BlockGibbet.java,9,net.minecraft.world.level.block.state.BlockState
src/main/java/net/shadowmage/ancientwarfare/structure/block/BlockGibbet.java,14,net.minecraft.world.entity.Entity
src/main/java/net/shadowmage/ancientwarfare/structure/block/BlockGibbet.java,15,net.minecraft.world.entity.LivingEntity
src/main/java/net/shadowmage/ancientwarfare/structure/block/BlockGibbet.java,16,net.minecraft.world.item.ItemStack
src/main/java/net/shadowmage/ancientwarfare/structure/block/BlockGibbet.java,22,net.minecraft.world.phys.AABB
src/main/java/net/shadowmage/ancientwarfare/structure/block/BlockGibbet.java,24,net.minecraft.world.phys.HitResult
src/main/java/net/shadowmage/ancientwarfare/structure/block/BlockGibbet.java,25,net.minecraft.world.phys.Vec3
src/main/java/net/shadowmage/ancientwarfare/structure/block/BlockGibbet.java,26,net.minecraft.world.level.BlockGetter
src/main/java/net/shadowmage/ancientwarfare/structure/block/BlockGibbet.java,27,net.minecraft.world.level.Level
src/main/java/net/shadowmage/ancientwarfare/structure/block/BlockGoldenIdol.java,3,net.minecraft.world.level.block.Block
src/main/java/net/shadowmage/ancientwarfare/structure/block/BlockGoldenIdol.java,4,net.minecraft.block.material.Material
src/main/java/net/shadowmage/ancientwarfare/structure/block/BlockGoldenIdol.java,5,net.minecraft.world.level.block.state.properties.BooleanProperty
src/main/java/net/shadowmage/ancientwarfare/structure/block/BlockGoldenIdol.java,6,net.minecraft.block.state.BlockFaceShape
src/main/java/net/shadowmage/ancientwarfare/structure/block/BlockGoldenIdol.java,7,net.minecraft.block.state.BlockStateContainer
src/main/java/net/shadowmage/ancientwarfare/structure/block/BlockGoldenIdol.java,8,net.minecraft.world.level.block.state.BlockState
src/main/java/net/shadowmage/ancientwarfare/structure/block/BlockGoldenIdol.java,9,net.minecraft.world.entity.LivingEntity
src/main/java/net/shadowmage/ancientwarfare/structure/block/BlockGoldenIdol.java,10,net.minecraft.world.item.ItemStack
src/main/java/net/shadowmage/ancientwarfare/structure/block/BlockGoldenIdol.java,14,net.minecraft.world.level.BlockGetter
src/main/java/net/shadowmage/ancientwarfare/structure/block/BlockGoldenIdol.java,15,net.minecraft.world.level.Level
src/main/java/net/shadowmage/ancientwarfare/structure/block/BlockGoldenThrone.java,4,net.minecraft.block.material.Material
src/main/java/net/shadowmage/ancientwarfare/structure/block/BlockGoldenThrone.java,5,net.minecraft.block.state.BlockStateContainer
src/main/java/net/shadowmage/ancientwarfare/structure/block/BlockGoldenThrone.java,6,net.minecraft.world.level.block.state.BlockState
src/main/java/net/shadowmage/ancientwarfare/structure/block/BlockGoldenThrone.java,9,net.minecraft.world.entity.LivingEntity
src/main/java/net/shadowmage/ancientwarfare/structure/block/BlockGoldenThrone.java,10,net.minecraft.world.entity.player.Player
src/main/java/net/shadowmage/ancientwarfare/structure/block/BlockGoldenThrone.java,11,net.minecraft.world.item.ItemStack
src/main/java/net/shadowmage/ancientwarfare/structure/block/BlockGoldenThrone.java,13,net.minecraft.world.InteractionHand
src/main/java/net/shadowmage/ancientwarfare/structure/block/BlockGoldenThrone.java,15,net.minecraft.world.phys.AABB
src/main/java/net/shadowmage/ancientwarfare/structure/block/BlockGoldenThrone.java,17,net.minecraft.world.level.BlockGetter
src/main/java/net/shadowmage/ancientwarfare/structure/block/BlockGoldenThrone.java,18,net.minecraft.world.level.Level
src/main/java/net/shadowmage/ancientwarfare/structure/block/BlockGravestone.java,3,net.minecraft.world.level.block.SoundType
src/main/java/net/shadowmage/ancientwarfare/structure/block/BlockGravestone.java,4,net.minecraft.block.material.Material
src/main/java/net/shadowmage/ancientwarfare/structure/block/BlockGravestone.java,5,net.minecraft.world.level.block.state.properties.IntegerProperty
src/main/java/net/shadowmage/ancientwarfare/structure/block/BlockGravestone.java,6,net.minecraft.block.state.BlockStateContainer
src/main/java/net/shadowmage/ancientwarfare/structure/block/BlockGravestone.java,7,net.minecraft.world.level.block.state.BlockState
src/main/java/net/shadowmage/ancientwarfare/structure/block/BlockGravestone.java,11,net.minecraft.world.entity.LivingEntity
src/main/java/net/shadowmage/ancientwarfare/structure/block/BlockGravestone.java,12,net.minecraft.world.entity.player.Player
src/main/java/net/shadowmage/ancientwarfare/structure/block/BlockGravestone.java,13,net.minecraft.world.item.Item
src/main/java/net/shadowmage/ancientwarfare/structure/block/BlockGravestone.java,14,net.minecraft.world.item.ItemStack
src/main/java/net/shadowmage/ancientwarfare/structure/block/BlockGravestone.java,15,net.minecraft.world.level.block.entity.BlockEntity
src/main/java/net/shadowmage/ancientwarfare/structure/block/BlockGravestone.java,17,net.minecraft.world.InteractionHand
src/main/java/net/shadowmage/ancientwarfare/structure/block/BlockGravestone.java,20,net.minecraft.world.phys.AABB
src/main/java/net/shadowmage/ancientwarfare/structure/block/BlockGravestone.java,22,net.minecraft.world.level.BlockGetter
src/main/java/net/shadowmage/ancientwarfare/structure/block/BlockGravestone.java,23,net.minecraft.world.level.Level
src/main/java/net/shadowmage/ancientwarfare/structure/block/BlockIronCage.java,5,net.minecraft.block.material.Material
src/main/java/net/shadowmage/ancientwarfare/structure/block/BlockIronCage.java,6,net.minecraft.world.level.block.state.properties.EnumProperty
src/main/java/net/shadowmage/ancientwarfare/structure/block/BlockIronCage.java,7,net.minecraft.block.state.BlockFaceShape
src/main/java/net/shadowmage/ancientwarfare/structure/block/BlockIronCage.java,8,net.minecraft.block.state.BlockStateContainer
src/main/java/net/shadowmage/ancientwarfare/structure/block/BlockIronCage.java,9,net.minecraft.world.level.block.state.BlockState
src/main/java/net/shadowmage/ancientwarfare/structure/block/BlockIronCage.java,14,net.minecraft.world.entity.LivingEntity
src/main/java/net/shadowmage/ancientwarfare/structure/block/BlockIronCage.java,15,net.minecraft.world.item.ItemStack
src/main/java/net/shadowmage/ancientwarfare/structure/block/BlockIronCage.java,21,net.minecraft.world.phys.AABB
src/main/java/net/shadowmage/ancientwarfare/structure/block/BlockIronCage.java,23,net.minecraft.world.phys.HitResult
src/main/java/net/shadowmage/ancientwarfare/structure/block/BlockIronCage.java,24,net.minecraft.world.phys.Vec3
src/main/java/net/shadowmage/ancientwarfare/structure/block/BlockIronCage.java,25,net.minecraft.world.level.BlockGetter
src/main/java/net/shadowmage/ancientwarfare/structure/block/BlockIronCage.java,26,net.minecraft.world.level.Level
src/main/java/net/shadowmage/ancientwarfare/structure/block/BlockLootBasket.java,3,net.minecraft.block.material.Material
src/main/java/net/shadowmage/ancientwarfare/structure/block/BlockLootBasket.java,4,net.minecraft.world.level.block.state.properties.BooleanProperty
src/main/java/net/shadowmage/ancientwarfare/structure/block/BlockLootBasket.java,5,net.minecraft.block.state.BlockFaceShape
src/main/java/net/shadowmage/ancientwarfare/structure/block/BlockLootBasket.java,6,net.minecraft.block.state.BlockStateContainer
src/main/java/net/shadowmage/ancientwarfare/structure/block/BlockLootBasket.java,7,net.minecraft.world.level.block.state.BlockState
src/main/java/net/shadowmage/ancientwarfare/structure/block/BlockLootBasket.java,8,net.minecraft.world.entity.LivingEntity
src/main/java/net/shadowmage/ancientwarfare/structure/block/BlockLootBasket.java,9,net.minecraft.world.entity.player.Player
src/main/java/net/shadowmage/ancientwarfare/structure/block/BlockLootBasket.java,10,net.minecraft.world.level.block.entity.BlockEntity
src/main/java/net/shadowmage/ancientwarfare/structure/block/BlockLootBasket.java,12,net.minecraft.world.InteractionHand
src/main/java/net/shadowmage/ancientwarfare/structure/block/BlockLootBasket.java,13,net.minecraft.world.phys.AABB
src/main/java/net/shadowmage/ancientwarfare/structure/block/BlockLootBasket.java,15,net.minecraft.world.level.BlockGetter
src/main/java/net/shadowmage/ancientwarfare/structure/block/BlockLootBasket.java,16,net.minecraft.world.level.Level
src/main/java/net/shadowmage/ancientwarfare/structure/block/BlockMulti.java,3,net.minecraft.block.material.Material
src/main/java/net/shadowmage/ancientwarfare/structure/block/BlockMulti.java,4,net.minecraft.world.level.block.state.properties.Property
src/main/java/net/shadowmage/ancientwarfare/structure/block/BlockMulti.java,5,net.minecraft.world.level.block.state.properties.BooleanProperty
src/main/java/net/shadowmage/ancientwarfare/structure/block/BlockMulti.java,6,net.minecraft.block.state.BlockStateContainer
src/main/java/net/shadowmage/ancientwarfare/structure/block/BlockMulti.java,7,net.minecraft.world.level.block.state.BlockState
src/main/java/net/shadowmage/ancientwarfare/structure/block/BlockMulti.java,8,net.minecraft.world.entity.LivingEntity
src/main/java/net/shadowmage/ancientwarfare/structure/block/BlockMulti.java,9,net.minecraft.world.item.ItemStack
src/main/java/net/shadowmage/ancientwarfare/structure/block/BlockMulti.java,10,net.minecraft.world.level.block.entity.BlockEntity
src/main/java/net/shadowmage/ancientwarfare/structure/block/BlockMulti.java,12,net.minecraft.world.level.Level
src/main/java/net/shadowmage/ancientwarfare/structure/block/BlockProtectionFlag.java,4,net.minecraft.block.material.Material
src/main/java/net/shadowmage/ancientwarfare/structure/block/BlockProtectionFlag.java,5,net.minecraft.world.level.block.state.BlockState
src/main/java/net/shadowmage/ancientwarfare/structure/block/BlockProtectionFlag.java,9,net.minecraft.world.entity.LivingEntity
src/main/java/net/shadowmage/ancientwarfare/structure/block/BlockProtectionFlag.java,10,net.minecraft.world.entity.player.Player
src/main/java/net/shadowmage/ancientwarfare/structure/block/BlockProtectionFlag.java,11,net.minecraft.world.item.Item
src/main/java/net/shadowmage/ancientwarfare/structure/block/BlockProtectionFlag.java,12,net.minecraft.world.item.ItemStack
src/main/java/net/shadowmage/ancientwarfare/structure/block/BlockProtectionFlag.java,13,net.minecraft.world.level.block.entity.BlockEntity
src/main/java/net/shadowmage/ancientwarfare/structure/block/BlockProtectionFlag.java,15,net.minecraft.world.InteractionHand
src/main/java/net/shadowmage/ancientwarfare/structure/block/BlockProtectionFlag.java,19,net.minecraft.world.phys.HitResult
src/main/java/net/shadowmage/ancientwarfare/structure/block/BlockProtectionFlag.java,20,net.minecraft.world.level.BlockGetter
src/main/java/net/shadowmage/ancientwarfare/structure/block/BlockProtectionFlag.java,21,net.minecraft.world.level.Level
src/main/java/net/shadowmage/ancientwarfare/structure/block/BlockScissorSeat.java,5,net.minecraft.block.material.Material
src/main/java/net/shadowmage/ancientwarfare/structure/block/BlockScissorSeat.java,6,net.minecraft.block.state.BlockStateContainer
src/main/java/net/shadowmage/ancientwarfare/structure/block/BlockScissorSeat.java,7,net.minecraft.world.level.block.state.BlockState
src/main/java/net/shadowmage/ancientwarfare/structure/block/BlockScissorSeat.java,10,net.minecraft.world.entity.Entity
src/main/java/net/shadowmage/ancientwarfare/structure/block/BlockScissorSeat.java,11,net.minecraft.world.entity.LivingEntity
src/main/java/net/shadowmage/ancientwarfare/structure/block/BlockScissorSeat.java,12,net.minecraft.world.item.ItemStack
src/main/java/net/shadowmage/ancientwarfare/structure/block/BlockScissorSeat.java,14,net.minecraft.world.phys.AABB
src/main/java/net/shadowmage/ancientwarfare/structure/block/BlockScissorSeat.java,16,net.minecraft.world.phys.HitResult
src/main/java/net/shadowmage/ancientwarfare/structure/block/BlockScissorSeat.java,17,net.minecraft.world.phys.Vec3
src/main/java/net/shadowmage/ancientwarfare/structure/block/BlockScissorSeat.java,18,net.minecraft.world.level.Level
src/main/java/net/shadowmage/ancientwarfare/structure/block/BlockSeat.java,3,net.minecraft.block.material.Material
src/main/java/net/shadowmage/ancientwarfare/structure/block/BlockSeat.java,4,net.minecraft.block.state.BlockFaceShape
src/main/java/net/shadowmage/ancientwarfare/structure/block/BlockSeat.java,5,net.minecraft.world.level.block.state.BlockState
src/main/java/net/shadowmage/ancientwarfare/structure/block/BlockSeat.java,6,net.minecraft.world.entity.player.Player
src/main/java/net/shadowmage/ancientwarfare/structure/block/BlockSeat.java,8,net.minecraft.world.InteractionHand
src/main/java/net/shadowmage/ancientwarfare/structure/block/BlockSeat.java,9,net.minecraft.world.phys.AABB
src/main/java/net/shadowmage/ancientwarfare/structure/block/BlockSeat.java,11,net.minecraft.world.phys.Vec3
src/main/java/net/shadowmage/ancientwarfare/structure/block/BlockSeat.java,12,net.minecraft.world.level.BlockGetter
src/main/java/net/shadowmage/ancientwarfare/structure/block/BlockSeat.java,13,net.minecraft.world.level.Level
src/main/java/net/shadowmage/ancientwarfare/structure/block/BlockSoundBlock.java,10,net.minecraft.block.material.Material
src/main/java/net/shadowmage/ancientwarfare/structure/block/BlockSoundBlock.java,11,net.minecraft.block.state.BlockStateContainer
src/main/java/net/shadowmage/ancientwarfare/structure/block/BlockSoundBlock.java,12,net.minecraft.world.level.block.state.BlockState
src/main/java/net/shadowmage/ancientwarfare/structure/block/BlockSoundBlock.java,16,net.minecraft.world.entity.player.Player
src/main/java/net/shadowmage/ancientwarfare/structure/block/BlockSoundBlock.java,17,net.minecraft.world.item.BlockItem
src/main/java/net/shadowmage/ancientwarfare/structure/block/BlockSoundBlock.java,18,net.minecraft.world.item.ItemStack
src/main/java/net/shadowmage/ancientwarfare/structure/block/BlockSoundBlock.java,19,net.minecraft.world.level.block.entity.BlockEntity
src/main/java/net/shadowmage/ancientwarfare/structure/block/BlockSoundBlock.java,22,net.minecraft.world.InteractionHand
src/main/java/net/shadowmage/ancientwarfare/structure/block/BlockSoundBlock.java,24,net.minecraft.world.level.BlockGetter
src/main/java/net/shadowmage/ancientwarfare/structure/block/BlockSoundBlock.java,25,net.minecraft.world.level.Level
src/main/java/net/shadowmage/ancientwarfare/structure/block/BlockStake.java,4,net.minecraft.block.material.Material
src/main/java/net/shadowmage/ancientwarfare/structure/block/BlockStake.java,5,net.minecraft.world.level.block.state.properties.BooleanProperty
src/main/java/net/shadowmage/ancientwarfare/structure/block/BlockStake.java,6,net.minecraft.block.state.BlockFaceShape
src/main/java/net/shadowmage/ancientwarfare/structure/block/BlockStake.java,7,net.minecraft.block.state.BlockStateContainer
src/main/java/net/shadowmage/ancientwarfare/structure/block/BlockStake.java,8,net.minecraft.world.level.block.state.BlockState
src/main/java/net/shadowmage/ancientwarfare/structure/block/BlockStake.java,11,net.minecraft.world.entity.LivingEntity
src/main/java/net/shadowmage/ancientwarfare/structure/block/BlockStake.java,12,net.minecraft.world.entity.player.Player
src/main/java/net/shadowmage/ancientwarfare/structure/block/BlockStake.java,13,net.minecraft.world.item.ItemStack
src/main/java/net/shadowmage/ancientwarfare/structure/block/BlockStake.java,14,net.minecraft.world.level.block.entity.BlockEntity
src/main/java/net/shadowmage/ancientwarfare/structure/block/BlockStake.java,18,net.minecraft.world.InteractionHand
src/main/java/net/shadowmage/ancientwarfare/structure/block/BlockStake.java,20,net.minecraft.world.phys.AABB
src/main/java/net/shadowmage/ancientwarfare/structure/block/BlockStake.java,22,net.minecraft.world.level.BlockGetter
src/main/java/net/shadowmage/ancientwarfare/structure/block/BlockStake.java,23,net.minecraft.world.level.Level
src/main/java/net/shadowmage/ancientwarfare/structure/block/BlockStatue.java,3,net.minecraft.block.material.Material
src/main/java/net/shadowmage/ancientwarfare/structure/block/BlockStatue.java,4,net.minecraft.block.state.BlockFaceShape
src/main/java/net/shadowmage/ancientwarfare/structure/block/BlockStatue.java,5,net.minecraft.world.level.block.state.BlockState
src/main/java/net/shadowmage/ancientwarfare/structure/block/BlockStatue.java,6,net.minecraft.world.entity.LivingEntity
src/main/java/net/shadowmage/ancientwarfare/structure/block/BlockStatue.java,7,net.minecraft.world.entity.player.Player
src/main/java/net/shadowmage/ancientwarfare/structure/block/BlockStatue.java,8,net.minecraft.world.item.ItemStack
src/main/java/net/shadowmage/ancientwarfare/structure/block/BlockStatue.java,9,net.minecraft.world.level.block.entity.BlockEntity
src/main/java/net/shadowmage/ancientwarfare/structure/block/BlockStatue.java,12,net.minecraft.world.InteractionHand
src/main/java/net/shadowmage/ancientwarfare/structure/block/BlockStatue.java,13,net.minecraft.world.phys.AABB
src/main/java/net/shadowmage/ancientwarfare/structure/block/BlockStatue.java,15,net.minecraft.world.level.BlockGetter
src/main/java/net/shadowmage/ancientwarfare/structure/block/BlockStatue.java,16,net.minecraft.world.level.Level
src/main/java/net/shadowmage/ancientwarfare/structure/block/BlockStoneCoffin.java,5,net.minecraft.block.material.Material
src/main/java/net/shadowmage/ancientwarfare/structure/block/BlockStoneCoffin.java,6,net.minecraft.world.level.block.state.properties.Property
src/main/java/net/shadowmage/ancientwarfare/structure/block/BlockStoneCoffin.java,7,net.minecraft.world.level.block.state.properties.EnumProperty
src/main/java/net/shadowmage/ancientwarfare/structure/block/BlockStoneCoffin.java,8,net.minecraft.world.level.block.state.BlockState
src/main/java/net/shadowmage/ancientwarfare/structure/block/BlockStoneCoffin.java,12,net.minecraft.world.entity.LivingEntity
src/main/java/net/shadowmage/ancientwarfare/structure/block/BlockStoneCoffin.java,13,net.minecraft.world.item.Item
src/main/java/net/shadowmage/ancientwarfare/structure/block/BlockStoneCoffin.java,14,net.minecraft.world.item.ItemStack
src/main/java/net/shadowmage/ancientwarfare/structure/block/BlockStoneCoffin.java,16,net.minecraft.world.phys.AABB
src/main/java/net/shadowmage/ancientwarfare/structure/block/BlockStoneCoffin.java,18,net.minecraft.world.level.BlockGetter
src/main/java/net/shadowmage/ancientwarfare/structure/block/BlockStoneCoffin.java,19,net.minecraft.world.level.Level
src/main/java/net/shadowmage/ancientwarfare/structure/block/BlockStool.java,3,net.minecraft.block.material.Material
src/main/java/net/shadowmage/ancientwarfare/structure/block/BlockStool.java,4,net.minecraft.block.state.BlockStateContainer
src/main/java/net/shadowmage/ancientwarfare/structure/block/BlockStool.java,5,net.minecraft.world.level.block.state.BlockState
src/main/java/net/shadowmage/ancientwarfare/structure/block/BlockStool.java,7,net.minecraft.world.entity.LivingEntity
src/main/java/net/shadowmage/ancientwarfare/structure/block/BlockStool.java,8,net.minecraft.world.entity.player.Player
src/main/java/net/shadowmage/ancientwarfare/structure/block/BlockStool.java,9,net.minecraft.world.item.ItemStack
src/main/java/net/shadowmage/ancientwarfare/structure/block/BlockStool.java,11,net.minecraft.world.phys.AABB
src/main/java/net/shadowmage/ancientwarfare/structure/block/BlockStool.java,13,net.minecraft.world.phys.HitResult
src/main/java/net/shadowmage/ancientwarfare/structure/block/BlockStool.java,14,net.minecraft.world.phys.Vec3
src/main/java/net/shadowmage/ancientwarfare/structure/block/BlockStool.java,15,net.minecraft.world.level.BlockGetter
src/main/java/net/shadowmage/ancientwarfare/structure/block/BlockStool.java,16,net.minecraft.world.level.Level
src/main/java/net/shadowmage/ancientwarfare/structure/block/BlockStretchingRack.java,5,net.minecraft.block.material.Material
src/main/java/net/shadowmage/ancientwarfare/structure/block/BlockStretchingRack.java,6,net.minecraft.world.level.block.state.properties.EnumProperty
src/main/java/net/shadowmage/ancientwarfare/structure/block/BlockStretchingRack.java,7,net.minecraft.block.state.BlockFaceShape
src/main/java/net/shadowmage/ancientwarfare/structure/block/BlockStretchingRack.java,8,net.minecraft.block.state.BlockStateContainer
src/main/java/net/shadowmage/ancientwarfare/structure/block/BlockStretchingRack.java,9,net.minecraft.world.level.block.state.BlockState
src/main/java/net/shadowmage/ancientwarfare/structure/block/BlockStretchingRack.java,14,net.minecraft.world.entity.Entity
src/main/java/net/shadowmage/ancientwarfare/structure/block/BlockStretchingRack.java,15,net.minecraft.world.entity.LivingEntity
src/main/java/net/shadowmage/ancientwarfare/structure/block/BlockStretchingRack.java,16,net.minecraft.world.item.ItemStack
src/main/java/net/shadowmage/ancientwarfare/structure/block/BlockStretchingRack.java,22,net.minecraft.world.phys.AABB
src/main/java/net/shadowmage/ancientwarfare/structure/block/BlockStretchingRack.java,24,net.minecraft.world.phys.HitResult
src/main/java/net/shadowmage/ancientwarfare/structure/block/BlockStretchingRack.java,25,net.minecraft.world.phys.Vec3
src/main/java/net/shadowmage/ancientwarfare/structure/block/BlockStretchingRack.java,26,net.minecraft.world.level.BlockGetter
src/main/java/net/shadowmage/ancientwarfare/structure/block/BlockStretchingRack.java,27,net.minecraft.world.level.Level
src/main/java/net/shadowmage/ancientwarfare/structure/block/BlockStructureBuilder.java,3,net.minecraft.block.material.Material
src/main/java/net/shadowmage/ancientwarfare/structure/block/BlockStructureBuilder.java,4,net.minecraft.world.level.block.state.BlockState
src/main/java/net/shadowmage/ancientwarfare/structure/block/BlockStructureBuilder.java,6,net.minecraft.world.entity.player.Player
src/main/java/net/shadowmage/ancientwarfare/structure/block/BlockStructureBuilder.java,7,net.minecraft.world.item.ItemStack
src/main/java/net/shadowmage/ancientwarfare/structure/block/BlockStructureBuilder.java,9,net.minecraft.world.level.block.entity.BlockEntity
src/main/java/net/shadowmage/ancientwarfare/structure/block/BlockStructureBuilder.java,11,net.minecraft.world.InteractionHand
src/main/java/net/shadowmage/ancientwarfare/structure/block/BlockStructureBuilder.java,14,net.minecraft.world.level.BlockGetter
src/main/java/net/shadowmage/ancientwarfare/structure/block/BlockStructureBuilder.java,15,net.minecraft.world.level.Level
src/main/java/net/shadowmage/ancientwarfare/structure/block/BlockStructureScanner.java,3,net.minecraft.block.BlockDirectional
src/main/java/net/shadowmage/ancientwarfare/structure/block/BlockStructureScanner.java,4,net.minecraft.block.material.Material
src/main/java/net/shadowmage/ancientwarfare/structure/block/BlockStructureScanner.java,5,net.minecraft.world.level.block.state.properties.DirectionProperty
src/main/java/net/shadowmage/ancientwarfare/structure/block/BlockStructureScanner.java,6,net.minecraft.block.state.BlockStateContainer
src/main/java/net/shadowmage/ancientwarfare/structure/block/BlockStructureScanner.java,7,net.minecraft.world.level.block.state.BlockState
src/main/java/net/shadowmage/ancientwarfare/structure/block/BlockStructureScanner.java,8,net.minecraft.world.entity.LivingEntity
src/main/java/net/shadowmage/ancientwarfare/structure/block/BlockStructureScanner.java,9,net.minecraft.world.entity.player.Player
src/main/java/net/shadowmage/ancientwarfare/structure/block/BlockStructureScanner.java,10,net.minecraft.world.item.ItemStack
src/main/java/net/shadowmage/ancientwarfare/structure/block/BlockStructureScanner.java,11,net.minecraft.world.level.block.entity.BlockEntity
src/main/java/net/shadowmage/ancientwarfare/structure/block/BlockStructureScanner.java,13,net.minecraft.world.InteractionHand
src/main/java/net/shadowmage/ancientwarfare/structure/block/BlockStructureScanner.java,15,net.minecraft.world.level.BlockGetter
src/main/java/net/shadowmage/ancientwarfare/structure/block/BlockStructureScanner.java,16,net.minecraft.world.level.Level
src/main/java/net/shadowmage/ancientwarfare/structure/block/BlockTable.java,3,net.minecraft.block.material.Material
src/main/java/net/shadowmage/ancientwarfare/structure/block/BlockTable.java,4,net.minecraft.world.level.block.state.properties.BooleanProperty
src/main/java/net/shadowmage/ancientwarfare/structure/block/BlockTable.java,5,net.minecraft.block.state.BlockFaceShape
src/main/java/net/shadowmage/ancientwarfare/structure/block/BlockTable.java,6,net.minecraft.block.state.BlockStateContainer
src/main/java/net/shadowmage/ancientwarfare/structure/block/BlockTable.java,7,net.minecraft.world.level.block.state.BlockState
src/main/java/net/shadowmage/ancientwarfare/structure/block/BlockTable.java,11,net.minecraft.world.entity.LivingEntity
src/main/java/net/shadowmage/ancientwarfare/structure/block/BlockTable.java,12,net.minecraft.world.entity.player.Player
src/main/java/net/shadowmage/ancientwarfare/structure/block/BlockTable.java,13,net.minecraft.world.item.ItemStack
src/main/java/net/shadowmage/ancientwarfare/structure/block/BlockTable.java,16,net.minecraft.world.phys.AABB
src/main/java/net/shadowmage/ancientwarfare/structure/block/BlockTable.java,18,net.minecraft.world.phys.HitResult
src/main/java/net/shadowmage/ancientwarfare/structure/block/BlockTable.java,19,net.minecraft.world.phys.Vec3
src/main/java/net/shadowmage/ancientwarfare/structure/block/BlockTable.java,20,net.minecraft.world.level.BlockGetter
src/main/java/net/shadowmage/ancientwarfare/structure/block/BlockTable.java,21,net.minecraft.world.level.Level
src/main/java/net/shadowmage/ancientwarfare/structure/block/BlockTotemCube.java,3,net.minecraft.block.material.Material
src/main/java/net/shadowmage/ancientwarfare/structure/block/BlockTotemCube.java,4,net.minecraft.block.state.BlockStateContainer
src/main/java/net/shadowmage/ancientwarfare/structure/block/BlockTotemCube.java,5,net.minecraft.world.level.block.state.BlockState
src/main/java/net/shadowmage/ancientwarfare/structure/block/BlockTotemCube.java,6,net.minecraft.world.entity.LivingEntity
src/main/java/net/shadowmage/ancientwarfare/structure/block/BlockTotemCube.java,12,net.minecraft.world.level.Level
src/main/java/net/shadowmage/ancientwarfare/structure/block/BlockTotemPart.java,4,net.minecraft.block.material.Material
src/main/java/net/shadowmage/ancientwarfare/structure/block/BlockTotemPart.java,5,net.minecraft.world.level.block.state.properties.BooleanProperty
src/main/java/net/shadowmage/ancientwarfare/structure/block/BlockTotemPart.java,6,net.minecraft.world.level.block.state.properties.EnumProperty
src/main/java/net/shadowmage/ancientwarfare/structure/block/BlockTotemPart.java,7,net.minecraft.block.state.BlockFaceShape
src/main/java/net/shadowmage/ancientwarfare/structure/block/BlockTotemPart.java,8,net.minecraft.block.state.BlockStateContainer
src/main/java/net/shadowmage/ancientwarfare/structure/block/BlockTotemPart.java,9,net.minecraft.world.level.block.state.BlockState
src/main/java/net/shadowmage/ancientwarfare/structure/block/BlockTotemPart.java,13,net.minecraft.world.entity.LivingEntity
src/main/java/net/shadowmage/ancientwarfare/structure/block/BlockTotemPart.java,14,net.minecraft.world.entity.player.Player
src/main/java/net/shadowmage/ancientwarfare/structure/block/BlockTotemPart.java,15,net.minecraft.world.item.Item
src/main/java/net/shadowmage/ancientwarfare/structure/block/BlockTotemPart.java,16,net.minecraft.world.item.ItemStack
src/main/java/net/shadowmage/ancientwarfare/structure/block/BlockTotemPart.java,19,net.minecraft.world.level.block.entity.BlockEntity
src/main/java/net/shadowmage/ancientwarfare/structure/block/BlockTotemPart.java,26,net.minecraft.world.phys.AABB
src/main/java/net/shadowmage/ancientwarfare/structure/block/BlockTotemPart.java,28,net.minecraft.world.phys.HitResult
src/main/java/net/shadowmage/ancientwarfare/structure/block/BlockTotemPart.java,29,net.minecraft.world.level.BlockGetter
src/main/java/net/shadowmage/ancientwarfare/structure/block/BlockTotemPart.java,30,net.minecraft.world.level.Level
src/main/java/net/shadowmage/ancientwarfare/structure/block/BlockTribalChair.java,5,net.minecraft.block.material.Material
src/main/java/net/shadowmage/ancientwarfare/structure/block/BlockTribalChair.java,6,net.minecraft.block.state.BlockStateContainer
src/main/java/net/shadowmage/ancientwarfare/structure/block/BlockTribalChair.java,7,net.minecraft.world.level.block.state.BlockState
src/main/java/net/shadowmage/ancientwarfare/structure/block/BlockTribalChair.java,10,net.minecraft.world.entity.Entity
src/main/java/net/shadowmage/ancientwarfare/structure/block/BlockTribalChair.java,11,net.minecraft.world.entity.LivingEntity
src/main/java/net/shadowmage/ancientwarfare/structure/block/BlockTribalChair.java,12,net.minecraft.world.entity.player.Player
src/main/java/net/shadowmage/ancientwarfare/structure/block/BlockTribalChair.java,13,net.minecraft.world.item.ItemStack
src/main/java/net/shadowmage/ancientwarfare/structure/block/BlockTribalChair.java,16,net.minecraft.world.InteractionHand
src/main/java/net/shadowmage/ancientwarfare/structure/block/BlockTribalChair.java,17,net.minecraft.world.phys.AABB
src/main/java/net/shadowmage/ancientwarfare/structure/block/BlockTribalChair.java,19,net.minecraft.world.phys.HitResult
src/main/java/net/shadowmage/ancientwarfare/structure/block/BlockTribalChair.java,20,net.minecraft.world.phys.Vec3
src/main/java/net/shadowmage/ancientwarfare/structure/block/BlockTribalChair.java,21,net.minecraft.world.level.Level
src/main/java/net/shadowmage/ancientwarfare/structure/block/BlockTribalStool.java,3,net.minecraft.block.material.Material
src/main/java/net/shadowmage/ancientwarfare/structure/block/BlockTribalStool.java,4,net.minecraft.block.state.BlockStateContainer
src/main/java/net/shadowmage/ancientwarfare/structure/block/BlockTribalStool.java,5,net.minecraft.world.level.block.state.BlockState
src/main/java/net/shadowmage/ancientwarfare/structure/block/BlockTribalStool.java,6,net.minecraft.world.entity.LivingEntity
src/main/java/net/shadowmage/ancientwarfare/structure/block/BlockTribalStool.java,7,net.minecraft.world.item.ItemStack
src/main/java/net/shadowmage/ancientwarfare/structure/block/BlockTribalStool.java,9,net.minecraft.world.phys.AABB
src/main/java/net/shadowmage/ancientwarfare/structure/block/BlockTribalStool.java,11,net.minecraft.world.phys.Vec3
src/main/java/net/shadowmage/ancientwarfare/structure/block/BlockTribalStool.java,12,net.minecraft.world.level.BlockGetter
src/main/java/net/shadowmage/ancientwarfare/structure/block/BlockTribalStool.java,13,net.minecraft.world.level.Level
src/main/java/net/shadowmage/ancientwarfare/structure/block/BlockUrn.java,3,net.minecraft.world.level.block.SoundType
src/main/java/net/shadowmage/ancientwarfare/structure/block/BlockUrn.java,4,net.minecraft.block.material.Material
src/main/java/net/shadowmage/ancientwarfare/structure/block/BlockUrn.java,5,net.minecraft.block.state.BlockFaceShape
src/main/java/net/shadowmage/ancientwarfare/structure/block/BlockUrn.java,6,net.minecraft.world.level.block.state.BlockState
src/main/java/net/shadowmage/ancientwarfare/structure/block/BlockUrn.java,7,net.minecraft.world.entity.Entity
src/main/java/net/shadowmage/ancientwarfare/structure/block/BlockUrn.java,8,net.minecraft.world.level.block.entity.BlockEntity
src/main/java/net/shadowmage/ancientwarfare/structure/block/BlockUrn.java,10,net.minecraft.world.phys.AABB
src/main/java/net/shadowmage/ancientwarfare/structure/block/BlockUrn.java,12,net.minecraft.world.level.BlockGetter
src/main/java/net/shadowmage/ancientwarfare/structure/block/BlockUrn.java,13,net.minecraft.world.level.Level
src/main/java/net/shadowmage/ancientwarfare/structure/block/BlockWoodenCoffin.java,5,net.minecraft.block.material.Material
src/main/java/net/shadowmage/ancientwarfare/structure/block/BlockWoodenCoffin.java,6,net.minecraft.world.level.block.state.properties.Property
src/main/java/net/shadowmage/ancientwarfare/structure/block/BlockWoodenCoffin.java,7,net.minecraft.world.level.block.state.properties.EnumProperty
src/main/java/net/shadowmage/ancientwarfare/structure/block/BlockWoodenCoffin.java,8,net.minecraft.world.level.block.state.BlockState
src/main/java/net/shadowmage/ancientwarfare/structure/block/BlockWoodenCoffin.java,12,net.minecraft.world.entity.LivingEntity
src/main/java/net/shadowmage/ancientwarfare/structure/block/BlockWoodenCoffin.java,13,net.minecraft.world.item.Item
src/main/java/net/shadowmage/ancientwarfare/structure/block/BlockWoodenCoffin.java,14,net.minecraft.world.item.ItemStack
src/main/java/net/shadowmage/ancientwarfare/structure/block/BlockWoodenCoffin.java,17,net.minecraft.world.level.BlockGetter
src/main/java/net/shadowmage/ancientwarfare/structure/block/BlockWoodenCoffin.java,18,net.minecraft.world.level.Level
src/main/java/net/shadowmage/ancientwarfare/structure/block/BlockWoodenPost.java,5,net.minecraft.block.material.Material
src/main/java/net/shadowmage/ancientwarfare/structure/block/BlockWoodenPost.java,6,net.minecraft.world.level.block.state.properties.EnumProperty
src/main/java/net/shadowmage/ancientwarfare/structure/block/BlockWoodenPost.java,7,net.minecraft.block.state.BlockFaceShape
src/main/java/net/shadowmage/ancientwarfare/structure/block/BlockWoodenPost.java,8,net.minecraft.block.state.BlockStateContainer
src/main/java/net/shadowmage/ancientwarfare/structure/block/BlockWoodenPost.java,9,net.minecraft.world.level.block.state.BlockState
src/main/java/net/shadowmage/ancientwarfare/structure/block/BlockWoodenPost.java,14,net.minecraft.world.entity.LivingEntity
src/main/java/net/shadowmage/ancientwarfare/structure/block/BlockWoodenPost.java,15,net.minecraft.world.item.ItemStack
src/main/java/net/shadowmage/ancientwarfare/structure/block/BlockWoodenPost.java,20,net.minecraft.world.phys.AABB
src/main/java/net/shadowmage/ancientwarfare/structure/block/BlockWoodenPost.java,22,net.minecraft.world.phys.HitResult
src/main/java/net/shadowmage/ancientwarfare/structure/block/BlockWoodenPost.java,23,net.minecraft.world.phys.Vec3
src/main/java/net/shadowmage/ancientwarfare/structure/block/BlockWoodenPost.java,24,net.minecraft.world.level.BlockGetter
src/main/java/net/shadowmage/ancientwarfare/structure/block/BlockWoodenPost.java,25,net.minecraft.world.level.Level
src/main/java/net/shadowmage/ancientwarfare/structure/block/BlockWoodenThrone.java,4,net.minecraft.block.material.Material
src/main/java/net/shadowmage/ancientwarfare/structure/block/BlockWoodenThrone.java,5,net.minecraft.block.state.BlockStateContainer
src/main/java/net/shadowmage/ancientwarfare/structure/block/BlockWoodenThrone.java,6,net.minecraft.world.level.block.state.BlockState
src/main/java/net/shadowmage/ancientwarfare/structure/block/BlockWoodenThrone.java,7,net.minecraft.world.entity.LivingEntity
src/main/java/net/shadowmage/ancientwarfare/structure/block/BlockWoodenThrone.java,8,net.minecraft.world.entity.player.Player
src/main/java/net/shadowmage/ancientwarfare/structure/block/BlockWoodenThrone.java,9,net.minecraft.world.item.ItemStack
src/main/java/net/shadowmage/ancientwarfare/structure/block/BlockWoodenThrone.java,12,net.minecraft.world.InteractionHand
src/main/java/net/shadowmage/ancientwarfare/structure/block/BlockWoodenThrone.java,13,net.minecraft.world.phys.AABB
src/main/java/net/shadowmage/ancientwarfare/structure/block/BlockWoodenThrone.java,15,net.minecraft.world.level.BlockGetter
src/main/java/net/shadowmage/ancientwarfare/structure/block/BlockWoodenThrone.java,16,net.minecraft.world.level.Level
src/main/java/net/shadowmage/ancientwarfare/structure/block/altar/BlockAltarCandle.java,3,net.minecraft.block.material.Material
src/main/java/net/shadowmage/ancientwarfare/structure/block/altar/BlockAltarCandle.java,4,net.minecraft.world.level.block.state.BlockState
src/main/java/net/shadowmage/ancientwarfare/structure/block/altar/BlockAltarCandle.java,6,net.minecraft.world.entity.player.Player
src/main/java/net/shadowmage/ancientwarfare/structure/block/altar/BlockAltarCandle.java,7,net.minecraft.world.item.ItemStack
src/main/java/net/shadowmage/ancientwarfare/structure/block/altar/BlockAltarCandle.java,8,net.minecraft.world.level.block.entity.BlockEntity
src/main/java/net/shadowmage/ancientwarfare/structure/block/altar/BlockAltarCandle.java,11,net.minecraft.world.phys.AABB
src/main/java/net/shadowmage/ancientwarfare/structure/block/altar/BlockAltarCandle.java,13,net.minecraft.world.phys.HitResult
src/main/java/net/shadowmage/ancientwarfare/structure/block/altar/BlockAltarCandle.java,14,net.minecraft.world.level.BlockGetter
src/main/java/net/shadowmage/ancientwarfare/structure/block/altar/BlockAltarCandle.java,15,net.minecraft.world.level.Level
src/main/java/net/shadowmage/ancientwarfare/structure/block/altar/BlockAltarLectern.java,3,net.minecraft.block.material.Material
src/main/java/net/shadowmage/ancientwarfare/structure/block/altar/BlockAltarLectern.java,4,net.minecraft.block.state.BlockStateContainer
src/main/java/net/shadowmage/ancientwarfare/structure/block/altar/BlockAltarLectern.java,5,net.minecraft.world.level.block.state.BlockState
src/main/java/net/shadowmage/ancientwarfare/structure/block/altar/BlockAltarLectern.java,6,net.minecraft.world.entity.LivingEntity
src/main/java/net/shadowmage/ancientwarfare/structure/block/altar/BlockAltarLectern.java,8,net.minecraft.world.phys.AABB
src/main/java/net/shadowmage/ancientwarfare/structure/block/altar/BlockAltarLectern.java,10,net.minecraft.world.level.BlockGetter
src/main/java/net/shadowmage/ancientwarfare/structure/block/altar/BlockAltarLectern.java,11,net.minecraft.world.level.Level
src/main/java/net/shadowmage/ancientwarfare/structure/block/altar/BlockAltarLongCloth.java,3,net.minecraft.block.material.Material
src/main/java/net/shadowmage/ancientwarfare/structure/block/altar/BlockAltarLongCloth.java,4,net.minecraft.world.level.block.state.BlockState
src/main/java/net/shadowmage/ancientwarfare/structure/block/altar/BlockAltarLongCloth.java,5,net.minecraft.world.entity.player.Player
src/main/java/net/shadowmage/ancientwarfare/structure/block/altar/BlockAltarLongCloth.java,6,net.minecraft.world.item.ItemStack
src/main/java/net/shadowmage/ancientwarfare/structure/block/altar/BlockAltarLongCloth.java,7,net.minecraft.world.level.block.entity.BlockEntity
src/main/java/net/shadowmage/ancientwarfare/structure/block/altar/BlockAltarLongCloth.java,11,net.minecraft.world.phys.HitResult
src/main/java/net/shadowmage/ancientwarfare/structure/block/altar/BlockAltarLongCloth.java,12,net.minecraft.world.level.BlockGetter
src/main/java/net/shadowmage/ancientwarfare/structure/block/altar/BlockAltarLongCloth.java,13,net.minecraft.world.level.Level
src/main/java/net/shadowmage/ancientwarfare/structure/block/altar/BlockAltarShortCloth.java,3,net.minecraft.block.material.Material
src/main/java/net/shadowmage/ancientwarfare/structure/block/altar/BlockAltarShortCloth.java,4,net.minecraft.world.level.block.state.BlockState
src/main/java/net/shadowmage/ancientwarfare/structure/block/altar/BlockAltarShortCloth.java,5,net.minecraft.world.entity.player.Player
src/main/java/net/shadowmage/ancientwarfare/structure/block/altar/BlockAltarShortCloth.java,6,net.minecraft.world.item.ItemStack
src/main/java/net/shadowmage/ancientwarfare/structure/block/altar/BlockAltarShortCloth.java,7,net.minecraft.world.level.block.entity.BlockEntity
src/main/java/net/shadowmage/ancientwarfare/structure/block/altar/BlockAltarShortCloth.java,11,net.minecraft.world.phys.HitResult
src/main/java/net/shadowmage/ancientwarfare/structure/block/altar/BlockAltarShortCloth.java,12,net.minecraft.world.level.BlockGetter
src/main/java/net/shadowmage/ancientwarfare/structure/block/altar/BlockAltarShortCloth.java,13,net.minecraft.world.level.Level
src/main/java/net/shadowmage/ancientwarfare/structure/block/altar/BlockAltarSun.java,3,net.minecraft.block.material.Material
src/main/java/net/shadowmage/ancientwarfare/structure/block/altar/BlockAltarSun.java,4,net.minecraft.block.state.BlockStateContainer
src/main/java/net/shadowmage/ancientwarfare/structure/block/altar/BlockAltarSun.java,5,net.minecraft.world.level.block.state.BlockState
src/main/java/net/shadowmage/ancientwarfare/structure/block/altar/BlockAltarSun.java,7,net.minecraft.world.entity.LivingEntity
src/main/java/net/shadowmage/ancientwarfare/structure/block/altar/BlockAltarSun.java,10,net.minecraft.world.phys.AABB
src/main/java/net/shadowmage/ancientwarfare/structure/block/altar/BlockAltarSun.java,12,net.minecraft.world.level.BlockGetter
src/main/java/net/shadowmage/ancientwarfare/structure/block/altar/BlockAltarSun.java,13,net.minecraft.world.level.Level
src/main/java/net/shadowmage/ancientwarfare/structure/block/altar/BlockAltarTop.java,3,net.minecraft.world.level.block.Block
src/main/java/net/shadowmage/ancientwarfare/structure/block/altar/BlockAltarTop.java,4,net.minecraft.block.material.Material
src/main/java/net/shadowmage/ancientwarfare/structure/block/altar/BlockAltarTop.java,5,net.minecraft.block.state.BlockFaceShape
src/main/java/net/shadowmage/ancientwarfare/structure/block/altar/BlockAltarTop.java,6,net.minecraft.world.level.block.state.BlockState
src/main/java/net/shadowmage/ancientwarfare/structure/block/altar/BlockAltarTop.java,9,net.minecraft.world.level.BlockGetter
src/main/java/net/shadowmage/ancientwarfare/structure/block/altar/BlockAltarTop.java,10,net.minecraft.world.level.Level
src/main/java/net/shadowmage/ancientwarfare/structure/client/AWStructureBlockColors.java,3,net.minecraft.world.level.block.state.BlockState
src/main/java/net/shadowmage/ancientwarfare/structure/client/AWStructureBlockColors.java,6,net.minecraft.world.level.block.Blocks
src/main/java/net/shadowmage/ancientwarfare/structure/command/CommandStructure.java,3,net.minecraft.command.CommandBase
src/main/java/net/shadowmage/ancientwarfare/structure/command/CommandStructure.java,4,net.minecraft.command.CommandException
src/main/java/net/shadowmage/ancientwarfare/structure/command/CommandStructure.java,5,net.minecraft.command.ICommandSender
src/main/java/net/shadowmage/ancientwarfare/structure/command/CommandStructure.java,6,net.minecraft.command.WrongUsageException
src/main/java/net/shadowmage/ancientwarfare/structure/command/CommandStructure.java,7,net.minecraft.world.entity.LivingEntity
src/main/java/net/shadowmage/ancientwarfare/structure/command/CommandStructure.java,8,net.minecraft.world.entity.player.Player
src/main/java/net/shadowmage/ancientwarfare/structure/command/CommandStructure.java,10,net.minecraft.world.item.ItemStack
src/main/java/net/shadowmage/ancientwarfare/structure/command/CommandStructure.java,15,net.minecraft.util.text.TextComponentTranslation
src/main/java/net/shadowmage/ancientwarfare/structure/command/StatsCommand.java,4,net.minecraft.command.ICommandSender
src/main/java/net/shadowmage/ancientwarfare/structure/command/StatsCommand.java,7,net.minecraft.util.text.TextComponentString
src/main/java/net/shadowmage/ancientwarfare/structure/config/AWStructureStatics.java,3,net.minecraft.world.level.block.Block
src/main/java/net/shadowmage/ancientwarfare/structure/config/AWStructureStatics.java,4,net.minecraft.block.material.Material
src/main/java/net/shadowmage/ancientwarfare/structure/config/AWStructureStatics.java,5,net.minecraft.world.level.block.state.BlockState
src/main/java/net/shadowmage/ancientwarfare/structure/config/AWStructureStatics.java,6,net.minecraft.world.level.block.Blocks
src/main/java/net/shadowmage/ancientwarfare/structure/container/ContainerDraftingStation.java,3,net.minecraft.world.entity.player.Player
src/main/java/net/shadowmage/ancientwarfare/structure/container/ContainerDraftingStation.java,4,net.minecraft.world.inventory.Slot
src/main/java/net/shadowmage/ancientwarfare/structure/container/ContainerDraftingStation.java,5,net.minecraft.world.item.ItemStack
src/main/java/net/shadowmage/ancientwarfare/structure/container/ContainerGateControl.java,3,net.minecraft.world.entity.player.Player
src/main/java/net/shadowmage/ancientwarfare/structure/container/ContainerLootBasket.java,3,net.minecraft.world.entity.player.Player
src/main/java/net/shadowmage/ancientwarfare/structure/container/ContainerLootBasket.java,4,net.minecraft.world.inventory.Slot
src/main/java/net/shadowmage/ancientwarfare/structure/container/ContainerLootBasket.java,5,net.minecraft.world.item.ItemStack
src/main/java/net/shadowmage/ancientwarfare/structure/container/ContainerLootChestPlacer.java,3,net.minecraft.world.entity.player.Player
src/main/java/net/shadowmage/ancientwarfare/structure/container/ContainerLootChestPlacer.java,4,net.minecraft.world.item.ItemStack
src/main/java/net/shadowmage/ancientwarfare/structure/container/ContainerLootChestPlacer.java,7,net.minecraft.world.storage.loot.LootTableList
src/main/java/net/shadowmage/ancientwarfare/structure/container/ContainerSoundBlock.java,3,net.minecraft.world.entity.player.Player
src/main/java/net/shadowmage/ancientwarfare/structure/container/ContainerSpawnerAdvanced.java,3,net.minecraft.world.entity.player.Player
src/main/java/net/shadowmage/ancientwarfare/structure/container/ContainerSpawnerAdvanced.java,4,net.minecraft.world.item.ItemStack
src/main/java/net/shadowmage/ancientwarfare/structure/container/ContainerSpawnerAdvancedBase.java,3,net.minecraft.world.entity.player.Player
src/main/java/net/shadowmage/ancientwarfare/structure/container/ContainerSpawnerAdvancedBlock.java,3,net.minecraft.world.entity.player.Player
src/main/java/net/shadowmage/ancientwarfare/structure/container/ContainerSpawnerAdvancedInventoryBase.java,3,net.minecraft.world.entity.player.Player
src/main/java/net/shadowmage/ancientwarfare/structure/container/ContainerSpawnerAdvancedInventoryBase.java,4,net.minecraft.world.inventory.Slot
src/main/java/net/shadowmage/ancientwarfare/structure/container/ContainerSpawnerAdvancedInventoryBase.java,5,net.minecraft.world.item.BlockItem
src/main/java/net/shadowmage/ancientwarfare/structure/container/ContainerSpawnerAdvancedInventoryBase.java,6,net.minecraft.world.item.ItemStack
src/main/java/net/shadowmage/ancientwarfare/structure/container/ContainerSpawnerAdvancedInventoryBlock.java,3,net.minecraft.world.entity.player.Player
src/main/java/net/shadowmage/ancientwarfare/structure/container/ContainerSpawnerAdvancedInventoryItem.java,3,net.minecraft.world.entity.player.Player
src/main/java/net/shadowmage/ancientwarfare/structure/container/ContainerSpawnerAdvancedInventoryItem.java,4,net.minecraft.world.item.ItemStack
src/main/java/net/shadowmage/ancientwarfare/structure/container/ContainerSpawnerAdvancedInventoryItem.java,6,net.minecraft.util.text.TextComponentString
src/main/java/net/shadowmage/ancientwarfare/structure/container/ContainerStake.java,3,net.minecraft.world.entity.player.Player
src/main/java/net/shadowmage/ancientwarfare/structure/container/ContainerStatue.java,3,net.minecraft.world.entity.player.Player
src/main/java/net/shadowmage/ancientwarfare/structure/container/ContainerStructureScanner.java,3,net.minecraft.world.entity.player.Player
src/main/java/net/shadowmage/ancientwarfare/structure/container/ContainerStructureScanner.java,4,net.minecraft.world.inventory.Slot
src/main/java/net/shadowmage/ancientwarfare/structure/container/ContainerStructureScanner.java,5,net.minecraft.world.item.ItemStack
src/main/java/net/shadowmage/ancientwarfare/structure/container/ContainerStructureScanner.java,10,net.minecraft.world.InteractionHand
src/main/java/net/shadowmage/ancientwarfare/structure/container/ContainerStructureSelection.java,3,net.minecraft.world.entity.player.Player
src/main/java/net/shadowmage/ancientwarfare/structure/container/ContainerStructureSelection.java,4,net.minecraft.world.item.ItemStack
src/main/java/net/shadowmage/ancientwarfare/structure/container/ContainerStructureSelectionBase.java,3,net.minecraft.world.entity.player.Player
src/main/java/net/shadowmage/ancientwarfare/structure/container/ContainerTownSelection.java,3,net.minecraft.world.entity.player.Player
src/main/java/net/shadowmage/ancientwarfare/structure/container/ContainerTownSelection.java,4,net.minecraft.world.item.ItemStack
src/main/java/net/shadowmage/ancientwarfare/structure/datafixes/LootSettingsPotionRegistryNameFixer.java,6,net.minecraft.world.effect.MobEffect
src/main/java/net/shadowmage/ancientwarfare/structure/datafixes/WoodenCoffinFixer.java,3,net.minecraft.world.level.block.Block
src/main/java/net/shadowmage/ancientwarfare/structure/datafixes/WoodenCoffinFixer.java,4,net.minecraft.world.item.Item
src/main/java/net/shadowmage/ancientwarfare/structure/entity/DualBoundingBox.java,25,net.minecraft.world.phys.AABB
src/main/java/net/shadowmage/ancientwarfare/structure/entity/DualBoundingBox.java,27,net.minecraft.world.phys.HitResult
src/main/java/net/shadowmage/ancientwarfare/structure/entity/DualBoundingBox.java,28,net.minecraft.world.phys.Vec3
src/main/java/net/shadowmage/ancientwarfare/structure/entity/EntityGate.java,4,net.minecraft.world.entity.Entity
src/main/java/net/shadowmage/ancientwarfare/structure/entity/EntityGate.java,5,net.minecraft.world.entity.LivingEntity
src/main/java/net/shadowmage/ancientwarfare/structure/entity/EntityGate.java,6,net.minecraft.world.entity.item.ItemEntity
src/main/java/net/shadowmage/ancientwarfare/structure/entity/EntityGate.java,7,net.minecraft.world.entity.player.Player
src/main/java/net/shadowmage/ancientwarfare/structure/entity/EntityGate.java,8,net.minecraft.entity.projectile.EntityArrow
src/main/java/net/shadowmage/ancientwarfare/structure/entity/EntityGate.java,9,net.minecraft.world.item.Item
src/main/java/net/shadowmage/ancientwarfare/structure/entity/EntityGate.java,10,net.minecraft.item.ItemAxe
src/main/java/net/shadowmage/ancientwarfare/structure/entity/EntityGate.java,11,net.minecraft.item.ItemPickaxe
src/main/java/net/shadowmage/ancientwarfare/structure/entity/EntityGate.java,12,net.minecraft.world.item.ItemStack
src/main/java/net/shadowmage/ancientwarfare/structure/entity/EntityGate.java,17,net.minecraft.world.InteractionHand
src/main/java/net/shadowmage/ancientwarfare/structure/entity/EntityGate.java,19,net.minecraft.world.phys.AABB
src/main/java/net/shadowmage/ancientwarfare/structure/entity/EntityGate.java,22,net.minecraft.world.phys.HitResult
src/main/java/net/shadowmage/ancientwarfare/structure/entity/EntityGate.java,23,net.minecraft.util.text.TextComponentTranslation
src/main/java/net/shadowmage/ancientwarfare/structure/entity/EntityGate.java,24,net.minecraft.world.level.Level
src/main/java/net/shadowmage/ancientwarfare/structure/entity/EntitySeat.java,4,net.minecraft.world.level.block.Block
src/main/java/net/shadowmage/ancientwarfare/structure/entity/EntitySeat.java,5,net.minecraft.world.level.block.state.BlockState
src/main/java/net/shadowmage/ancientwarfare/structure/entity/EntitySeat.java,6,net.minecraft.world.entity.Entity
src/main/java/net/shadowmage/ancientwarfare/structure/entity/EntitySeat.java,7,net.minecraft.world.entity.player.Player
src/main/java/net/shadowmage/ancientwarfare/structure/entity/EntitySeat.java,10,net.minecraft.world.phys.Vec3
src/main/java/net/shadowmage/ancientwarfare/structure/entity/EntitySeat.java,11,net.minecraft.world.level.Level
src/main/java/net/shadowmage/ancientwarfare/structure/entity/RotateBoundingBox.java,25,net.minecraft.world.phys.AABB
src/main/java/net/shadowmage/ancientwarfare/structure/event/EventHandler.java,4,net.minecraft.world.level.chunk.LevelChunk
src/main/java/net/shadowmage/ancientwarfare/structure/event/IBoxRenderer.java,3,net.minecraft.world.entity.player.Player
src/main/java/net/shadowmage/ancientwarfare/structure/event/IBoxRenderer.java,4,net.minecraft.world.item.ItemStack
src/main/java/net/shadowmage/ancientwarfare/structure/event/IBoxRenderer.java,5,net.minecraft.world.InteractionHand
src/main/java/net/shadowmage/ancientwarfare/structure/event/IBoxRenderer.java,6,net.minecraft.world.phys.AABB
src/main/java/net/shadowmage/ancientwarfare/structure/event/OneShotEntityDespawnListener.java,3,net.minecraft.world.level.block.state.BlockState
src/main/java/net/shadowmage/ancientwarfare/structure/event/OneShotEntityDespawnListener.java,4,net.minecraft.world.entity.Entity
src/main/java/net/shadowmage/ancientwarfare/structure/event/OneShotEntityDespawnListener.java,5,net.minecraft.entity.EntityList
src/main/java/net/shadowmage/ancientwarfare/structure/event/OneShotEntityDespawnListener.java,6,net.minecraft.world.entity.LivingEntity
src/main/java/net/shadowmage/ancientwarfare/structure/event/OneShotEntityDespawnListener.java,7,net.minecraft.world.entity.player.Player
src/main/java/net/shadowmage/ancientwarfare/structure/event/OneShotEntityDespawnListener.java,11,net.minecraft.world.IWorldEventListener
src/main/java/net/shadowmage/ancientwarfare/structure/event/OneShotEntityDespawnListener.java,12,net.minecraft.world.level.Level
src/main/java/net/shadowmage/ancientwarfare/structure/gamedata/StructureMap.java,11,net.minecraft.world.level.ChunkPos
src/main/java/net/shadowmage/ancientwarfare/structure/gamedata/StructureMap.java,12,net.minecraft.world.level.Level
src/main/java/net/shadowmage/ancientwarfare/structure/gamedata/StructureMap.java,13,net.minecraft.world.level.saveddata.SavedData
src/main/java/net/shadowmage/ancientwarfare/structure/gamedata/TownMap.java,9,net.minecraft.world.level.ChunkPos
src/main/java/net/shadowmage/ancientwarfare/structure/gamedata/TownMap.java,10,net.minecraft.world.level.Level
src/main/java/net/shadowmage/ancientwarfare/structure/gamedata/TownMap.java,11,net.minecraft.world.level.saveddata.SavedData
src/main/java/net/shadowmage/ancientwarfare/structure/gates/IGateType.java,24,net.minecraft.world.item.ItemStack
src/main/java/net/shadowmage/ancientwarfare/structure/gates/types/Gate.java,3,net.minecraft.world.level.block.Block
src/main/java/net/shadowmage/ancientwarfare/structure/gates/types/Gate.java,4,net.minecraft.world.level.block.state.BlockState
src/main/java/net/shadowmage/ancientwarfare/structure/gates/types/Gate.java,5,net.minecraft.world.entity.Entity
src/main/java/net/shadowmage/ancientwarfare/structure/gates/types/Gate.java,7,net.minecraft.world.item.ItemStack
src/main/java/net/shadowmage/ancientwarfare/structure/gates/types/Gate.java,11,net.minecraft.world.phys.AABB
src/main/java/net/shadowmage/ancientwarfare/structure/gates/types/Gate.java,13,net.minecraft.world.level.Level
src/main/java/net/shadowmage/ancientwarfare/structure/gates/types/GateDouble.java,4,net.minecraft.world.phys.AABB
src/main/java/net/shadowmage/ancientwarfare/structure/gates/types/GateRotatingBridge.java,3,net.minecraft.world.level.block.Block
src/main/java/net/shadowmage/ancientwarfare/structure/gates/types/GateRotatingBridge.java,4,net.minecraft.world.entity.Entity
src/main/java/net/shadowmage/ancientwarfare/structure/gates/types/GateRotatingBridge.java,6,net.minecraft.world.phys.AABB
src/main/java/net/shadowmage/ancientwarfare/structure/gates/types/GateSingle.java,4,net.minecraft.world.phys.AABB
src/main/java/net/shadowmage/ancientwarfare/structure/gui/GuiDraftingStation.java,4,net.minecraft.world.item.ItemStack
src/main/java/net/shadowmage/ancientwarfare/structure/gui/GuiLootChestPlacer.java,4,net.minecraft.world.effect.MobEffects
src/main/java/net/shadowmage/ancientwarfare/structure/gui/GuiLootChestPlacer.java,5,net.minecraft.world.item.ItemStack
src/main/java/net/shadowmage/ancientwarfare/structure/gui/GuiLootChestPlacer.java,9,net.minecraft.world.effect.MobEffect
src/main/java/net/shadowmage/ancientwarfare/structure/gui/GuiLootChestPlacer.java,10,net.minecraft.world.effect.MobEffectInstance
src/main/java/net/shadowmage/ancientwarfare/structure/gui/GuiStructureBiomeSelection.java,5,net.minecraft.world.level.biome.Biome
src/main/java/net/shadowmage/ancientwarfare/structure/gui/GuiStructureScanner.java,5,net.minecraft.world.inventory.AbstractContainerMenu
src/main/java/net/shadowmage/ancientwarfare/structure/gui/GuiStructureScanner.java,6,net.minecraft.inventory.IContainerListener
src/main/java/net/shadowmage/ancientwarfare/structure/gui/GuiStructureScanner.java,7,net.minecraft.world.Container
src/main/java/net/shadowmage/ancientwarfare/structure/gui/GuiStructureScanner.java,8,net.minecraft.world.item.ItemStack
src/main/java/net/shadowmage/ancientwarfare/structure/init/AWStructureBlocks.java,3,net.minecraft.world.level.block.Block
src/main/java/net/shadowmage/ancientwarfare/structure/init/AWStructureBlocks.java,4,net.minecraft.world.item.Item
src/main/java/net/shadowmage/ancientwarfare/structure/init/AWStructureBlocks.java,5,net.minecraft.world.item.ItemStack
src/main/java/net/shadowmage/ancientwarfare/structure/init/AWStructureBlocks.java,6,net.minecraft.world.level.block.entity.BlockEntity
src/main/java/net/shadowmage/ancientwarfare/structure/init/AWStructureBlocks.java,13,net.minecraftforge.fml.common.registry.GameRegistry
src/main/java/net/shadowmage/ancientwarfare/structure/init/AWStructureBlocks.java,14,net.minecraftforge.fml.common.registry.GameRegistry.ObjectHolder
src/main/java/net/shadowmage/ancientwarfare/structure/init/AWStructureItems.java,3,net.minecraft.world.item.Item
src/main/java/net/shadowmage/ancientwarfare/structure/init/AWStructureItems.java,7,net.minecraftforge.fml.common.registry.GameRegistry.ObjectHolder
src/main/java/net/shadowmage/ancientwarfare/structure/init/AWStructureSoundTypes.java,3,net.minecraft.world.level.block.SoundType
src/main/java/net/shadowmage/ancientwarfare/structure/init/AWStructureSounds.java,8,net.minecraftforge.fml.common.registry.GameRegistry.ObjectHolder
src/main/java/net/shadowmage/ancientwarfare/structure/item/FloodFillPathfinder.java,3,net.minecraft.world.level.block.Block
src/main/java/net/shadowmage/ancientwarfare/structure/item/FloodFillPathfinder.java,4,net.minecraft.world.level.block.state.BlockState
src/main/java/net/shadowmage/ancientwarfare/structure/item/FloodFillPathfinder.java,6,net.minecraft.world.level.Level
src/main/java/net/shadowmage/ancientwarfare/structure/item/ItemBlockAdvancedSpawner.java,3,net.minecraft.world.level.block.Block
src/main/java/net/shadowmage/ancientwarfare/structure/item/ItemBlockAdvancedSpawner.java,4,net.minecraft.world.level.block.state.BlockState
src/main/java/net/shadowmage/ancientwarfare/structure/item/ItemBlockAdvancedSpawner.java,6,net.minecraft.world.item.TooltipFlag
src/main/java/net/shadowmage/ancientwarfare/structure/item/ItemBlockAdvancedSpawner.java,7,net.minecraft.world.entity.player.Player
src/main/java/net/shadowmage/ancientwarfare/structure/item/ItemBlockAdvancedSpawner.java,8,net.minecraft.world.item.ItemStack
src/main/java/net/shadowmage/ancientwarfare/structure/item/ItemBlockAdvancedSpawner.java,12,net.minecraft.world.level.Level
src/main/java/net/shadowmage/ancientwarfare/structure/item/ItemBlockBrazierEmber.java,3,net.minecraft.world.level.block.Block
src/main/java/net/shadowmage/ancientwarfare/structure/item/ItemBlockBrazierEmber.java,4,net.minecraft.world.item.ItemStack
src/main/java/net/shadowmage/ancientwarfare/structure/item/ItemBlockBrazierFlame.java,3,net.minecraft.world.level.block.Block
src/main/java/net/shadowmage/ancientwarfare/structure/item/ItemBlockBrazierFlame.java,4,net.minecraft.world.item.ItemStack
src/main/java/net/shadowmage/ancientwarfare/structure/item/ItemBlockChair.java,3,net.minecraft.world.level.block.Block
src/main/java/net/shadowmage/ancientwarfare/structure/item/ItemBlockChair.java,4,net.minecraft.world.entity.player.Player
src/main/java/net/shadowmage/ancientwarfare/structure/item/ItemBlockChair.java,5,net.minecraft.world.InteractionResult
src/main/java/net/shadowmage/ancientwarfare/structure/item/ItemBlockChair.java,7,net.minecraft.world.InteractionHand
src/main/java/net/shadowmage/ancientwarfare/structure/item/ItemBlockChair.java,9,net.minecraft.world.level.Level
src/main/java/net/shadowmage/ancientwarfare/structure/item/ItemBlockCoffin.java,3,net.minecraft.world.level.block.Block
src/main/java/net/shadowmage/ancientwarfare/structure/item/ItemBlockCoffin.java,4,net.minecraft.block.material.Material
src/main/java/net/shadowmage/ancientwarfare/structure/item/ItemBlockCoffin.java,5,net.minecraft.world.level.block.state.BlockState
src/main/java/net/shadowmage/ancientwarfare/structure/item/ItemBlockCoffin.java,6,net.minecraft.world.entity.player.Player
src/main/java/net/shadowmage/ancientwarfare/structure/item/ItemBlockCoffin.java,7,net.minecraft.world.level.block.Blocks
src/main/java/net/shadowmage/ancientwarfare/structure/item/ItemBlockCoffin.java,8,net.minecraft.world.InteractionResult
src/main/java/net/shadowmage/ancientwarfare/structure/item/ItemBlockCoffin.java,10,net.minecraft.world.InteractionHand
src/main/java/net/shadowmage/ancientwarfare/structure/item/ItemBlockCoffin.java,11,net.minecraft.world.phys.AABB
src/main/java/net/shadowmage/ancientwarfare/structure/item/ItemBlockCoffin.java,13,net.minecraft.world.level.Level
src/main/java/net/shadowmage/ancientwarfare/structure/item/ItemBlockColored.java,3,net.minecraft.world.level.block.Block
src/main/java/net/shadowmage/ancientwarfare/structure/item/ItemBlockColored.java,4,net.minecraft.world.level.block.state.BlockState
src/main/java/net/shadowmage/ancientwarfare/structure/item/ItemBlockColored.java,6,net.minecraft.world.entity.player.Player
src/main/java/net/shadowmage/ancientwarfare/structure/item/ItemBlockColored.java,7,net.minecraft.item.EnumDyeColor
src/main/java/net/shadowmage/ancientwarfare/structure/item/ItemBlockColored.java,8,net.minecraft.world.item.ItemStack
src/main/java/net/shadowmage/ancientwarfare/structure/item/ItemBlockColored.java,14,net.minecraft.util.text.translation.I18n
src/main/java/net/shadowmage/ancientwarfare/structure/item/ItemBlockColored.java,15,net.minecraft.world.level.Level
src/main/java/net/shadowmage/ancientwarfare/structure/item/ItemBlockFirePit.java,3,net.minecraft.world.level.block.Block
src/main/java/net/shadowmage/ancientwarfare/structure/item/ItemBlockFirePit.java,4,net.minecraft.world.item.ItemStack
src/main/java/net/shadowmage/ancientwarfare/structure/item/ItemBlockFlag.java,3,net.minecraft.world.level.block.Block
src/main/java/net/shadowmage/ancientwarfare/structure/item/ItemBlockFlag.java,4,net.minecraft.world.item.ItemStack
src/main/java/net/shadowmage/ancientwarfare/structure/item/ItemBlockFlag.java,5,net.minecraft.util.text.translation.I18n
src/main/java/net/shadowmage/ancientwarfare/structure/item/ItemBlockGravestone.java,3,net.minecraft.world.level.block.Block
src/main/java/net/shadowmage/ancientwarfare/structure/item/ItemBlockGravestone.java,4,net.minecraft.world.item.ItemStack
src/main/java/net/shadowmage/ancientwarfare/structure/item/ItemBlockGravestone.java,5,net.minecraft.util.text.translation.I18n
src/main/java/net/shadowmage/ancientwarfare/structure/item/ItemBlockInfo.java,3,net.minecraft.world.level.block.Block
src/main/java/net/shadowmage/ancientwarfare/structure/item/ItemBlockInfo.java,4,net.minecraft.world.level.block.state.BlockState
src/main/java/net/shadowmage/ancientwarfare/structure/item/ItemBlockInfo.java,5,net.minecraft.world.entity.player.Player
src/main/java/net/shadowmage/ancientwarfare/structure/item/ItemBlockInfo.java,6,net.minecraft.world.item.ItemStack
src/main/java/net/shadowmage/ancientwarfare/structure/item/ItemBlockInfo.java,7,net.minecraft.world.InteractionResultHolder
src/main/java/net/shadowmage/ancientwarfare/structure/item/ItemBlockInfo.java,8,net.minecraft.world.InteractionResult
src/main/java/net/shadowmage/ancientwarfare/structure/item/ItemBlockInfo.java,9,net.minecraft.world.InteractionHand
src/main/java/net/shadowmage/ancientwarfare/structure/item/ItemBlockInfo.java,11,net.minecraft.world.level.Level
src/main/java/net/shadowmage/ancientwarfare/structure/item/ItemBlockPosts.java,3,net.minecraft.world.level.block.Block
src/main/java/net/shadowmage/ancientwarfare/structure/item/ItemBlockPosts.java,4,net.minecraft.block.material.Material
src/main/java/net/shadowmage/ancientwarfare/structure/item/ItemBlockPosts.java,5,net.minecraft.world.level.block.state.BlockState
src/main/java/net/shadowmage/ancientwarfare/structure/item/ItemBlockPosts.java,6,net.minecraft.world.entity.player.Player
src/main/java/net/shadowmage/ancientwarfare/structure/item/ItemBlockPosts.java,7,net.minecraft.world.level.block.Blocks
src/main/java/net/shadowmage/ancientwarfare/structure/item/ItemBlockPosts.java,8,net.minecraft.world.InteractionResult
src/main/java/net/shadowmage/ancientwarfare/structure/item/ItemBlockPosts.java,10,net.minecraft.world.InteractionHand
src/main/java/net/shadowmage/ancientwarfare/structure/item/ItemBlockPosts.java,11,net.minecraft.world.phys.AABB
src/main/java/net/shadowmage/ancientwarfare/structure/item/ItemBlockPosts.java,13,net.minecraft.world.level.Level
src/main/java/net/shadowmage/ancientwarfare/structure/item/ItemBlockStoneCoffin.java,3,net.minecraft.world.level.block.Block
src/main/java/net/shadowmage/ancientwarfare/structure/item/ItemBlockStoneCoffin.java,4,net.minecraft.world.entity.player.Player
src/main/java/net/shadowmage/ancientwarfare/structure/item/ItemBlockStoneCoffin.java,5,net.minecraft.world.item.ItemStack
src/main/java/net/shadowmage/ancientwarfare/structure/item/ItemBlockStoneCoffin.java,8,net.minecraft.world.level.Level
src/main/java/net/shadowmage/ancientwarfare/structure/item/ItemBlockStretchingRack.java,3,net.minecraft.world.level.block.Block
src/main/java/net/shadowmage/ancientwarfare/structure/item/ItemBlockStretchingRack.java,4,net.minecraft.block.material.Material
src/main/java/net/shadowmage/ancientwarfare/structure/item/ItemBlockStretchingRack.java,5,net.minecraft.world.level.block.state.BlockState
src/main/java/net/shadowmage/ancientwarfare/structure/item/ItemBlockStretchingRack.java,6,net.minecraft.world.entity.LivingEntity
src/main/java/net/shadowmage/ancientwarfare/structure/item/ItemBlockStretchingRack.java,7,net.minecraft.world.entity.player.Player
src/main/java/net/shadowmage/ancientwarfare/structure/item/ItemBlockStretchingRack.java,8,net.minecraft.world.level.block.Blocks
src/main/java/net/shadowmage/ancientwarfare/structure/item/ItemBlockStretchingRack.java,9,net.minecraft.world.InteractionResult
src/main/java/net/shadowmage/ancientwarfare/structure/item/ItemBlockStretchingRack.java,11,net.minecraft.world.InteractionHand
src/main/java/net/shadowmage/ancientwarfare/structure/item/ItemBlockStretchingRack.java,12,net.minecraft.world.phys.AABB
src/main/java/net/shadowmage/ancientwarfare/structure/item/ItemBlockStretchingRack.java,14,net.minecraft.world.level.Level
src/main/java/net/shadowmage/ancientwarfare/structure/item/ItemBlockStructureBuilder.java,3,net.minecraft.world.level.block.Block
src/main/java/net/shadowmage/ancientwarfare/structure/item/ItemBlockStructureBuilder.java,4,net.minecraft.world.level.block.state.BlockState
src/main/java/net/shadowmage/ancientwarfare/structure/item/ItemBlockStructureBuilder.java,6,net.minecraft.world.item.TooltipFlag
src/main/java/net/shadowmage/ancientwarfare/structure/item/ItemBlockStructureBuilder.java,7,net.minecraft.world.entity.player.Player
src/main/java/net/shadowmage/ancientwarfare/structure/item/ItemBlockStructureBuilder.java,8,net.minecraft.world.item.ItemStack
src/main/java/net/shadowmage/ancientwarfare/structure/item/ItemBlockStructureBuilder.java,11,net.minecraft.world.InteractionHand
src/main/java/net/shadowmage/ancientwarfare/structure/item/ItemBlockStructureBuilder.java,13,net.minecraft.world.level.Level
src/main/java/net/shadowmage/ancientwarfare/structure/item/ItemBlockTotemPart.java,3,net.minecraft.world.level.block.Block
src/main/java/net/shadowmage/ancientwarfare/structure/item/ItemBlockTotemPart.java,4,net.minecraft.world.entity.player.Player
src/main/java/net/shadowmage/ancientwarfare/structure/item/ItemBlockTotemPart.java,5,net.minecraft.world.item.ItemStack
src/main/java/net/shadowmage/ancientwarfare/structure/item/ItemBlockTotemPart.java,8,net.minecraft.world.level.Level
src/main/java/net/shadowmage/ancientwarfare/structure/item/ItemBlockWoodenCoffin.java,3,net.minecraft.world.level.block.Block
src/main/java/net/shadowmage/ancientwarfare/structure/item/ItemBlockWoodenCoffin.java,4,net.minecraft.world.entity.LivingEntity
src/main/java/net/shadowmage/ancientwarfare/structure/item/ItemBlockWoodenCoffin.java,5,net.minecraft.world.entity.player.Player
src/main/java/net/shadowmage/ancientwarfare/structure/item/ItemBlockWoodenCoffin.java,6,net.minecraft.world.item.ItemStack
src/main/java/net/shadowmage/ancientwarfare/structure/item/ItemBlockWoodenCoffin.java,9,net.minecraft.world.level.Level
src/main/java/net/shadowmage/ancientwarfare/structure/item/ItemConstructionTool.java,3,net.minecraft.world.level.block.Block
src/main/java/net/shadowmage/ancientwarfare/structure/item/ItemConstructionTool.java,4,net.minecraft.world.level.block.state.BlockState
src/main/java/net/shadowmage/ancientwarfare/structure/item/ItemConstructionTool.java,6,net.minecraft.world.item.TooltipFlag
src/main/java/net/shadowmage/ancientwarfare/structure/item/ItemConstructionTool.java,7,net.minecraft.world.entity.player.Player
src/main/java/net/shadowmage/ancientwarfare/structure/item/ItemConstructionTool.java,8,net.minecraft.world.item.ItemStack
src/main/java/net/shadowmage/ancientwarfare/structure/item/ItemConstructionTool.java,10,net.minecraft.world.InteractionResultHolder
src/main/java/net/shadowmage/ancientwarfare/structure/item/ItemConstructionTool.java,11,net.minecraft.world.InteractionResult
src/main/java/net/shadowmage/ancientwarfare/structure/item/ItemConstructionTool.java,12,net.minecraft.world.InteractionHand
src/main/java/net/shadowmage/ancientwarfare/structure/item/ItemConstructionTool.java,14,net.minecraft.world.level.Level
src/main/java/net/shadowmage/ancientwarfare/structure/item/ItemConstructionToolLakes.java,3,net.minecraft.world.level.block.state.BlockState
src/main/java/net/shadowmage/ancientwarfare/structure/item/ItemConstructionToolLakes.java,4,net.minecraft.world.entity.player.Player
src/main/java/net/shadowmage/ancientwarfare/structure/item/ItemConstructionToolLakes.java,5,net.minecraft.world.level.block.Blocks
src/main/java/net/shadowmage/ancientwarfare/structure/item/ItemConstructionToolLakes.java,6,net.minecraft.world.item.ItemStack
src/main/java/net/shadowmage/ancientwarfare/structure/item/ItemConstructionToolLakes.java,7,net.minecraft.world.InteractionResultHolder
src/main/java/net/shadowmage/ancientwarfare/structure/item/ItemConstructionToolLakes.java,8,net.minecraft.world.InteractionResult
src/main/java/net/shadowmage/ancientwarfare/structure/item/ItemConstructionToolLakes.java,9,net.minecraft.world.InteractionHand
src/main/java/net/shadowmage/ancientwarfare/structure/item/ItemConstructionToolLakes.java,11,net.minecraft.world.level.Level
src/main/java/net/shadowmage/ancientwarfare/structure/item/ItemGateSpawner.java,5,net.minecraft.world.item.TooltipFlag
src/main/java/net/shadowmage/ancientwarfare/structure/item/ItemGateSpawner.java,7,net.minecraft.world.entity.player.Player
src/main/java/net/shadowmage/ancientwarfare/structure/item/ItemGateSpawner.java,8,net.minecraft.world.item.ItemStack
src/main/java/net/shadowmage/ancientwarfare/structure/item/ItemGateSpawner.java,10,net.minecraft.world.InteractionResultHolder
src/main/java/net/shadowmage/ancientwarfare/structure/item/ItemGateSpawner.java,11,net.minecraft.world.InteractionResult
src/main/java/net/shadowmage/ancientwarfare/structure/item/ItemGateSpawner.java,12,net.minecraft.world.InteractionHand
src/main/java/net/shadowmage/ancientwarfare/structure/item/ItemGateSpawner.java,15,net.minecraft.world.phys.AABB
src/main/java/net/shadowmage/ancientwarfare/structure/item/ItemGateSpawner.java,17,net.minecraft.util.text.TextComponentTranslation
src/main/java/net/shadowmage/ancientwarfare/structure/item/ItemGateSpawner.java,18,net.minecraft.world.level.Level
src/main/java/net/shadowmage/ancientwarfare/structure/item/ItemLootChestPlacer.java,3,net.minecraft.world.level.block.Block
src/main/java/net/shadowmage/ancientwarfare/structure/item/ItemLootChestPlacer.java,4,net.minecraft.world.level.block.state.BlockState
src/main/java/net/shadowmage/ancientwarfare/structure/item/ItemLootChestPlacer.java,6,net.minecraft.world.item.TooltipFlag
src/main/java/net/shadowmage/ancientwarfare/structure/item/ItemLootChestPlacer.java,7,net.minecraft.world.entity.Entity
src/main/java/net/shadowmage/ancientwarfare/structure/item/ItemLootChestPlacer.java,8,net.minecraft.world.entity.player.Player
src/main/java/net/shadowmage/ancientwarfare/structure/item/ItemLootChestPlacer.java,9,net.minecraft.world.item.BlockItem
src/main/java/net/shadowmage/ancientwarfare/structure/item/ItemLootChestPlacer.java,10,net.minecraft.world.item.ItemStack
src/main/java/net/shadowmage/ancientwarfare/structure/item/ItemLootChestPlacer.java,13,net.minecraft.world.InteractionResultHolder
src/main/java/net/shadowmage/ancientwarfare/structure/item/ItemLootChestPlacer.java,14,net.minecraft.world.InteractionResult
src/main/java/net/shadowmage/ancientwarfare/structure/item/ItemLootChestPlacer.java,16,net.minecraft.world.InteractionHand
src/main/java/net/shadowmage/ancientwarfare/structure/item/ItemLootChestPlacer.java,18,net.minecraft.world.phys.HitResult
src/main/java/net/shadowmage/ancientwarfare/structure/item/ItemLootChestPlacer.java,19,net.minecraft.world.phys.Vec3
src/main/java/net/shadowmage/ancientwarfare/structure/item/ItemLootChestPlacer.java,20,net.minecraft.util.text.TextComponentTranslation
src/main/java/net/shadowmage/ancientwarfare/structure/item/ItemLootChestPlacer.java,21,net.minecraft.world.level.Level
src/main/java/net/shadowmage/ancientwarfare/structure/item/ItemLootChestPlacer.java,25,net.minecraftforge.fml.common.registry.EntityRegistry
src/main/java/net/shadowmage/ancientwarfare/structure/item/ItemMultiBlock.java,3,net.minecraft.world.level.block.Block
src/main/java/net/shadowmage/ancientwarfare/structure/item/ItemMultiBlock.java,4,net.minecraft.world.level.block.state.BlockState
src/main/java/net/shadowmage/ancientwarfare/structure/item/ItemMultiBlock.java,5,net.minecraft.world.entity.player.Player
src/main/java/net/shadowmage/ancientwarfare/structure/item/ItemMultiBlock.java,6,net.minecraft.world.item.ItemStack
src/main/java/net/shadowmage/ancientwarfare/structure/item/ItemMultiBlock.java,10,net.minecraft.world.level.Level
src/main/java/net/shadowmage/ancientwarfare/structure/item/ItemSpawnerPlacer.java,4,net.minecraft.world.item.TooltipFlag
src/main/java/net/shadowmage/ancientwarfare/structure/item/ItemSpawnerPlacer.java,5,net.minecraft.world.entity.Entity
src/main/java/net/shadowmage/ancientwarfare/structure/item/ItemSpawnerPlacer.java,6,net.minecraft.world.entity.player.Player
src/main/java/net/shadowmage/ancientwarfare/structure/item/ItemSpawnerPlacer.java,7,net.minecraft.world.item.ItemStack
src/main/java/net/shadowmage/ancientwarfare/structure/item/ItemSpawnerPlacer.java,9,net.minecraft.world.InteractionResultHolder
src/main/java/net/shadowmage/ancientwarfare/structure/item/ItemSpawnerPlacer.java,10,net.minecraft.world.InteractionResult
src/main/java/net/shadowmage/ancientwarfare/structure/item/ItemSpawnerPlacer.java,12,net.minecraft.world.InteractionHand
src/main/java/net/shadowmage/ancientwarfare/structure/item/ItemSpawnerPlacer.java,14,net.minecraft.world.phys.HitResult
src/main/java/net/shadowmage/ancientwarfare/structure/item/ItemSpawnerPlacer.java,15,net.minecraft.util.text.TextComponentString
src/main/java/net/shadowmage/ancientwarfare/structure/item/ItemSpawnerPlacer.java,16,net.minecraft.util.text.TextComponentTranslation
src/main/java/net/shadowmage/ancientwarfare/structure/item/ItemSpawnerPlacer.java,17,net.minecraft.world.level.Level
src/main/java/net/shadowmage/ancientwarfare/structure/item/ItemStructureBuilder.java,4,net.minecraft.world.item.TooltipFlag
src/main/java/net/shadowmage/ancientwarfare/structure/item/ItemStructureBuilder.java,5,net.minecraft.world.entity.player.Player
src/main/java/net/shadowmage/ancientwarfare/structure/item/ItemStructureBuilder.java,6,net.minecraft.world.item.ItemStack
src/main/java/net/shadowmage/ancientwarfare/structure/item/ItemStructureBuilder.java,8,net.minecraft.world.InteractionResultHolder
src/main/java/net/shadowmage/ancientwarfare/structure/item/ItemStructureBuilder.java,9,net.minecraft.world.InteractionResult
src/main/java/net/shadowmage/ancientwarfare/structure/item/ItemStructureBuilder.java,11,net.minecraft.world.InteractionHand
src/main/java/net/shadowmage/ancientwarfare/structure/item/ItemStructureBuilder.java,14,net.minecraft.util.text.TextComponentTranslation
src/main/java/net/shadowmage/ancientwarfare/structure/item/ItemStructureBuilder.java,15,net.minecraft.world.level.BlockGetter
src/main/java/net/shadowmage/ancientwarfare/structure/item/ItemStructureBuilder.java,16,net.minecraft.world.level.Level
src/main/java/net/shadowmage/ancientwarfare/structure/item/ItemStructureBuilderWorldGen.java,3,net.minecraft.world.entity.player.Player
src/main/java/net/shadowmage/ancientwarfare/structure/item/ItemStructureScanner.java,4,net.minecraft.world.item.TooltipFlag
src/main/java/net/shadowmage/ancientwarfare/structure/item/ItemStructureScanner.java,5,net.minecraft.world.entity.player.Player
src/main/java/net/shadowmage/ancientwarfare/structure/item/ItemStructureScanner.java,6,net.minecraft.world.item.ItemStack
src/main/java/net/shadowmage/ancientwarfare/structure/item/ItemStructureScanner.java,10,net.minecraft.world.InteractionResultHolder
src/main/java/net/shadowmage/ancientwarfare/structure/item/ItemStructureScanner.java,11,net.minecraft.world.InteractionResult
src/main/java/net/shadowmage/ancientwarfare/structure/item/ItemStructureScanner.java,12,net.minecraft.world.InteractionHand
src/main/java/net/shadowmage/ancientwarfare/structure/item/ItemStructureScanner.java,14,net.minecraft.util.text.TextComponentTranslation
src/main/java/net/shadowmage/ancientwarfare/structure/item/ItemStructureScanner.java,15,net.minecraft.world.level.Level
src/main/java/net/shadowmage/ancientwarfare/structure/item/ItemStructureSettings.java,3,net.minecraft.world.item.ItemStack
src/main/java/net/shadowmage/ancientwarfare/structure/item/ItemStructureSettings.java,6,net.minecraft.world.phys.AABB
src/main/java/net/shadowmage/ancientwarfare/structure/item/ItemTownBuilder.java,3,net.minecraft.world.entity.player.Player
src/main/java/net/shadowmage/ancientwarfare/structure/item/ItemTownBuilder.java,4,net.minecraft.world.item.ItemStack
src/main/java/net/shadowmage/ancientwarfare/structure/item/ItemTownBuilder.java,7,net.minecraft.world.InteractionResultHolder
src/main/java/net/shadowmage/ancientwarfare/structure/item/ItemTownBuilder.java,8,net.minecraft.world.InteractionResult
src/main/java/net/shadowmage/ancientwarfare/structure/item/ItemTownBuilder.java,10,net.minecraft.world.InteractionHand
src/main/java/net/shadowmage/ancientwarfare/structure/item/ItemTownBuilder.java,12,net.minecraft.world.phys.HitResult
src/main/java/net/shadowmage/ancientwarfare/structure/item/ItemTownBuilder.java,13,net.minecraft.util.text.TextComponentString
src/main/java/net/shadowmage/ancientwarfare/structure/item/ItemTownBuilder.java,14,net.minecraft.world.level.BlockGetter
src/main/java/net/shadowmage/ancientwarfare/structure/item/ItemTownBuilder.java,15,net.minecraft.world.level.Level
src/main/java/net/shadowmage/ancientwarfare/structure/item/WoodItemBlock.java,3,net.minecraft.world.level.block.Block
src/main/java/net/shadowmage/ancientwarfare/structure/item/WoodItemBlock.java,4,net.minecraft.world.item.ItemStack
src/main/java/net/shadowmage/ancientwarfare/structure/model/ModelGateBasic.java,5,net.minecraft.world.entity.Entity
src/main/java/net/shadowmage/ancientwarfare/structure/model/ModelGateBridge.java,5,net.minecraft.world.entity.Entity
src/main/java/net/shadowmage/ancientwarfare/structure/network/PacketSoundBlockPlayerSpecValues.java,4,net.minecraft.world.entity.player.Player
src/main/java/net/shadowmage/ancientwarfare/structure/proxy/ClientProxyStructure.java,8,net.minecraft.world.entity.player.Player
src/main/java/net/shadowmage/ancientwarfare/structure/proxy/CommonProxyStructure.java,3,net.minecraft.world.entity.player.Player
src/main/java/net/shadowmage/ancientwarfare/structure/registry/EntitySpawnNBTRegistry.java,5,net.minecraft.world.entity.Entity
src/main/java/net/shadowmage/ancientwarfare/structure/registry/EntitySpawnNBTRegistry.java,6,net.minecraft.world.entity.Mob
src/main/java/net/shadowmage/ancientwarfare/structure/registry/EntitySpawnNBTRegistry.java,7,net.minecraft.entity.passive.EntityHorse
src/main/java/net/shadowmage/ancientwarfare/structure/registry/EntitySpawnNBTRegistry.java,8,net.minecraft.world.entity.npc.Villager
src/main/java/net/shadowmage/ancientwarfare/structure/registry/StructureBlockRegistry.java,4,net.minecraft.block.BlockSlab
src/main/java/net/shadowmage/ancientwarfare/structure/registry/StructureBlockRegistry.java,5,net.minecraft.block.BlockSnow
src/main/java/net/shadowmage/ancientwarfare/structure/registry/StructureBlockRegistry.java,6,net.minecraft.world.level.block.state.BlockState
src/main/java/net/shadowmage/ancientwarfare/structure/registry/StructureBlockRegistry.java,7,net.minecraft.world.item.ItemStack
src/main/java/net/shadowmage/ancientwarfare/structure/render/BlankExtendedBlockStateContainer.java,4,net.minecraft.world.level.block.Block
src/main/java/net/shadowmage/ancientwarfare/structure/render/BlankExtendedBlockStateContainer.java,5,net.minecraft.world.level.block.state.properties.Property
src/main/java/net/shadowmage/ancientwarfare/structure/render/BlockHighlightRenderer.java,4,net.minecraft.world.phys.AABB
src/main/java/net/shadowmage/ancientwarfare/structure/render/GateProxyRenderer.java,5,net.minecraft.client.renderer.tileentity.TileEntitySpecialRenderer
src/main/java/net/shadowmage/ancientwarfare/structure/render/ParticleColoredFlame.java,4,net.minecraft.world.level.Level
src/main/java/net/shadowmage/ancientwarfare/structure/render/ParticleOnlyModel.java,6,net.minecraft.world.level.block.state.BlockState
src/main/java/net/shadowmage/ancientwarfare/structure/render/ParticleOnlyModel.java,10,net.minecraft.world.phys.HitResult
src/main/java/net/shadowmage/ancientwarfare/structure/render/ParticleOnlyModel.java,11,net.minecraft.world.level.BlockGetter
src/main/java/net/shadowmage/ancientwarfare/structure/render/ParticleSun.java,4,net.minecraft.world.level.Level
src/main/java/net/shadowmage/ancientwarfare/structure/render/PreviewRenderer.java,5,net.minecraft.world.level.block.state.BlockState
src/main/java/net/shadowmage/ancientwarfare/structure/render/PreviewRenderer.java,12,net.minecraft.world.entity.player.Player
src/main/java/net/shadowmage/ancientwarfare/structure/render/PreviewRenderer.java,14,net.minecraft.world.level.block.Blocks
src/main/java/net/shadowmage/ancientwarfare/structure/render/PreviewRenderer.java,15,net.minecraft.world.item.ItemStack
src/main/java/net/shadowmage/ancientwarfare/structure/render/PreviewRenderer.java,16,net.minecraft.world.level.block.entity.BlockEntity
src/main/java/net/shadowmage/ancientwarfare/structure/render/PreviewRenderer.java,18,net.minecraft.world.InteractionHand
src/main/java/net/shadowmage/ancientwarfare/structure/render/PreviewRenderer.java,21,net.minecraft.world.level.BlockGetter
src/main/java/net/shadowmage/ancientwarfare/structure/render/PreviewRenderer.java,22,net.minecraft.world.WorldType
src/main/java/net/shadowmage/ancientwarfare/structure/render/PreviewRenderer.java,23,net.minecraft.world.level.biome.Biome
src/main/java/net/shadowmage/ancientwarfare/structure/render/ProtectionFlagRenderer.java,13,net.minecraft.client.renderer.tileentity.TileEntitySpecialRenderer
src/main/java/net/shadowmage/ancientwarfare/structure/render/ProtectionFlagRenderer.java,15,net.minecraft.world.entity.player.Player
src/main/java/net/shadowmage/ancientwarfare/structure/render/ProtectionFlagRenderer.java,16,net.minecraft.world.item.ItemStack
src/main/java/net/shadowmage/ancientwarfare/structure/render/RenderAdvancedLootChest.java,3,net.minecraft.client.renderer.tileentity.TileEntityChestRenderer
src/main/java/net/shadowmage/ancientwarfare/structure/render/RenderAdvancedLootChest.java,4,net.minecraft.client.renderer.tileentity.TileEntityRendererDispatcher
src/main/java/net/shadowmage/ancientwarfare/structure/render/RenderAdvancedSpawner.java,10,net.minecraft.client.renderer.tileentity.TileEntitySpecialRenderer
src/main/java/net/shadowmage/ancientwarfare/structure/render/RenderAdvancedSpawner.java,13,net.minecraft.world.level.GameType
src/main/java/net/shadowmage/ancientwarfare/structure/render/RenderItemAdvancedLootChest.java,8,net.minecraft.client.renderer.tileentity.TileEntityRendererDispatcher
src/main/java/net/shadowmage/ancientwarfare/structure/render/RenderItemAdvancedLootChest.java,9,net.minecraft.world.item.ItemStack
src/main/java/net/shadowmage/ancientwarfare/structure/render/RenderItemAdvancedLootChest.java,10,net.minecraft.world.level.block.entity.ChestBlockEntity
src/main/java/net/shadowmage/ancientwarfare/structure/render/RenderLootInfo.java,5,net.minecraft.client.renderer.tileentity.TileEntitySpecialRenderer
src/main/java/net/shadowmage/ancientwarfare/structure/render/RenderLootInfo.java,6,net.minecraft.world.effect.MobEffectInstance
src/main/java/net/shadowmage/ancientwarfare/structure/render/RenderLootInfo.java,7,net.minecraft.world.level.block.entity.BlockEntity
src/main/java/net/shadowmage/ancientwarfare/structure/render/RenderLootInfo.java,9,net.minecraft.world.level.GameType
src/main/java/net/shadowmage/ancientwarfare/structure/render/RenderStructureBuilder.java,4,net.minecraft.client.renderer.tileentity.TileEntitySpecialRenderer
src/main/java/net/shadowmage/ancientwarfare/structure/render/RenderStructureBuilder.java,5,net.minecraft.world.phys.AABB
src/main/java/net/shadowmage/ancientwarfare/structure/render/SoundBlockRenderer.java,4,net.minecraft.world.level.block.Block
src/main/java/net/shadowmage/ancientwarfare/structure/render/SoundBlockRenderer.java,5,net.minecraft.world.level.block.state.BlockState
src/main/java/net/shadowmage/ancientwarfare/structure/render/SoundBlockRenderer.java,9,net.minecraft.world.level.block.Blocks
src/main/java/net/shadowmage/ancientwarfare/structure/render/SoundBlockRenderer.java,10,net.minecraft.world.item.ItemStack
src/main/java/net/shadowmage/ancientwarfare/structure/render/SoundBlockRenderer.java,14,net.minecraft.world.level.BlockGetter
src/main/java/net/shadowmage/ancientwarfare/structure/render/StakeRenderer.java,3,net.minecraft.world.level.block.state.BlockState
src/main/java/net/shadowmage/ancientwarfare/structure/render/StakeRenderer.java,6,net.minecraft.client.renderer.tileentity.TileEntitySpecialRenderer
src/main/java/net/shadowmage/ancientwarfare/structure/render/StakeRenderer.java,7,net.minecraft.world.entity.Entity
src/main/java/net/shadowmage/ancientwarfare/structure/render/StoneCoffinRenderer.java,6,net.minecraft.world.level.block.state.BlockState
src/main/java/net/shadowmage/ancientwarfare/structure/render/StoneCoffinRenderer.java,10,net.minecraft.world.item.ItemStack
src/main/java/net/shadowmage/ancientwarfare/structure/render/StructureBoundingBoxRenderer.java,4,net.minecraft.world.entity.player.Player
src/main/java/net/shadowmage/ancientwarfare/structure/render/StructureBoundingBoxRenderer.java,5,net.minecraft.world.item.Items
src/main/java/net/shadowmage/ancientwarfare/structure/render/StructureBoundingBoxRenderer.java,6,net.minecraft.world.item.Item
src/main/java/net/shadowmage/ancientwarfare/structure/render/StructureBoundingBoxRenderer.java,7,net.minecraft.world.item.ItemStack
src/main/java/net/shadowmage/ancientwarfare/structure/render/StructureBoundingBoxRenderer.java,8,net.minecraft.world.InteractionHand
src/main/java/net/shadowmage/ancientwarfare/structure/render/StructureScannerRenderer.java,4,net.minecraft.client.renderer.tileentity.TileEntitySpecialRenderer
src/main/java/net/shadowmage/ancientwarfare/structure/render/StructureScannerRenderer.java,5,net.minecraft.world.item.ItemStack
src/main/java/net/shadowmage/ancientwarfare/structure/render/StructureScannerRenderer.java,6,net.minecraft.world.InteractionHand
src/main/java/net/shadowmage/ancientwarfare/structure/render/WoodenCoffinRenderer.java,6,net.minecraft.world.level.block.state.BlockState
src/main/java/net/shadowmage/ancientwarfare/structure/render/WoodenCoffinRenderer.java,10,net.minecraft.world.item.ItemStack
src/main/java/net/shadowmage/ancientwarfare/structure/render/gate/RenderGateBasic.java,27,net.minecraft.world.entity.Entity
src/main/java/net/shadowmage/ancientwarfare/structure/render/gate/RenderGateRotatingBridge.java,27,net.minecraft.world.entity.Entity
src/main/java/net/shadowmage/ancientwarfare/structure/render/property/StructureProperties.java,3,net.minecraft.world.level.block.state.properties.EnumProperty
src/main/java/net/shadowmage/ancientwarfare/structure/render/statue/StatueEntityRegistry.java,9,net.minecraft.world.entity.LivingEntity
src/main/java/net/shadowmage/ancientwarfare/structure/render/statue/StatueEntityRegistry.java,10,net.minecraft.entity.monster.EntityElderGuardian
src/main/java/net/shadowmage/ancientwarfare/structure/render/statue/StatueEntityRegistry.java,11,net.minecraft.world.entity.monster.EnderMan
src/main/java/net/shadowmage/ancientwarfare/structure/render/statue/StatueEntityRegistry.java,12,net.minecraft.world.entity.monster.Guardian
src/main/java/net/shadowmage/ancientwarfare/structure/render/statue/StatueEntityRegistry.java,13,net.minecraft.world.entity.monster.Skeleton
src/main/java/net/shadowmage/ancientwarfare/structure/render/statue/StatueEntityRegistry.java,14,net.minecraft.entity.monster.EntityVex
src/main/java/net/shadowmage/ancientwarfare/structure/render/statue/StatueEntityRegistry.java,15,net.minecraft.world.entity.monster.Zombie
src/main/java/net/shadowmage/ancientwarfare/structure/render/statue/StatueEntityRegistry.java,16,net.minecraft.entity.monster.EntityZombieVillager
src/main/java/net/shadowmage/ancientwarfare/structure/render/statue/StatueEntityRegistry.java,17,net.minecraft.world.level.Level
src/main/java/net/shadowmage/ancientwarfare/structure/render/statue/StatueRenderer.java,10,net.minecraft.client.renderer.tileentity.TileEntitySpecialRenderer
src/main/java/net/shadowmage/ancientwarfare/structure/render/statue/StatueRenderer.java,11,net.minecraft.world.entity.Entity
src/main/java/net/shadowmage/ancientwarfare/structure/render/statue/StatueRenderer.java,12,net.minecraft.world.entity.LivingEntity
src/main/java/net/shadowmage/ancientwarfare/structure/sounds/SoundLoader.java,16,net.minecraftforge.fml.relauncher.ReflectionHelper
src/main/java/net/shadowmage/ancientwarfare/structure/template/StructurePluginManager.java,3,net.minecraft.world.level.block.Block
src/main/java/net/shadowmage/ancientwarfare/structure/template/StructurePluginManager.java,4,net.minecraft.world.level.block.state.BlockState
src/main/java/net/shadowmage/ancientwarfare/structure/template/StructurePluginManager.java,5,net.minecraft.world.entity.Entity
src/main/java/net/shadowmage/ancientwarfare/structure/template/StructurePluginManager.java,6,net.minecraft.entity.EntityHanging
src/main/java/net/shadowmage/ancientwarfare/structure/template/StructurePluginManager.java,7,net.minecraft.entity.EntityList
src/main/java/net/shadowmage/ancientwarfare/structure/template/StructurePluginManager.java,8,net.minecraft.world.entity.player.Player
src/main/java/net/shadowmage/ancientwarfare/structure/template/StructurePluginManager.java,14,net.minecraft.world.level.Level
src/main/java/net/shadowmage/ancientwarfare/structure/template/StructureTemplate.java,3,net.minecraft.world.item.ItemStack
src/main/java/net/shadowmage/ancientwarfare/structure/template/WorldGenStructureManager.java,7,net.minecraft.world.level.Level
src/main/java/net/shadowmage/ancientwarfare/structure/template/WorldGenStructureManager.java,8,net.minecraft.world.level.biome.Biome
src/main/java/net/shadowmage/ancientwarfare/structure/template/build/StructureBB.java,4,net.minecraft.world.phys.AABB
src/main/java/net/shadowmage/ancientwarfare/structure/template/build/StructureBuilder.java,5,net.minecraft.world.level.block.Block
src/main/java/net/shadowmage/ancientwarfare/structure/template/build/StructureBuilder.java,6,net.minecraft.block.BlockLog
src/main/java/net/shadowmage/ancientwarfare/structure/template/build/StructureBuilder.java,7,net.minecraft.block.BlockNewLog
src/main/java/net/shadowmage/ancientwarfare/structure/template/build/StructureBuilder.java,8,net.minecraft.block.BlockOldLog
src/main/java/net/shadowmage/ancientwarfare/structure/template/build/StructureBuilder.java,9,net.minecraft.block.BlockPlanks
src/main/java/net/shadowmage/ancientwarfare/structure/template/build/StructureBuilder.java,10,net.minecraft.block.BlockSandStone
src/main/java/net/shadowmage/ancientwarfare/structure/template/build/StructureBuilder.java,11,net.minecraft.block.BlockStairs
src/main/java/net/shadowmage/ancientwarfare/structure/template/build/StructureBuilder.java,12,net.minecraft.block.material.Material
src/main/java/net/shadowmage/ancientwarfare/structure/template/build/StructureBuilder.java,13,net.minecraft.world.level.block.state.BlockState
src/main/java/net/shadowmage/ancientwarfare/structure/template/build/StructureBuilder.java,14,net.minecraft.world.level.block.Blocks
src/main/java/net/shadowmage/ancientwarfare/structure/template/build/StructureBuilder.java,19,net.minecraft.world.level.Level
src/main/java/net/shadowmage/ancientwarfare/structure/template/build/StructureBuilder.java,20,net.minecraft.world.level.biome.Biome
src/main/java/net/shadowmage/ancientwarfare/structure/template/build/StructureBuilder.java,21,net.minecraft.world.biome.BiomeDesert
src/main/java/net/shadowmage/ancientwarfare/structure/template/build/StructureBuilder.java,22,net.minecraft.world.biome.BiomeSavanna
src/main/java/net/shadowmage/ancientwarfare/structure/template/build/StructureBuilder.java,23,net.minecraft.world.biome.BiomeTaiga
src/main/java/net/shadowmage/ancientwarfare/structure/template/build/StructureBuilder.java,24,net.minecraft.world.level.chunk.LevelChunk
src/main/java/net/shadowmage/ancientwarfare/structure/template/build/StructureBuilderTicked.java,6,net.minecraft.world.level.Level
src/main/java/net/shadowmage/ancientwarfare/structure/template/build/StructureBuilderWorldGen.java,5,net.minecraft.world.level.Level
src/main/java/net/shadowmage/ancientwarfare/structure/template/build/validation/StructureValidator.java,3,net.minecraft.world.level.block.Block
src/main/java/net/shadowmage/ancientwarfare/structure/template/build/validation/StructureValidator.java,4,net.minecraft.block.material.Material
src/main/java/net/shadowmage/ancientwarfare/structure/template/build/validation/StructureValidator.java,5,net.minecraft.world.level.block.state.BlockState
src/main/java/net/shadowmage/ancientwarfare/structure/template/build/validation/StructureValidator.java,6,net.minecraft.world.level.block.Blocks
src/main/java/net/shadowmage/ancientwarfare/structure/template/build/validation/StructureValidator.java,11,net.minecraft.world.level.Level
src/main/java/net/shadowmage/ancientwarfare/structure/template/build/validation/StructureValidator.java,12,net.minecraft.world.level.biome.Biome
src/main/java/net/shadowmage/ancientwarfare/structure/template/build/validation/StructureValidatorGround.java,3,net.minecraft.world.level.block.Block
src/main/java/net/shadowmage/ancientwarfare/structure/template/build/validation/StructureValidatorGround.java,4,net.minecraft.world.level.block.state.BlockState
src/main/java/net/shadowmage/ancientwarfare/structure/template/build/validation/StructureValidatorGround.java,5,net.minecraft.world.level.block.Blocks
src/main/java/net/shadowmage/ancientwarfare/structure/template/build/validation/StructureValidatorGround.java,8,net.minecraft.world.level.Level
src/main/java/net/shadowmage/ancientwarfare/structure/template/build/validation/StructureValidatorHarbor.java,4,net.minecraft.world.level.block.Block
src/main/java/net/shadowmage/ancientwarfare/structure/template/build/validation/StructureValidatorHarbor.java,5,net.minecraft.block.material.Material
src/main/java/net/shadowmage/ancientwarfare/structure/template/build/validation/StructureValidatorHarbor.java,6,net.minecraft.world.level.block.Blocks
src/main/java/net/shadowmage/ancientwarfare/structure/template/build/validation/StructureValidatorHarbor.java,9,net.minecraft.world.level.Level
src/main/java/net/shadowmage/ancientwarfare/structure/template/build/validation/StructureValidatorIsland.java,3,net.minecraft.world.level.block.Blocks
src/main/java/net/shadowmage/ancientwarfare/structure/template/build/validation/StructureValidatorIsland.java,6,net.minecraft.world.level.Level
src/main/java/net/shadowmage/ancientwarfare/structure/template/build/validation/StructureValidatorLava.java,3,net.minecraft.world.level.block.Block
src/main/java/net/shadowmage/ancientwarfare/structure/template/build/validation/StructureValidatorLava.java,4,net.minecraft.world.level.block.state.BlockState
src/main/java/net/shadowmage/ancientwarfare/structure/template/build/validation/StructureValidatorLava.java,5,net.minecraft.world.level.block.Blocks
src/main/java/net/shadowmage/ancientwarfare/structure/template/build/validation/StructureValidatorLava.java,8,net.minecraft.world.level.Level
src/main/java/net/shadowmage/ancientwarfare/structure/template/build/validation/StructureValidatorSky.java,5,net.minecraft.world.level.Level
src/main/java/net/shadowmage/ancientwarfare/structure/template/build/validation/StructureValidatorUnderground.java,5,net.minecraft.world.level.Level
src/main/java/net/shadowmage/ancientwarfare/structure/template/build/validation/StructureValidatorUnderwater.java,3,net.minecraft.world.level.block.Blocks
src/main/java/net/shadowmage/ancientwarfare/structure/template/build/validation/StructureValidatorUnderwater.java,6,net.minecraft.world.level.Level
src/main/java/net/shadowmage/ancientwarfare/structure/template/build/validation/StructureValidatorWater.java,3,net.minecraft.world.level.block.Block
src/main/java/net/shadowmage/ancientwarfare/structure/template/build/validation/StructureValidatorWater.java,4,net.minecraft.world.level.block.Blocks
src/main/java/net/shadowmage/ancientwarfare/structure/template/build/validation/StructureValidatorWater.java,7,net.minecraft.world.level.Level
src/main/java/net/shadowmage/ancientwarfare/structure/template/build/validation/border/SmoothingMatrix.java,3,net.minecraft.world.level.block.state.BlockState
src/main/java/net/shadowmage/ancientwarfare/structure/template/build/validation/border/SmoothingMatrix.java,4,net.minecraft.world.level.block.Blocks
src/main/java/net/shadowmage/ancientwarfare/structure/template/build/validation/border/SmoothingMatrix.java,6,net.minecraft.world.level.Level
src/main/java/net/shadowmage/ancientwarfare/structure/template/build/validation/border/SmoothingMatrix.java,7,net.minecraft.world.level.biome.Biome
src/main/java/net/shadowmage/ancientwarfare/structure/template/build/validation/border/SmoothingMatrixBuilder.java,4,net.minecraft.world.level.block.Block
src/main/java/net/shadowmage/ancientwarfare/structure/template/build/validation/border/SmoothingMatrixBuilder.java,5,net.minecraft.block.material.Material
src/main/java/net/shadowmage/ancientwarfare/structure/template/build/validation/border/SmoothingMatrixBuilder.java,6,net.minecraft.world.level.block.state.BlockState
src/main/java/net/shadowmage/ancientwarfare/structure/template/build/validation/border/SmoothingMatrixBuilder.java,7,net.minecraft.world.level.block.Blocks
src/main/java/net/shadowmage/ancientwarfare/structure/template/build/validation/border/SmoothingMatrixBuilder.java,9,net.minecraft.world.level.Level
src/main/java/net/shadowmage/ancientwarfare/structure/template/build/validation/border/points/SmoothingPoint.java,3,net.minecraft.world.level.block.state.BlockState
src/main/java/net/shadowmage/ancientwarfare/structure/template/datafixes/fixers/BlockMetaToBlockStateFixer.java,4,net.minecraft.world.level.block.Block
src/main/java/net/shadowmage/ancientwarfare/structure/template/datafixes/fixers/BlockMetaToBlockStateFixer.java,5,net.minecraft.world.level.block.Blocks
src/main/java/net/shadowmage/ancientwarfare/structure/template/load/TemplateLoader.java,4,net.minecraft.world.level.biome.Biome
src/main/java/net/shadowmage/ancientwarfare/structure/template/plugin/defaultplugins/StructurePluginVanillaHandler.java,3,net.minecraft.world.level.block.Blocks
src/main/java/net/shadowmage/ancientwarfare/structure/template/plugin/defaultplugins/blockrules/RuleWorld.java,3,net.minecraft.world.level.block.state.BlockState
src/main/java/net/shadowmage/ancientwarfare/structure/template/plugin/defaultplugins/blockrules/RuleWorld.java,5,net.minecraft.world.DimensionType
src/main/java/net/shadowmage/ancientwarfare/structure/template/plugin/defaultplugins/blockrules/RuleWorld.java,6,net.minecraft.world.level.Level
src/main/java/net/shadowmage/ancientwarfare/structure/template/plugin/defaultplugins/blockrules/RuleWorld.java,7,net.minecraft.world.WorldProvider
src/main/java/net/shadowmage/ancientwarfare/structure/template/plugin/defaultplugins/blockrules/RuleWorld.java,8,net.minecraft.world.chunk.IChunkProvider
src/main/java/net/shadowmage/ancientwarfare/structure/template/plugin/defaultplugins/blockrules/RuleWorld.java,9,net.minecraft.world.storage.WorldInfo
src/main/java/net/shadowmage/ancientwarfare/structure/template/plugin/defaultplugins/blockrules/TemplateRuleBanner.java,3,net.minecraft.world.level.block.state.BlockState
src/main/java/net/shadowmage/ancientwarfare/structure/template/plugin/defaultplugins/blockrules/TemplateRuleBanner.java,4,net.minecraft.world.level.block.Blocks
src/main/java/net/shadowmage/ancientwarfare/structure/template/plugin/defaultplugins/blockrules/TemplateRuleBanner.java,5,net.minecraft.item.EnumDyeColor
src/main/java/net/shadowmage/ancientwarfare/structure/template/plugin/defaultplugins/blockrules/TemplateRuleBanner.java,6,net.minecraft.item.ItemBanner
src/main/java/net/shadowmage/ancientwarfare/structure/template/plugin/defaultplugins/blockrules/TemplateRuleBanner.java,7,net.minecraft.world.item.ItemStack
src/main/java/net/shadowmage/ancientwarfare/structure/template/plugin/defaultplugins/blockrules/TemplateRuleBanner.java,9,net.minecraft.world.level.block.Rotation
src/main/java/net/shadowmage/ancientwarfare/structure/template/plugin/defaultplugins/blockrules/TemplateRuleBanner.java,11,net.minecraft.world.level.Level
src/main/java/net/shadowmage/ancientwarfare/structure/template/plugin/defaultplugins/blockrules/TemplateRuleBed.java,3,net.minecraft.block.BlockBed
src/main/java/net/shadowmage/ancientwarfare/structure/template/plugin/defaultplugins/blockrules/TemplateRuleBed.java,4,net.minecraft.world.level.block.state.BlockState
src/main/java/net/shadowmage/ancientwarfare/structure/template/plugin/defaultplugins/blockrules/TemplateRuleBed.java,5,net.minecraft.world.item.Items
src/main/java/net/shadowmage/ancientwarfare/structure/template/plugin/defaultplugins/blockrules/TemplateRuleBed.java,6,net.minecraft.item.EnumDyeColor
src/main/java/net/shadowmage/ancientwarfare/structure/template/plugin/defaultplugins/blockrules/TemplateRuleBed.java,7,net.minecraft.world.item.ItemStack
src/main/java/net/shadowmage/ancientwarfare/structure/template/plugin/defaultplugins/blockrules/TemplateRuleBed.java,9,net.minecraft.world.level.block.entity.BlockEntity
src/main/java/net/shadowmage/ancientwarfare/structure/template/plugin/defaultplugins/blockrules/TemplateRuleBed.java,10,net.minecraft.tileentity.TileEntityBed
src/main/java/net/shadowmage/ancientwarfare/structure/template/plugin/defaultplugins/blockrules/TemplateRuleBed.java,13,net.minecraft.world.level.Level
src/main/java/net/shadowmage/ancientwarfare/structure/template/plugin/defaultplugins/blockrules/TemplateRuleBlockDoors.java,3,net.minecraft.block.BlockDoor
src/main/java/net/shadowmage/ancientwarfare/structure/template/plugin/defaultplugins/blockrules/TemplateRuleBlockDoors.java,4,net.minecraft.world.level.block.state.BlockState
src/main/java/net/shadowmage/ancientwarfare/structure/template/plugin/defaultplugins/blockrules/TemplateRuleBlockDoors.java,5,net.minecraft.world.item.ItemStack
src/main/java/net/shadowmage/ancientwarfare/structure/template/plugin/defaultplugins/blockrules/TemplateRuleBlockDoors.java,7,net.minecraft.world.level.Level
src/main/java/net/shadowmage/ancientwarfare/structure/template/plugin/defaultplugins/blockrules/TemplateRuleBlockInventory.java,3,net.minecraft.world.level.block.state.BlockState
src/main/java/net/shadowmage/ancientwarfare/structure/template/plugin/defaultplugins/blockrules/TemplateRuleBlockInventory.java,4,net.minecraft.world.item.Items
src/main/java/net/shadowmage/ancientwarfare/structure/template/plugin/defaultplugins/blockrules/TemplateRuleBlockInventory.java,5,net.minecraft.world.item.ItemStack
src/main/java/net/shadowmage/ancientwarfare/structure/template/plugin/defaultplugins/blockrules/TemplateRuleBlockInventory.java,8,net.minecraft.world.level.block.entity.BlockEntity
src/main/java/net/shadowmage/ancientwarfare/structure/template/plugin/defaultplugins/blockrules/TemplateRuleBlockInventory.java,9,net.minecraft.world.level.block.entity.ChestBlockEntity
src/main/java/net/shadowmage/ancientwarfare/structure/template/plugin/defaultplugins/blockrules/TemplateRuleBlockInventory.java,13,net.minecraft.world.level.Level
src/main/java/net/shadowmage/ancientwarfare/structure/template/plugin/defaultplugins/blockrules/TemplateRuleBlockSign.java,3,net.minecraft.block.BlockStandingSign
src/main/java/net/shadowmage/ancientwarfare/structure/template/plugin/defaultplugins/blockrules/TemplateRuleBlockSign.java,4,net.minecraft.world.level.block.state.BlockState
src/main/java/net/shadowmage/ancientwarfare/structure/template/plugin/defaultplugins/blockrules/TemplateRuleBlockSign.java,5,net.minecraft.world.level.block.Blocks
src/main/java/net/shadowmage/ancientwarfare/structure/template/plugin/defaultplugins/blockrules/TemplateRuleBlockSign.java,7,net.minecraft.world.level.block.entity.BlockEntity
src/main/java/net/shadowmage/ancientwarfare/structure/template/plugin/defaultplugins/blockrules/TemplateRuleBlockSign.java,8,net.minecraft.tileentity.TileEntitySign
src/main/java/net/shadowmage/ancientwarfare/structure/template/plugin/defaultplugins/blockrules/TemplateRuleBlockSign.java,11,net.minecraft.util.text.ITextComponent
src/main/java/net/shadowmage/ancientwarfare/structure/template/plugin/defaultplugins/blockrules/TemplateRuleBlockSign.java,12,net.minecraft.util.text.TextComponentString
src/main/java/net/shadowmage/ancientwarfare/structure/template/plugin/defaultplugins/blockrules/TemplateRuleBlockSign.java,13,net.minecraft.world.level.Level
src/main/java/net/shadowmage/ancientwarfare/structure/template/plugin/defaultplugins/blockrules/TemplateRuleBlockTile.java,3,net.minecraft.world.level.block.state.BlockState
src/main/java/net/shadowmage/ancientwarfare/structure/template/plugin/defaultplugins/blockrules/TemplateRuleBlockTile.java,4,net.minecraft.client.renderer.tileentity.TileEntityRendererDispatcher
src/main/java/net/shadowmage/ancientwarfare/structure/template/plugin/defaultplugins/blockrules/TemplateRuleBlockTile.java,6,net.minecraft.world.level.block.entity.BlockEntity
src/main/java/net/shadowmage/ancientwarfare/structure/template/plugin/defaultplugins/blockrules/TemplateRuleBlockTile.java,12,net.minecraft.world.level.Level
src/main/java/net/shadowmage/ancientwarfare/structure/template/plugin/defaultplugins/blockrules/TemplateRuleBlockTile.java,13,net.minecraftforge.fml.relauncher.ReflectionHelper
src/main/java/net/shadowmage/ancientwarfare/structure/template/plugin/defaultplugins/blockrules/TemplateRuleCoffin.java,3,net.minecraft.world.level.block.state.BlockState
src/main/java/net/shadowmage/ancientwarfare/structure/template/plugin/defaultplugins/blockrules/TemplateRuleCoffin.java,5,net.minecraft.world.level.Level
src/main/java/net/shadowmage/ancientwarfare/structure/template/plugin/defaultplugins/blockrules/TemplateRuleFlag.java,3,net.minecraft.world.level.block.state.BlockState
src/main/java/net/shadowmage/ancientwarfare/structure/template/plugin/defaultplugins/blockrules/TemplateRuleFlag.java,5,net.minecraft.world.level.Level
src/main/java/net/shadowmage/ancientwarfare/structure/template/plugin/defaultplugins/blockrules/TemplateRuleFlowerPot.java,3,net.minecraft.world.level.block.state.BlockState
src/main/java/net/shadowmage/ancientwarfare/structure/template/plugin/defaultplugins/blockrules/TemplateRuleFlowerPot.java,4,net.minecraft.world.item.Items
src/main/java/net/shadowmage/ancientwarfare/structure/template/plugin/defaultplugins/blockrules/TemplateRuleFlowerPot.java,5,net.minecraft.world.item.Item
src/main/java/net/shadowmage/ancientwarfare/structure/template/plugin/defaultplugins/blockrules/TemplateRuleFlowerPot.java,6,net.minecraft.world.item.ItemStack
src/main/java/net/shadowmage/ancientwarfare/structure/template/plugin/defaultplugins/blockrules/TemplateRuleFlowerPot.java,8,net.minecraft.world.level.block.entity.BlockEntity
src/main/java/net/shadowmage/ancientwarfare/structure/template/plugin/defaultplugins/blockrules/TemplateRuleFlowerPot.java,9,net.minecraft.tileentity.TileEntityFlowerPot
src/main/java/net/shadowmage/ancientwarfare/structure/template/plugin/defaultplugins/blockrules/TemplateRuleFlowerPot.java,12,net.minecraft.world.level.Level
src/main/java/net/shadowmage/ancientwarfare/structure/template/plugin/defaultplugins/blockrules/TemplateRuleFluid.java,3,net.minecraft.world.level.block.state.BlockState
src/main/java/net/shadowmage/ancientwarfare/structure/template/plugin/defaultplugins/blockrules/TemplateRuleFluid.java,5,net.minecraft.world.level.Level
src/main/java/net/shadowmage/ancientwarfare/structure/template/plugin/defaultplugins/blockrules/TemplateRuleMulti.java,3,net.minecraft.world.level.block.state.BlockState
src/main/java/net/shadowmage/ancientwarfare/structure/template/plugin/defaultplugins/blockrules/TemplateRuleMulti.java,5,net.minecraft.world.level.block.entity.BlockEntity
src/main/java/net/shadowmage/ancientwarfare/structure/template/plugin/defaultplugins/blockrules/TemplateRuleMulti.java,7,net.minecraft.world.level.Level
src/main/java/net/shadowmage/ancientwarfare/structure/template/plugin/defaultplugins/blockrules/TemplateRuleRotatable.java,3,net.minecraft.world.level.block.state.BlockState
src/main/java/net/shadowmage/ancientwarfare/structure/template/plugin/defaultplugins/blockrules/TemplateRuleRotatable.java,5,net.minecraft.world.level.block.entity.BlockEntity
src/main/java/net/shadowmage/ancientwarfare/structure/template/plugin/defaultplugins/blockrules/TemplateRuleRotatable.java,8,net.minecraft.world.level.Level
src/main/java/net/shadowmage/ancientwarfare/structure/template/plugin/defaultplugins/blockrules/TemplateRuleShulkerBox.java,3,net.minecraft.world.level.block.state.BlockState
src/main/java/net/shadowmage/ancientwarfare/structure/template/plugin/defaultplugins/blockrules/TemplateRuleShulkerBox.java,4,net.minecraft.world.item.Item
src/main/java/net/shadowmage/ancientwarfare/structure/template/plugin/defaultplugins/blockrules/TemplateRuleShulkerBox.java,5,net.minecraft.world.item.ItemStack
src/main/java/net/shadowmage/ancientwarfare/structure/template/plugin/defaultplugins/blockrules/TemplateRuleShulkerBox.java,7,net.minecraft.world.level.Level
src/main/java/net/shadowmage/ancientwarfare/structure/template/plugin/defaultplugins/blockrules/TemplateRuleStructureBuilder.java,3,net.minecraft.world.level.block.state.BlockState
src/main/java/net/shadowmage/ancientwarfare/structure/template/plugin/defaultplugins/blockrules/TemplateRuleStructureBuilder.java,4,net.minecraft.world.item.ItemStack
src/main/java/net/shadowmage/ancientwarfare/structure/template/plugin/defaultplugins/blockrules/TemplateRuleStructureBuilder.java,9,net.minecraft.world.level.Level
src/main/java/net/shadowmage/ancientwarfare/structure/template/plugin/defaultplugins/blockrules/TemplateRuleTorqueMultiblock.java,3,net.minecraft.world.level.block.state.BlockState
src/main/java/net/shadowmage/ancientwarfare/structure/template/plugin/defaultplugins/blockrules/TemplateRuleTorqueMultiblock.java,6,net.minecraft.world.level.Level
src/main/java/net/shadowmage/ancientwarfare/structure/template/plugin/defaultplugins/blockrules/TemplateRuleTotemPart.java,3,net.minecraft.world.level.block.state.BlockState
src/main/java/net/shadowmage/ancientwarfare/structure/template/plugin/defaultplugins/blockrules/TemplateRuleTotemPart.java,5,net.minecraft.world.level.block.entity.BlockEntity
src/main/java/net/shadowmage/ancientwarfare/structure/template/plugin/defaultplugins/blockrules/TemplateRuleTotemPart.java,7,net.minecraft.world.level.Level
src/main/java/net/shadowmage/ancientwarfare/structure/template/plugin/defaultplugins/blockrules/TemplateRuleVanillaBlocks.java,3,net.minecraft.world.level.block.state.BlockState
src/main/java/net/shadowmage/ancientwarfare/structure/template/plugin/defaultplugins/blockrules/TemplateRuleVanillaBlocks.java,6,net.minecraft.world.level.Level
src/main/java/net/shadowmage/ancientwarfare/structure/template/plugin/defaultplugins/blockrules/TemplateRuleVanillaSkull.java,3,net.minecraft.world.level.block.state.BlockState
src/main/java/net/shadowmage/ancientwarfare/structure/template/plugin/defaultplugins/blockrules/TemplateRuleVanillaSkull.java,4,net.minecraft.world.item.Items
src/main/java/net/shadowmage/ancientwarfare/structure/template/plugin/defaultplugins/blockrules/TemplateRuleVanillaSkull.java,5,net.minecraft.world.item.ItemStack
src/main/java/net/shadowmage/ancientwarfare/structure/template/plugin/defaultplugins/blockrules/TemplateRuleVanillaSkull.java,7,net.minecraft.world.level.block.entity.BlockEntity
src/main/java/net/shadowmage/ancientwarfare/structure/template/plugin/defaultplugins/blockrules/TemplateRuleVanillaSkull.java,8,net.minecraft.tileentity.TileEntitySkull
src/main/java/net/shadowmage/ancientwarfare/structure/template/plugin/defaultplugins/blockrules/TemplateRuleVanillaSkull.java,9,net.minecraft.world.level.block.Rotation
src/main/java/net/shadowmage/ancientwarfare/structure/template/plugin/defaultplugins/blockrules/TemplateRuleVanillaSkull.java,12,net.minecraft.world.level.Level
src/main/java/net/shadowmage/ancientwarfare/structure/template/plugin/defaultplugins/blockrules/TemplateRuleVanillaSpawner.java,3,net.minecraft.world.level.block.state.BlockState
src/main/java/net/shadowmage/ancientwarfare/structure/template/plugin/defaultplugins/blockrules/TemplateRuleVanillaSpawner.java,8,net.minecraft.tileentity.TileEntityMobSpawner
src/main/java/net/shadowmage/ancientwarfare/structure/template/plugin/defaultplugins/blockrules/TemplateRuleVanillaSpawner.java,10,net.minecraft.world.level.Level
src/main/java/net/shadowmage/ancientwarfare/structure/template/plugin/defaultplugins/blockrules/TemplateRuleVine.java,3,net.minecraft.world.level.block.state.properties.BooleanProperty
src/main/java/net/shadowmage/ancientwarfare/structure/template/plugin/defaultplugins/blockrules/TemplateRuleVine.java,4,net.minecraft.world.level.block.state.BlockState
src/main/java/net/shadowmage/ancientwarfare/structure/template/plugin/defaultplugins/blockrules/TemplateRuleVine.java,6,net.minecraft.world.level.Level
src/main/java/net/shadowmage/ancientwarfare/structure/template/plugin/defaultplugins/entityrules/TemplateRuleEntity.java,3,net.minecraft.world.entity.Entity
src/main/java/net/shadowmage/ancientwarfare/structure/template/plugin/defaultplugins/entityrules/TemplateRuleEntity.java,4,net.minecraft.entity.EntityList
src/main/java/net/shadowmage/ancientwarfare/structure/template/plugin/defaultplugins/entityrules/TemplateRuleEntity.java,5,net.minecraft.world.entity.LivingEntity
src/main/java/net/shadowmage/ancientwarfare/structure/template/plugin/defaultplugins/entityrules/TemplateRuleEntity.java,6,net.minecraft.entity.monster.IMob
src/main/java/net/shadowmage/ancientwarfare/structure/template/plugin/defaultplugins/entityrules/TemplateRuleEntity.java,7,net.minecraft.world.item.ItemStack
src/main/java/net/shadowmage/ancientwarfare/structure/template/plugin/defaultplugins/entityrules/TemplateRuleEntity.java,13,net.minecraft.world.level.Level
src/main/java/net/shadowmage/ancientwarfare/structure/template/plugin/defaultplugins/entityrules/TemplateRuleEntityHanging.java,3,net.minecraft.entity.EntityHanging
src/main/java/net/shadowmage/ancientwarfare/structure/template/plugin/defaultplugins/entityrules/TemplateRuleEntityHanging.java,7,net.minecraft.world.level.Level
src/main/java/net/shadowmage/ancientwarfare/structure/template/plugin/defaultplugins/entityrules/TemplateRuleEntityNpc.java,3,net.minecraft.world.entity.Entity
src/main/java/net/shadowmage/ancientwarfare/structure/template/plugin/defaultplugins/entityrules/TemplateRuleEntityNpc.java,5,net.minecraft.world.level.Level
src/main/java/net/shadowmage/ancientwarfare/structure/template/plugin/defaultplugins/entityrules/TemplateRuleGates.java,4,net.minecraft.world.entity.Entity
src/main/java/net/shadowmage/ancientwarfare/structure/template/plugin/defaultplugins/entityrules/TemplateRuleGates.java,5,net.minecraft.world.item.ItemStack
src/main/java/net/shadowmage/ancientwarfare/structure/template/plugin/defaultplugins/entityrules/TemplateRuleGates.java,9,net.minecraft.world.level.Level
src/main/java/net/shadowmage/ancientwarfare/structure/template/plugin/defaultplugins/entityrules/TemplateRuleVehicle.java,3,net.minecraft.world.entity.Entity
src/main/java/net/shadowmage/ancientwarfare/structure/template/plugin/defaultplugins/entityrules/TemplateRuleVehicle.java,6,net.minecraft.world.level.Level
src/main/java/net/shadowmage/ancientwarfare/structure/template/scan/TemplateScanner.java,3,net.minecraft.world.level.block.Block
src/main/java/net/shadowmage/ancientwarfare/structure/template/scan/TemplateScanner.java,4,net.minecraft.world.level.block.state.BlockState
src/main/java/net/shadowmage/ancientwarfare/structure/template/scan/TemplateScanner.java,5,net.minecraft.world.entity.Entity
src/main/java/net/shadowmage/ancientwarfare/structure/template/scan/TemplateScanner.java,7,net.minecraft.world.phys.AABB
src/main/java/net/shadowmage/ancientwarfare/structure/template/scan/TemplateScanner.java,11,net.minecraft.world.level.Level
src/main/java/net/shadowmage/ancientwarfare/structure/tile/EntityStatueInfo.java,3,net.minecraft.world.entity.Entity
src/main/java/net/shadowmage/ancientwarfare/structure/tile/EntityStatueInfo.java,7,net.minecraft.world.level.Level
src/main/java/net/shadowmage/ancientwarfare/structure/tile/EntityStatueInfo.java,10,net.minecraftforge.fml.common.registry.EntityEntry
src/main/java/net/shadowmage/ancientwarfare/structure/tile/LootSettings.java,5,net.minecraft.world.effect.MobEffectInstance
src/main/java/net/shadowmage/ancientwarfare/structure/tile/ScannerTracker.java,3,net.minecraft.world.entity.player.Player
src/main/java/net/shadowmage/ancientwarfare/structure/tile/ScannerTracker.java,4,net.minecraft.world.item.ItemStack
src/main/java/net/shadowmage/ancientwarfare/structure/tile/ScannerTracker.java,7,net.minecraft.util.text.TextComponentString
src/main/java/net/shadowmage/ancientwarfare/structure/tile/SpawnerSettings.java,4,net.minecraft.world.entity.Entity
src/main/java/net/shadowmage/ancientwarfare/structure/tile/SpawnerSettings.java,5,net.minecraft.world.entity.AgeableMob
src/main/java/net/shadowmage/ancientwarfare/structure/tile/SpawnerSettings.java,6,net.minecraft.entity.EntityList
src/main/java/net/shadowmage/ancientwarfare/structure/tile/SpawnerSettings.java,7,net.minecraft.world.entity.Mob
src/main/java/net/shadowmage/ancientwarfare/structure/tile/SpawnerSettings.java,8,net.minecraft.world.entity.LivingEntity
src/main/java/net/shadowmage/ancientwarfare/structure/tile/SpawnerSettings.java,9,net.minecraft.world.entity.player.Player
src/main/java/net/shadowmage/ancientwarfare/structure/tile/SpawnerSettings.java,13,net.minecraft.world.phys.AABB
src/main/java/net/shadowmage/ancientwarfare/structure/tile/SpawnerSettings.java,15,net.minecraft.world.phys.Vec3
src/main/java/net/shadowmage/ancientwarfare/structure/tile/SpawnerSettings.java,16,net.minecraft.world.level.Level
src/main/java/net/shadowmage/ancientwarfare/structure/tile/SpawnerSettings.java,19,net.minecraftforge.fml.common.registry.EntityEntry
src/main/java/net/shadowmage/ancientwarfare/structure/tile/SpawnerSettings.java,20,net.minecraftforge.fml.common.registry.EntityRegistry
src/main/java/net/shadowmage/ancientwarfare/structure/tile/TEGateProxy.java,3,net.minecraft.world.entity.Entity
src/main/java/net/shadowmage/ancientwarfare/structure/tile/TEGateProxy.java,6,net.minecraft.world.phys.AABB
src/main/java/net/shadowmage/ancientwarfare/structure/tile/TileAdvancedLootChest.java,3,net.minecraft.world.entity.player.Player
src/main/java/net/shadowmage/ancientwarfare/structure/tile/TileAdvancedLootChest.java,4,net.minecraft.world.item.ItemStack
src/main/java/net/shadowmage/ancientwarfare/structure/tile/TileAdvancedLootChest.java,8,net.minecraft.world.level.block.entity.ChestBlockEntity
src/main/java/net/shadowmage/ancientwarfare/structure/tile/TileAdvancedLootChest.java,9,net.minecraft.world.phys.AABB
src/main/java/net/shadowmage/ancientwarfare/structure/tile/TileAdvancedSpawner.java,3,net.minecraft.world.level.block.state.BlockState
src/main/java/net/shadowmage/ancientwarfare/structure/tile/TileAdvancedSpawner.java,4,net.minecraft.world.entity.ExperienceOrb
src/main/java/net/shadowmage/ancientwarfare/structure/tile/TileAdvancedSpawner.java,8,net.minecraft.world.level.Level
src/main/java/net/shadowmage/ancientwarfare/structure/tile/TileAltarCandle.java,3,net.minecraft.world.item.ItemStack
src/main/java/net/shadowmage/ancientwarfare/structure/tile/TileChair.java,4,net.minecraft.world.level.block.state.BlockState
src/main/java/net/shadowmage/ancientwarfare/structure/tile/TileChair.java,8,net.minecraft.world.level.Level
src/main/java/net/shadowmage/ancientwarfare/structure/tile/TileCoffin.java,3,net.minecraft.world.level.block.state.BlockState
src/main/java/net/shadowmage/ancientwarfare/structure/tile/TileCoffin.java,4,net.minecraft.world.entity.player.Player
src/main/java/net/shadowmage/ancientwarfare/structure/tile/TileCoffin.java,9,net.minecraft.world.level.Level
src/main/java/net/shadowmage/ancientwarfare/structure/tile/TileColored.java,3,net.minecraft.item.EnumDyeColor
src/main/java/net/shadowmage/ancientwarfare/structure/tile/TileColored.java,4,net.minecraft.world.item.ItemStack
src/main/java/net/shadowmage/ancientwarfare/structure/tile/TileDecorativeFlag.java,3,net.minecraft.world.item.ItemStack
src/main/java/net/shadowmage/ancientwarfare/structure/tile/TileDraftingStation.java,3,net.minecraft.world.level.block.state.BlockState
src/main/java/net/shadowmage/ancientwarfare/structure/tile/TileDraftingStation.java,4,net.minecraft.world.item.ItemStack
src/main/java/net/shadowmage/ancientwarfare/structure/tile/TileDraftingStation.java,7,net.minecraft.world.level.block.entity.BlockEntity
src/main/java/net/shadowmage/ancientwarfare/structure/tile/TileFlag.java,4,net.minecraft.world.item.ItemStack
src/main/java/net/shadowmage/ancientwarfare/structure/tile/TileFlag.java,6,net.minecraft.world.phys.AABB
src/main/java/net/shadowmage/ancientwarfare/structure/tile/TileGravestone.java,3,net.minecraft.world.level.block.state.BlockState
src/main/java/net/shadowmage/ancientwarfare/structure/tile/TileGravestone.java,4,net.minecraft.world.entity.player.Player
src/main/java/net/shadowmage/ancientwarfare/structure/tile/TileLootBasket.java,3,net.minecraft.world.level.block.state.BlockState
src/main/java/net/shadowmage/ancientwarfare/structure/tile/TileMulti.java,3,net.minecraft.world.level.block.state.BlockState
src/main/java/net/shadowmage/ancientwarfare/structure/tile/TileMulti.java,4,net.minecraft.world.level.block.Blocks
src/main/java/net/shadowmage/ancientwarfare/structure/tile/TileMulti.java,8,net.minecraft.world.level.Level
src/main/java/net/shadowmage/ancientwarfare/structure/tile/TileProtectionFlag.java,4,net.minecraft.world.entity.player.Player
src/main/java/net/shadowmage/ancientwarfare/structure/tile/TileProtectionFlag.java,5,net.minecraft.world.item.ItemStack
src/main/java/net/shadowmage/ancientwarfare/structure/tile/TileProtectionFlag.java,9,net.minecraft.world.phys.AABB
src/main/java/net/shadowmage/ancientwarfare/structure/tile/TileProtectionFlag.java,11,net.minecraft.util.text.TextComponentTranslation
src/main/java/net/shadowmage/ancientwarfare/structure/tile/TileSoundBlock.java,3,net.minecraft.world.level.block.Block
src/main/java/net/shadowmage/ancientwarfare/structure/tile/TileSoundBlock.java,4,net.minecraft.world.level.block.state.BlockState
src/main/java/net/shadowmage/ancientwarfare/structure/tile/TileSoundBlock.java,5,net.minecraft.world.item.ItemStack
src/main/java/net/shadowmage/ancientwarfare/structure/tile/TileStake.java,3,net.minecraft.world.entity.Entity
src/main/java/net/shadowmage/ancientwarfare/structure/tile/TileStake.java,6,net.minecraft.world.phys.AABB
src/main/java/net/shadowmage/ancientwarfare/structure/tile/TileStatue.java,4,net.minecraft.world.level.block.entity.BlockEntity
src/main/java/net/shadowmage/ancientwarfare/structure/tile/TileStatue.java,6,net.minecraft.world.phys.AABB
src/main/java/net/shadowmage/ancientwarfare/structure/tile/TileStoneCoffin.java,5,net.minecraft.world.level.block.state.BlockState
src/main/java/net/shadowmage/ancientwarfare/structure/tile/TileStoneCoffin.java,9,net.minecraft.world.phys.AABB
src/main/java/net/shadowmage/ancientwarfare/structure/tile/TileStructureBuilder.java,3,net.minecraft.world.level.block.state.BlockState
src/main/java/net/shadowmage/ancientwarfare/structure/tile/TileStructureBuilder.java,4,net.minecraft.world.entity.player.Player
src/main/java/net/shadowmage/ancientwarfare/structure/tile/TileStructureBuilder.java,9,net.minecraft.world.phys.AABB
src/main/java/net/shadowmage/ancientwarfare/structure/tile/TileStructureBuilder.java,11,net.minecraft.util.text.TextComponentTranslation
src/main/java/net/shadowmage/ancientwarfare/structure/tile/TileStructureScanner.java,3,net.minecraft.world.level.block.state.BlockState
src/main/java/net/shadowmage/ancientwarfare/structure/tile/TileStructureScanner.java,4,net.minecraft.world.entity.Entity
src/main/java/net/shadowmage/ancientwarfare/structure/tile/TileStructureScanner.java,5,net.minecraft.world.entity.item.ItemEntity
src/main/java/net/shadowmage/ancientwarfare/structure/tile/TileStructureScanner.java,6,net.minecraft.world.item.ItemStack
src/main/java/net/shadowmage/ancientwarfare/structure/tile/TileStructureScanner.java,9,net.minecraft.world.phys.AABB
src/main/java/net/shadowmage/ancientwarfare/structure/tile/TileTotemPart.java,3,net.minecraft.world.level.block.state.BlockState
src/main/java/net/shadowmage/ancientwarfare/structure/tile/TileUrn.java,3,net.minecraft.world.level.block.state.BlockState
src/main/java/net/shadowmage/ancientwarfare/structure/tile/TileWoodenCoffin.java,4,net.minecraft.world.level.block.state.BlockState
src/main/java/net/shadowmage/ancientwarfare/structure/tile/TileWoodenCoffin.java,8,net.minecraft.world.phys.AABB
src/main/java/net/shadowmage/ancientwarfare/structure/tile/TileWoodenCoffin.java,11,net.minecraft.world.level.Level
src/main/java/net/shadowmage/ancientwarfare/structure/town/TownGenerator.java,3,net.minecraft.world.level.block.state.BlockState
src/main/java/net/shadowmage/ancientwarfare/structure/town/TownGenerator.java,4,net.minecraft.world.entity.npc.Villager
src/main/java/net/shadowmage/ancientwarfare/structure/town/TownGenerator.java,5,net.minecraft.world.level.block.Blocks
src/main/java/net/shadowmage/ancientwarfare/structure/town/TownGenerator.java,8,net.minecraft.world.level.Level
src/main/java/net/shadowmage/ancientwarfare/structure/town/TownGenerator.java,9,net.minecraft.world.level.biome.Biome
src/main/java/net/shadowmage/ancientwarfare/structure/town/TownGeneratorBorders.java,3,net.minecraft.block.material.Material
src/main/java/net/shadowmage/ancientwarfare/structure/town/TownGeneratorBorders.java,4,net.minecraft.world.level.block.state.BlockState
src/main/java/net/shadowmage/ancientwarfare/structure/town/TownGeneratorBorders.java,5,net.minecraft.world.level.block.Blocks
src/main/java/net/shadowmage/ancientwarfare/structure/town/TownGeneratorBorders.java,7,net.minecraft.world.level.Level
src/main/java/net/shadowmage/ancientwarfare/structure/town/TownGeneratorBorders.java,8,net.minecraft.world.level.biome.Biome
src/main/java/net/shadowmage/ancientwarfare/structure/town/TownGeneratorStructures.java,5,net.minecraft.world.level.Level
src/main/java/net/shadowmage/ancientwarfare/structure/town/TownGeneratorWalls.java,5,net.minecraft.world.level.Level
src/main/java/net/shadowmage/ancientwarfare/structure/town/TownPlacementValidator.java,3,net.minecraft.world.level.block.Block
src/main/java/net/shadowmage/ancientwarfare/structure/town/TownPlacementValidator.java,4,net.minecraft.world.level.block.state.BlockState
src/main/java/net/shadowmage/ancientwarfare/structure/town/TownPlacementValidator.java,6,net.minecraft.world.level.Level
src/main/java/net/shadowmage/ancientwarfare/structure/town/TownPlacementValidator.java,7,net.minecraft.world.level.chunk.LevelChunk
src/main/java/net/shadowmage/ancientwarfare/structure/town/TownTemplate.java,3,net.minecraft.world.level.block.state.BlockState
src/main/java/net/shadowmage/ancientwarfare/structure/town/TownTemplateManager.java,5,net.minecraft.world.level.Level
src/main/java/net/shadowmage/ancientwarfare/structure/town/TownTemplateManager.java,6,net.minecraft.world.level.biome.Biome
src/main/java/net/shadowmage/ancientwarfare/structure/town/TownTemplateParser.java,6,net.minecraft.world.level.block.Blocks
src/main/java/net/shadowmage/ancientwarfare/structure/town/WorldTownGenerator.java,4,net.minecraft.world.level.Level
src/main/java/net/shadowmage/ancientwarfare/structure/town/WorldTownGenerator.java,5,net.minecraft.world.chunk.IChunkProvider
src/main/java/net/shadowmage/ancientwarfare/structure/town/WorldTownGenerator.java,6,net.minecraft.world.gen.IChunkGenerator
src/main/java/net/shadowmage/ancientwarfare/structure/util/BlockSongPlayData.java,4,net.minecraft.world.level.Level
src/main/java/net/shadowmage/ancientwarfare/structure/util/BlockStateProperties.java,3,net.minecraft.world.level.block.state.properties.EnumProperty
src/main/java/net/shadowmage/ancientwarfare/structure/util/CapabilityRespawnData.java,3,net.minecraft.world.entity.Entity
src/main/java/net/shadowmage/ancientwarfare/structure/util/CapabilityRespawnData.java,4,net.minecraft.world.entity.LivingEntity
src/main/java/net/shadowmage/ancientwarfare/structure/util/ConquerHelper.java,5,net.minecraft.world.entity.player.Player
src/main/java/net/shadowmage/ancientwarfare/structure/util/ConquerHelper.java,7,net.minecraft.world.effect.MobEffects
src/main/java/net/shadowmage/ancientwarfare/structure/util/ConquerHelper.java,8,net.minecraft.world.effect.MobEffectInstance
src/main/java/net/shadowmage/ancientwarfare/structure/util/ConquerHelper.java,9,net.minecraft.world.phys.AABB
src/main/java/net/shadowmage/ancientwarfare/structure/util/ConquerHelper.java,11,net.minecraft.util.text.TextComponentTranslation
src/main/java/net/shadowmage/ancientwarfare/structure/util/ConquerHelper.java,12,net.minecraft.world.level.Level
src/main/java/net/shadowmage/ancientwarfare/structure/util/LootHelper.java,3,net.minecraft.world.entity.player.Player
src/main/java/net/shadowmage/ancientwarfare/structure/util/LootHelper.java,4,net.minecraft.entity.projectile.EntityPotion
src/main/java/net/shadowmage/ancientwarfare/structure/util/LootHelper.java,5,net.minecraft.world.item.Items
src/main/java/net/shadowmage/ancientwarfare/structure/util/LootHelper.java,6,net.minecraft.world.item.ItemStack
src/main/java/net/shadowmage/ancientwarfare/structure/util/LootHelper.java,8,net.minecraft.world.level.block.entity.BlockEntity
src/main/java/net/shadowmage/ancientwarfare/structure/util/LootHelper.java,11,net.minecraft.world.phys.Vec3
src/main/java/net/shadowmage/ancientwarfare/structure/util/LootHelper.java,13,net.minecraft.util.text.TextComponentTranslation
src/main/java/net/shadowmage/ancientwarfare/structure/util/MultiBlockHelper.java,3,net.minecraft.world.level.block.Block
src/main/java/net/shadowmage/ancientwarfare/structure/util/MultiBlockHelper.java,4,net.minecraft.world.level.block.SoundType
src/main/java/net/shadowmage/ancientwarfare/structure/util/MultiBlockHelper.java,5,net.minecraft.world.level.block.state.BlockState
src/main/java/net/shadowmage/ancientwarfare/structure/util/MultiBlockHelper.java,6,net.minecraft.world.entity.player.Player
src/main/java/net/shadowmage/ancientwarfare/structure/util/MultiBlockHelper.java,7,net.minecraft.world.item.BlockItem
src/main/java/net/shadowmage/ancientwarfare/structure/util/MultiBlockHelper.java,8,net.minecraft.world.item.ItemStack
src/main/java/net/shadowmage/ancientwarfare/structure/util/MultiBlockHelper.java,9,net.minecraft.world.InteractionResult
src/main/java/net/shadowmage/ancientwarfare/structure/util/MultiBlockHelper.java,11,net.minecraft.world.InteractionHand
src/main/java/net/shadowmage/ancientwarfare/structure/util/MultiBlockHelper.java,14,net.minecraft.world.level.Level
src/main/java/net/shadowmage/ancientwarfare/structure/util/PotionHelper.java,3,net.minecraft.world.item.ItemStack
src/main/java/net/shadowmage/ancientwarfare/structure/util/PotionHelper.java,6,net.minecraft.world.effect.MobEffect
src/main/java/net/shadowmage/ancientwarfare/structure/util/PotionHelper.java,7,net.minecraft.world.effect.MobEffectInstance
src/main/java/net/shadowmage/ancientwarfare/structure/util/SpawnerHelper.java,4,net.minecraft.world.level.Level
src/main/java/net/shadowmage/ancientwarfare/structure/util/WoodVariantHelper.java,3,net.minecraft.world.level.block.Block
src/main/java/net/shadowmage/ancientwarfare/structure/util/WoodVariantHelper.java,4,net.minecraft.world.level.block.state.BlockState
src/main/java/net/shadowmage/ancientwarfare/structure/util/WoodVariantHelper.java,7,net.minecraft.world.item.ItemStack
src/main/java/net/shadowmage/ancientwarfare/structure/worldgen/CapabilityTerritoryData.java,7,net.minecraft.world.level.Level
src/main/java/net/shadowmage/ancientwarfare/structure/worldgen/TerritoryData.java,4,net.minecraft.world.level.ChunkPos
src/main/java/net/shadowmage/ancientwarfare/structure/worldgen/TerritoryManager.java,5,net.minecraft.world.level.ChunkPos
src/main/java/net/shadowmage/ancientwarfare/structure/worldgen/TerritoryManager.java,6,net.minecraft.world.level.Level
src/main/java/net/shadowmage/ancientwarfare/structure/worldgen/TerritoryManager.java,7,net.minecraft.world.level.biome.Biome
src/main/java/net/shadowmage/ancientwarfare/structure/worldgen/TerritoryManager.java,8,net.minecraft.world.level.chunk.LevelChunk
src/main/java/net/shadowmage/ancientwarfare/structure/worldgen/WorldGenTickHandler.java,3,net.minecraft.world.level.Level
src/main/java/net/shadowmage/ancientwarfare/structure/worldgen/WorldStructureGenerator.java,3,net.minecraft.world.level.block.Block
src/main/java/net/shadowmage/ancientwarfare/structure/worldgen/WorldStructureGenerator.java,4,net.minecraft.block.state.BlockFaceShape
src/main/java/net/shadowmage/ancientwarfare/structure/worldgen/WorldStructureGenerator.java,5,net.minecraft.world.level.block.state.BlockState
src/main/java/net/shadowmage/ancientwarfare/structure/worldgen/WorldStructureGenerator.java,6,net.minecraft.world.level.block.Blocks
src/main/java/net/shadowmage/ancientwarfare/structure/worldgen/WorldStructureGenerator.java,9,net.minecraft.world.level.Level
src/main/java/net/shadowmage/ancientwarfare/structure/worldgen/WorldStructureGenerator.java,10,net.minecraft.world.chunk.IChunkProvider
src/main/java/net/shadowmage/ancientwarfare/structure/worldgen/WorldStructureGenerator.java,11,net.minecraft.world.gen.IChunkGenerator
src/main/java/net/shadowmage/ancientwarfare/structure/worldgen/stats/WorldGenStatistics.java,4,net.minecraft.world.level.Level
src/main/java/net/shadowmage/ancientwarfare/vehicle/AWVehicleTab.java,4,net.minecraft.world.item.ItemStack
src/main/java/net/shadowmage/ancientwarfare/vehicle/AncientWarfareVehicles.java,8,net.minecraftforge.fml.common.event.FMLInitializationEvent
src/main/java/net/shadowmage/ancientwarfare/vehicle/AncientWarfareVehicles.java,9,net.minecraftforge.fml.common.event.FMLPreInitializationEvent
src/main/java/net/shadowmage/ancientwarfare/vehicle/VehicleVarHelpers/BatteringRamVarHelper.java,3,net.minecraft.world.entity.Entity
src/main/java/net/shadowmage/ancientwarfare/vehicle/VehicleVarHelpers/BatteringRamVarHelper.java,5,net.minecraft.world.phys.AABB
src/main/java/net/shadowmage/ancientwarfare/vehicle/container/ContainerVehicle.java,3,net.minecraft.world.entity.player.Player
src/main/java/net/shadowmage/ancientwarfare/vehicle/container/ContainerVehicleInventory.java,3,net.minecraft.world.entity.player.Player
src/main/java/net/shadowmage/ancientwarfare/vehicle/container/ContainerVehicleInventory.java,4,net.minecraft.world.inventory.Slot
src/main/java/net/shadowmage/ancientwarfare/vehicle/container/ContainerVehicleInventory.java,5,net.minecraft.world.item.ItemStack
src/main/java/net/shadowmage/ancientwarfare/vehicle/entity/IMissileHitCallback.java,24,net.minecraft.world.entity.Entity
src/main/java/net/shadowmage/ancientwarfare/vehicle/entity/IMissileHitCallback.java,25,net.minecraft.world.level.Level
src/main/java/net/shadowmage/ancientwarfare/vehicle/entity/IPathableEntity.java,24,net.minecraft.world.entity.Entity
src/main/java/net/shadowmage/ancientwarfare/vehicle/entity/IVehicleType.java,3,net.minecraft.world.item.ItemStack
src/main/java/net/shadowmage/ancientwarfare/vehicle/entity/VehicleBase.java,4,net.minecraft.block.material.Material
src/main/java/net/shadowmage/ancientwarfare/vehicle/entity/VehicleBase.java,5,net.minecraft.world.level.block.state.BlockState
src/main/java/net/shadowmage/ancientwarfare/vehicle/entity/VehicleBase.java,8,net.minecraft.world.entity.Entity
src/main/java/net/shadowmage/ancientwarfare/vehicle/entity/VehicleBase.java,9,net.minecraft.world.entity.LivingEntity
src/main/java/net/shadowmage/ancientwarfare/vehicle/entity/VehicleBase.java,10,net.minecraft.world.entity.player.Player
src/main/java/net/shadowmage/ancientwarfare/vehicle/entity/VehicleBase.java,12,net.minecraft.world.level.block.Blocks
src/main/java/net/shadowmage/ancientwarfare/vehicle/entity/VehicleBase.java,13,net.minecraft.world.item.ItemStack
src/main/java/net/shadowmage/ancientwarfare/vehicle/entity/VehicleBase.java,21,net.minecraft.world.InteractionHand
src/main/java/net/shadowmage/ancientwarfare/vehicle/entity/VehicleBase.java,24,net.minecraft.world.phys.AABB
src/main/java/net/shadowmage/ancientwarfare/vehicle/entity/VehicleBase.java,27,net.minecraft.world.phys.HitResult
src/main/java/net/shadowmage/ancientwarfare/vehicle/entity/VehicleBase.java,28,net.minecraft.world.phys.Vec3
src/main/java/net/shadowmage/ancientwarfare/vehicle/entity/VehicleBase.java,29,net.minecraft.util.text.TextComponentString
src/main/java/net/shadowmage/ancientwarfare/vehicle/entity/VehicleBase.java,30,net.minecraft.world.level.Level
src/main/java/net/shadowmage/ancientwarfare/vehicle/entity/types/VehicleType.java,4,net.minecraft.world.item.ItemStack
src/main/java/net/shadowmage/ancientwarfare/vehicle/entity/types/VehicleType.java,7,net.minecraft.world.level.Level
src/main/java/net/shadowmage/ancientwarfare/vehicle/entity/types/VehicleTypeBatteringRam.java,5,net.minecraft.world.phys.Vec3
src/main/java/net/shadowmage/ancientwarfare/vehicle/gui/GuiVehicleStats.java,25,net.minecraft.world.entity.player.Player
src/main/java/net/shadowmage/ancientwarfare/vehicle/gui/elements/ButtonAmmo.java,27,net.minecraft.world.item.ItemStack
src/main/java/net/shadowmage/ancientwarfare/vehicle/helpers/VehicleAmmoHelper.java,3,net.minecraft.world.item.ItemStack
src/main/java/net/shadowmage/ancientwarfare/vehicle/helpers/VehicleFiringHelper.java,27,net.minecraft.world.phys.Vec3
src/main/java/net/shadowmage/ancientwarfare/vehicle/helpers/VehicleFiringVarsHelper.java,24,net.minecraft.world.entity.player.Player
src/main/java/net/shadowmage/ancientwarfare/vehicle/helpers/VehicleMoveHelper.java,4,net.minecraft.world.level.block.Block
src/main/java/net/shadowmage/ancientwarfare/vehicle/helpers/VehicleMoveHelper.java,5,net.minecraft.block.material.Material
src/main/java/net/shadowmage/ancientwarfare/vehicle/helpers/VehicleMoveHelper.java,6,net.minecraft.world.level.block.state.BlockState
src/main/java/net/shadowmage/ancientwarfare/vehicle/helpers/VehicleMoveHelper.java,7,net.minecraft.world.entity.MoverType
src/main/java/net/shadowmage/ancientwarfare/vehicle/helpers/VehicleMoveHelper.java,8,net.minecraft.world.level.block.Blocks
src/main/java/net/shadowmage/ancientwarfare/vehicle/helpers/VehicleMoveHelper.java,10,net.minecraft.world.phys.AABB
src/main/java/net/shadowmage/ancientwarfare/vehicle/init/AWVehicleEntities.java,3,net.minecraft.world.entity.Entity
src/main/java/net/shadowmage/ancientwarfare/vehicle/init/AWVehicleItems.java,3,net.minecraft.world.item.Item
src/main/java/net/shadowmage/ancientwarfare/vehicle/init/AWVehicleSounds.java,8,net.minecraftforge.fml.common.registry.GameRegistry.ObjectHolder
src/main/java/net/shadowmage/ancientwarfare/vehicle/input/VehicleInputHandler.java,6,net.minecraft.world.entity.Entity
src/main/java/net/shadowmage/ancientwarfare/vehicle/input/VehicleInputHandler.java,7,net.minecraft.world.entity.player.Player
src/main/java/net/shadowmage/ancientwarfare/vehicle/input/VehicleInputHandler.java,9,net.minecraft.world.phys.AABB
src/main/java/net/shadowmage/ancientwarfare/vehicle/input/VehicleInputHandler.java,10,net.minecraft.world.phys.HitResult
src/main/java/net/shadowmage/ancientwarfare/vehicle/input/VehicleInputHandler.java,11,net.minecraft.world.phys.Vec3
src/main/java/net/shadowmage/ancientwarfare/vehicle/input/VehicleInputHandler.java,12,net.minecraft.util.text.TextComponentTranslation
src/main/java/net/shadowmage/ancientwarfare/vehicle/inventory/AmmoStackHandler.java,3,net.minecraft.world.item.ItemStack
src/main/java/net/shadowmage/ancientwarfare/vehicle/inventory/ArmorStackHandler.java,3,net.minecraft.world.item.ItemStack
src/main/java/net/shadowmage/ancientwarfare/vehicle/inventory/UpgradeStackHandler.java,3,net.minecraft.world.item.ItemStack
src/main/java/net/shadowmage/ancientwarfare/vehicle/inventory/VehicleInventory.java,3,net.minecraft.world.item.ItemStack
src/main/java/net/shadowmage/ancientwarfare/vehicle/item/ItemAmmo.java,5,net.minecraft.world.item.TooltipFlag
src/main/java/net/shadowmage/ancientwarfare/vehicle/item/ItemAmmo.java,6,net.minecraft.world.item.ItemStack
src/main/java/net/shadowmage/ancientwarfare/vehicle/item/ItemAmmo.java,8,net.minecraft.world.level.Level
src/main/java/net/shadowmage/ancientwarfare/vehicle/item/ItemArmor.java,5,net.minecraft.world.item.TooltipFlag
src/main/java/net/shadowmage/ancientwarfare/vehicle/item/ItemArmor.java,6,net.minecraft.world.item.ItemStack
src/main/java/net/shadowmage/ancientwarfare/vehicle/item/ItemArmor.java,8,net.minecraft.world.level.Level
src/main/java/net/shadowmage/ancientwarfare/vehicle/item/ItemMisc.java,5,net.minecraft.world.item.TooltipFlag
src/main/java/net/shadowmage/ancientwarfare/vehicle/item/ItemMisc.java,6,net.minecraft.world.item.ItemStack
src/main/java/net/shadowmage/ancientwarfare/vehicle/item/ItemMisc.java,8,net.minecraft.world.level.Level
src/main/java/net/shadowmage/ancientwarfare/vehicle/item/ItemSpawner.java,5,net.minecraft.world.item.TooltipFlag
src/main/java/net/shadowmage/ancientwarfare/vehicle/item/ItemSpawner.java,7,net.minecraft.world.entity.player.Player
src/main/java/net/shadowmage/ancientwarfare/vehicle/item/ItemSpawner.java,8,net.minecraft.world.item.ItemStack
src/main/java/net/shadowmage/ancientwarfare/vehicle/item/ItemSpawner.java,10,net.minecraft.world.InteractionResultHolder
src/main/java/net/shadowmage/ancientwarfare/vehicle/item/ItemSpawner.java,11,net.minecraft.world.InteractionResult
src/main/java/net/shadowmage/ancientwarfare/vehicle/item/ItemSpawner.java,12,net.minecraft.world.InteractionHand
src/main/java/net/shadowmage/ancientwarfare/vehicle/item/ItemSpawner.java,15,net.minecraft.world.phys.HitResult
src/main/java/net/shadowmage/ancientwarfare/vehicle/item/ItemSpawner.java,16,net.minecraft.world.phys.Vec3
src/main/java/net/shadowmage/ancientwarfare/vehicle/item/ItemSpawner.java,18,net.minecraft.world.level.Level
src/main/java/net/shadowmage/ancientwarfare/vehicle/item/ItemUpgrade.java,5,net.minecraft.world.item.TooltipFlag
src/main/java/net/shadowmage/ancientwarfare/vehicle/item/ItemUpgrade.java,6,net.minecraft.world.item.ItemStack
src/main/java/net/shadowmage/ancientwarfare/vehicle/item/ItemUpgrade.java,8,net.minecraft.world.level.Level
src/main/java/net/shadowmage/ancientwarfare/vehicle/missiles/Ammo.java,3,net.minecraft.world.entity.Entity
src/main/java/net/shadowmage/ancientwarfare/vehicle/missiles/Ammo.java,4,net.minecraft.world.entity.player.Player
src/main/java/net/shadowmage/ancientwarfare/vehicle/missiles/Ammo.java,5,net.minecraft.world.level.block.Blocks
src/main/java/net/shadowmage/ancientwarfare/vehicle/missiles/Ammo.java,9,net.minecraft.world.phys.HitResult
src/main/java/net/shadowmage/ancientwarfare/vehicle/missiles/Ammo.java,10,net.minecraft.world.phys.Vec3
src/main/java/net/shadowmage/ancientwarfare/vehicle/missiles/Ammo.java,12,net.minecraft.world.level.Level
src/main/java/net/shadowmage/ancientwarfare/vehicle/missiles/AmmoArrow.java,3,net.minecraft.world.entity.Entity
src/main/java/net/shadowmage/ancientwarfare/vehicle/missiles/AmmoArrow.java,5,net.minecraft.world.phys.HitResult
src/main/java/net/shadowmage/ancientwarfare/vehicle/missiles/AmmoArrow.java,6,net.minecraft.world.level.Level
src/main/java/net/shadowmage/ancientwarfare/vehicle/missiles/AmmoBallShot.java,3,net.minecraft.world.entity.Entity
src/main/java/net/shadowmage/ancientwarfare/vehicle/missiles/AmmoBallShot.java,5,net.minecraft.world.phys.HitResult
src/main/java/net/shadowmage/ancientwarfare/vehicle/missiles/AmmoBallShot.java,6,net.minecraft.world.level.Level
src/main/java/net/shadowmage/ancientwarfare/vehicle/missiles/AmmoBallistaBolt.java,3,net.minecraft.world.entity.Entity
src/main/java/net/shadowmage/ancientwarfare/vehicle/missiles/AmmoBallistaBolt.java,6,net.minecraft.world.phys.HitResult
src/main/java/net/shadowmage/ancientwarfare/vehicle/missiles/AmmoBallistaBolt.java,7,net.minecraft.world.level.Level
src/main/java/net/shadowmage/ancientwarfare/vehicle/missiles/AmmoBallistaBoltExplosive.java,3,net.minecraft.world.entity.Entity
src/main/java/net/shadowmage/ancientwarfare/vehicle/missiles/AmmoBallistaBoltExplosive.java,5,net.minecraft.world.phys.HitResult
src/main/java/net/shadowmage/ancientwarfare/vehicle/missiles/AmmoBallistaBoltExplosive.java,6,net.minecraft.world.phys.Vec3
src/main/java/net/shadowmage/ancientwarfare/vehicle/missiles/AmmoBallistaBoltExplosive.java,8,net.minecraft.world.level.Level
src/main/java/net/shadowmage/ancientwarfare/vehicle/missiles/AmmoBallistaBoltFlame.java,3,net.minecraft.world.entity.Entity
src/main/java/net/shadowmage/ancientwarfare/vehicle/missiles/AmmoBallistaBoltFlame.java,6,net.minecraft.world.phys.HitResult
src/main/java/net/shadowmage/ancientwarfare/vehicle/missiles/AmmoBallistaBoltFlame.java,7,net.minecraft.world.level.Level
src/main/java/net/shadowmage/ancientwarfare/vehicle/missiles/AmmoBallistaBoltIron.java,3,net.minecraft.world.entity.Entity
src/main/java/net/shadowmage/ancientwarfare/vehicle/missiles/AmmoBallistaBoltIron.java,6,net.minecraft.world.phys.HitResult
src/main/java/net/shadowmage/ancientwarfare/vehicle/missiles/AmmoBallistaBoltIron.java,7,net.minecraft.world.level.Level
src/main/java/net/shadowmage/ancientwarfare/vehicle/missiles/AmmoCanisterShot.java,3,net.minecraft.world.entity.Entity
src/main/java/net/shadowmage/ancientwarfare/vehicle/missiles/AmmoCanisterShot.java,5,net.minecraft.world.phys.HitResult
src/main/java/net/shadowmage/ancientwarfare/vehicle/missiles/AmmoCanisterShot.java,6,net.minecraft.world.level.Level
src/main/java/net/shadowmage/ancientwarfare/vehicle/missiles/AmmoClusterShot.java,3,net.minecraft.world.entity.Entity
src/main/java/net/shadowmage/ancientwarfare/vehicle/missiles/AmmoClusterShot.java,5,net.minecraft.world.phys.HitResult
src/main/java/net/shadowmage/ancientwarfare/vehicle/missiles/AmmoClusterShot.java,6,net.minecraft.world.level.Level
src/main/java/net/shadowmage/ancientwarfare/vehicle/missiles/AmmoExplosiveShot.java,3,net.minecraft.world.entity.Entity
src/main/java/net/shadowmage/ancientwarfare/vehicle/missiles/AmmoExplosiveShot.java,5,net.minecraft.world.phys.HitResult
src/main/java/net/shadowmage/ancientwarfare/vehicle/missiles/AmmoExplosiveShot.java,6,net.minecraft.world.phys.Vec3
src/main/java/net/shadowmage/ancientwarfare/vehicle/missiles/AmmoExplosiveShot.java,8,net.minecraft.world.level.Level
src/main/java/net/shadowmage/ancientwarfare/vehicle/missiles/AmmoFlameShot.java,3,net.minecraft.world.entity.Entity
src/main/java/net/shadowmage/ancientwarfare/vehicle/missiles/AmmoFlameShot.java,5,net.minecraft.world.phys.HitResult
src/main/java/net/shadowmage/ancientwarfare/vehicle/missiles/AmmoFlameShot.java,6,net.minecraft.world.level.Level
src/main/java/net/shadowmage/ancientwarfare/vehicle/missiles/AmmoGrapeShot.java,3,net.minecraft.world.entity.Entity
src/main/java/net/shadowmage/ancientwarfare/vehicle/missiles/AmmoGrapeShot.java,5,net.minecraft.world.phys.HitResult
src/main/java/net/shadowmage/ancientwarfare/vehicle/missiles/AmmoGrapeShot.java,6,net.minecraft.world.level.Level
src/main/java/net/shadowmage/ancientwarfare/vehicle/missiles/AmmoHwachaRocket.java,3,net.minecraft.world.entity.Entity
src/main/java/net/shadowmage/ancientwarfare/vehicle/missiles/AmmoHwachaRocket.java,5,net.minecraft.world.phys.HitResult
src/main/java/net/shadowmage/ancientwarfare/vehicle/missiles/AmmoHwachaRocket.java,6,net.minecraft.world.level.Level
src/main/java/net/shadowmage/ancientwarfare/vehicle/missiles/AmmoHwachaRocketAirburst.java,3,net.minecraft.world.entity.Entity
src/main/java/net/shadowmage/ancientwarfare/vehicle/missiles/AmmoHwachaRocketAirburst.java,5,net.minecraft.world.phys.HitResult
src/main/java/net/shadowmage/ancientwarfare/vehicle/missiles/AmmoHwachaRocketAirburst.java,6,net.minecraft.world.level.Level
src/main/java/net/shadowmage/ancientwarfare/vehicle/missiles/AmmoHwachaRocketExplosive.java,3,net.minecraft.world.entity.Entity
src/main/java/net/shadowmage/ancientwarfare/vehicle/missiles/AmmoHwachaRocketExplosive.java,5,net.minecraft.world.phys.HitResult
src/main/java/net/shadowmage/ancientwarfare/vehicle/missiles/AmmoHwachaRocketExplosive.java,6,net.minecraft.world.phys.Vec3
src/main/java/net/shadowmage/ancientwarfare/vehicle/missiles/AmmoHwachaRocketExplosive.java,8,net.minecraft.world.level.Level
src/main/java/net/shadowmage/ancientwarfare/vehicle/missiles/AmmoHwachaRocketFlame.java,3,net.minecraft.world.entity.Entity
src/main/java/net/shadowmage/ancientwarfare/vehicle/missiles/AmmoHwachaRocketFlame.java,5,net.minecraft.world.phys.HitResult
src/main/java/net/shadowmage/ancientwarfare/vehicle/missiles/AmmoHwachaRocketFlame.java,6,net.minecraft.world.level.Level
src/main/java/net/shadowmage/ancientwarfare/vehicle/missiles/AmmoIronBallShot.java,3,net.minecraft.world.entity.Entity
src/main/java/net/shadowmage/ancientwarfare/vehicle/missiles/AmmoIronBallShot.java,5,net.minecraft.world.phys.HitResult
src/main/java/net/shadowmage/ancientwarfare/vehicle/missiles/AmmoIronBallShot.java,6,net.minecraft.world.level.Level
src/main/java/net/shadowmage/ancientwarfare/vehicle/missiles/AmmoIronShot.java,3,net.minecraft.world.entity.Entity
src/main/java/net/shadowmage/ancientwarfare/vehicle/missiles/AmmoIronShot.java,6,net.minecraft.world.phys.HitResult
src/main/java/net/shadowmage/ancientwarfare/vehicle/missiles/AmmoIronShot.java,7,net.minecraft.world.level.Level
src/main/java/net/shadowmage/ancientwarfare/vehicle/missiles/AmmoNapalmShot.java,3,net.minecraft.world.entity.Entity
src/main/java/net/shadowmage/ancientwarfare/vehicle/missiles/AmmoNapalmShot.java,6,net.minecraft.world.phys.HitResult
src/main/java/net/shadowmage/ancientwarfare/vehicle/missiles/AmmoNapalmShot.java,7,net.minecraft.world.level.Level
src/main/java/net/shadowmage/ancientwarfare/vehicle/missiles/AmmoPebbleShot.java,3,net.minecraft.world.entity.Entity
src/main/java/net/shadowmage/ancientwarfare/vehicle/missiles/AmmoPebbleShot.java,5,net.minecraft.world.phys.HitResult
src/main/java/net/shadowmage/ancientwarfare/vehicle/missiles/AmmoPebbleShot.java,6,net.minecraft.world.level.Level
src/main/java/net/shadowmage/ancientwarfare/vehicle/missiles/AmmoStoneShot.java,3,net.minecraft.world.entity.Entity
src/main/java/net/shadowmage/ancientwarfare/vehicle/missiles/AmmoStoneShot.java,6,net.minecraft.world.phys.HitResult
src/main/java/net/shadowmage/ancientwarfare/vehicle/missiles/AmmoStoneShot.java,7,net.minecraft.world.level.Level
src/main/java/net/shadowmage/ancientwarfare/vehicle/missiles/DamageType.java,3,net.minecraft.world.entity.Entity
src/main/java/net/shadowmage/ancientwarfare/vehicle/missiles/DamageType.java,4,net.minecraft.world.entity.LivingEntity
src/main/java/net/shadowmage/ancientwarfare/vehicle/missiles/DamageType.java,6,net.minecraft.util.text.ITextComponent
src/main/java/net/shadowmage/ancientwarfare/vehicle/missiles/DamageType.java,7,net.minecraft.util.text.TextComponentTranslation
src/main/java/net/shadowmage/ancientwarfare/vehicle/missiles/DamageType.java,8,net.minecraft.util.text.translation.I18n
src/main/java/net/shadowmage/ancientwarfare/vehicle/missiles/IAmmo.java,24,net.minecraft.world.entity.Entity
src/main/java/net/shadowmage/ancientwarfare/vehicle/missiles/IAmmo.java,26,net.minecraft.world.phys.HitResult
src/main/java/net/shadowmage/ancientwarfare/vehicle/missiles/IAmmo.java,27,net.minecraft.world.level.Level
src/main/java/net/shadowmage/ancientwarfare/vehicle/missiles/MissileBase.java,4,net.minecraft.world.level.block.Block
src/main/java/net/shadowmage/ancientwarfare/vehicle/missiles/MissileBase.java,5,net.minecraft.world.level.block.state.BlockState
src/main/java/net/shadowmage/ancientwarfare/vehicle/missiles/MissileBase.java,6,net.minecraft.world.entity.Entity
src/main/java/net/shadowmage/ancientwarfare/vehicle/missiles/MissileBase.java,7,net.minecraft.world.level.block.Blocks
src/main/java/net/shadowmage/ancientwarfare/vehicle/missiles/MissileBase.java,15,net.minecraft.world.phys.AABB
src/main/java/net/shadowmage/ancientwarfare/vehicle/missiles/MissileBase.java,18,net.minecraft.world.phys.HitResult
src/main/java/net/shadowmage/ancientwarfare/vehicle/missiles/MissileBase.java,19,net.minecraft.world.phys.Vec3
src/main/java/net/shadowmage/ancientwarfare/vehicle/missiles/MissileBase.java,20,net.minecraft.world.level.Level
src/main/java/net/shadowmage/ancientwarfare/vehicle/model/ModelArrow2.java,5,net.minecraft.world.entity.Entity
src/main/java/net/shadowmage/ancientwarfare/vehicle/model/ModelBallistaMobile.java,5,net.minecraft.world.entity.Entity
src/main/java/net/shadowmage/ancientwarfare/vehicle/model/ModelBallistaStand.java,5,net.minecraft.world.entity.Entity
src/main/java/net/shadowmage/ancientwarfare/vehicle/model/ModelBatteringRam.java,5,net.minecraft.world.entity.Entity
src/main/java/net/shadowmage/ancientwarfare/vehicle/model/ModelBoatBallista.java,5,net.minecraft.world.entity.Entity
src/main/java/net/shadowmage/ancientwarfare/vehicle/model/ModelBoatCatapult.java,5,net.minecraft.world.entity.Entity
src/main/java/net/shadowmage/ancientwarfare/vehicle/model/ModelBoatTransport.java,5,net.minecraft.world.entity.Entity
src/main/java/net/shadowmage/ancientwarfare/vehicle/model/ModelCannonMobileFixed.java,5,net.minecraft.world.entity.Entity
src/main/java/net/shadowmage/ancientwarfare/vehicle/model/ModelCannonStandFixed.java,5,net.minecraft.world.entity.Entity
src/main/java/net/shadowmage/ancientwarfare/vehicle/model/ModelCannonStandTurret.java,5,net.minecraft.world.entity.Entity
src/main/java/net/shadowmage/ancientwarfare/vehicle/model/ModelCatapultMobileFixed.java,5,net.minecraft.world.entity.Entity
src/main/java/net/shadowmage/ancientwarfare/vehicle/model/ModelCatapultMobileTurret.java,5,net.minecraft.world.entity.Entity
src/main/java/net/shadowmage/ancientwarfare/vehicle/model/ModelCatapultStandFixed.java,5,net.minecraft.world.entity.Entity
src/main/java/net/shadowmage/ancientwarfare/vehicle/model/ModelCatapultStandTurret.java,5,net.minecraft.world.entity.Entity
src/main/java/net/shadowmage/ancientwarfare/vehicle/model/ModelChestCart.java,5,net.minecraft.world.entity.Entity
src/main/java/net/shadowmage/ancientwarfare/vehicle/model/ModelHwacha.java,5,net.minecraft.world.entity.Entity
src/main/java/net/shadowmage/ancientwarfare/vehicle/model/ModelShot.java,5,net.minecraft.world.entity.Entity
src/main/java/net/shadowmage/ancientwarfare/vehicle/model/ModelTrebuchetMobileFixed.java,5,net.minecraft.world.entity.Entity
src/main/java/net/shadowmage/ancientwarfare/vehicle/model/ModelTrebuchetStandFixed.java,5,net.minecraft.world.entity.Entity
src/main/java/net/shadowmage/ancientwarfare/vehicle/model/ModelTrebuchetStandTurret.java,5,net.minecraft.world.entity.Entity
src/main/java/net/shadowmage/ancientwarfare/vehicle/network/PacketVehicleBase.java,4,net.minecraft.world.entity.Entity
src/main/java/net/shadowmage/ancientwarfare/vehicle/network/PacketVehicleBase.java,5,net.minecraft.world.entity.player.Player
src/main/java/net/shadowmage/ancientwarfare/vehicle/network/PacketVehicleBase.java,6,net.minecraft.world.level.Level
src/main/java/net/shadowmage/ancientwarfare/vehicle/pathing/Navigator.java,3,net.minecraft.world.level.block.Block
src/main/java/net/shadowmage/ancientwarfare/vehicle/pathing/Navigator.java,4,net.minecraft.block.BlockDoor
src/main/java/net/shadowmage/ancientwarfare/vehicle/pathing/Navigator.java,5,net.minecraft.block.BlockFenceGate
src/main/java/net/shadowmage/ancientwarfare/vehicle/pathing/Navigator.java,6,net.minecraft.block.material.Material
src/main/java/net/shadowmage/ancientwarfare/vehicle/pathing/Navigator.java,7,net.minecraft.world.level.block.state.BlockState
src/main/java/net/shadowmage/ancientwarfare/vehicle/pathing/Navigator.java,8,net.minecraft.world.entity.Entity
src/main/java/net/shadowmage/ancientwarfare/vehicle/pathing/Navigator.java,11,net.minecraft.world.phys.Vec3
src/main/java/net/shadowmage/ancientwarfare/vehicle/pathing/PathWorldAccess.java,3,net.minecraft.world.level.block.Block
src/main/java/net/shadowmage/ancientwarfare/vehicle/pathing/PathWorldAccess.java,4,net.minecraft.block.BlockDoor
src/main/java/net/shadowmage/ancientwarfare/vehicle/pathing/PathWorldAccess.java,5,net.minecraft.block.BlockFence
src/main/java/net/shadowmage/ancientwarfare/vehicle/pathing/PathWorldAccess.java,6,net.minecraft.block.BlockFenceGate
src/main/java/net/shadowmage/ancientwarfare/vehicle/pathing/PathWorldAccess.java,7,net.minecraft.block.BlockTrapDoor
src/main/java/net/shadowmage/ancientwarfare/vehicle/pathing/PathWorldAccess.java,8,net.minecraft.block.material.Material
src/main/java/net/shadowmage/ancientwarfare/vehicle/pathing/PathWorldAccess.java,9,net.minecraft.world.level.block.state.BlockState
src/main/java/net/shadowmage/ancientwarfare/vehicle/pathing/PathWorldAccess.java,10,net.minecraft.world.level.block.Blocks
src/main/java/net/shadowmage/ancientwarfare/vehicle/pathing/PathWorldAccess.java,11,net.minecraft.world.phys.AABB
src/main/java/net/shadowmage/ancientwarfare/vehicle/pathing/PathWorldAccess.java,13,net.minecraft.world.level.Level
src/main/java/net/shadowmage/ancientwarfare/vehicle/pathing/PathWorldAccessEntity.java,24,net.minecraft.world.entity.Entity
src/main/java/net/shadowmage/ancientwarfare/vehicle/pathing/PathWorldAccessEntity.java,25,net.minecraft.world.level.Level
src/main/java/net/shadowmage/ancientwarfare/vehicle/registry/AmmoRegistry.java,3,net.minecraft.world.item.Item
src/main/java/net/shadowmage/ancientwarfare/vehicle/registry/AmmoRegistry.java,4,net.minecraft.world.item.ItemStack
src/main/java/net/shadowmage/ancientwarfare/vehicle/registry/ArmorRegistry.java,3,net.minecraft.world.item.Item
src/main/java/net/shadowmage/ancientwarfare/vehicle/registry/ArmorRegistry.java,4,net.minecraft.world.item.ItemStack
src/main/java/net/shadowmage/ancientwarfare/vehicle/registry/SmeltingRecipeRegistry.java,3,net.minecraft.world.item.Items
src/main/java/net/shadowmage/ancientwarfare/vehicle/registry/SmeltingRecipeRegistry.java,4,net.minecraft.world.item.ItemStack
src/main/java/net/shadowmage/ancientwarfare/vehicle/registry/SmeltingRecipeRegistry.java,5,net.minecraft.item.crafting.FurnaceRecipes
src/main/java/net/shadowmage/ancientwarfare/vehicle/registry/SmeltingRecipeRegistry.java,6,net.minecraft.item.crafting.IRecipe
src/main/java/net/shadowmage/ancientwarfare/vehicle/registry/UpgradeRegistry.java,3,net.minecraft.world.item.Item
src/main/java/net/shadowmage/ancientwarfare/vehicle/registry/UpgradeRegistry.java,4,net.minecraft.world.item.ItemStack
src/main/java/net/shadowmage/ancientwarfare/vehicle/render/RenderOverlayAdvanced.java,5,net.minecraft.world.entity.player.Player
src/main/java/net/shadowmage/ancientwarfare/vehicle/render/RenderOverlayAdvanced.java,6,net.minecraft.world.phys.AABB
src/main/java/net/shadowmage/ancientwarfare/vehicle/render/RenderOverlayAdvanced.java,8,net.minecraft.world.phys.Vec3
